loan_idx,def_m,ead,rate_def,cltv_def,unemp_def,hpi_chg_def,age_def,outcome,res_m,recovery_cash,lag,true_fsd,true_legal,vol,realised_lgd
1125,9,1407306.3147464716,0.09986681606613357,0.9554837586953924,24.9,0.011588659730932704,3,sale_exec,34,869340.6280622904,25,0.391269666504038,0.05045057727293536,False,0.4978681834775365
15833,12,1514890.1768292347,0.10304582405944059,0.9101258758130821,24.9,0.015548651698734428,4,vol_sale,21,1468488.1864229322,9,0.024840214397880298,0.08496287178781442,True,0.10242980325789586
21380,13,1216857.228299393,0.09825577343179467,0.8710756529400842,24.9,0.02341340148092863,6,sale_exec,33,1163427.032031161,20,0.14724180104565898,0.051129410236807865,False,0.18778836165361434
15315,14,1786464.0021286437,0.08541872946614061,0.9225361556948266,24.9,0.055297246520374266,14,cured,15,,29,0.38044279072647674,0.06639254983654667,False,
18927,14,860936.7765208029,0.099181878745624,0.6894280910408453,24.9,0.04324937826338582,11,sale_exec,36,860936.7765208029,22,0.2651977717473767,0.05401687425928713,False,0.16563649848481676
3465,15,424763.01659856044,0.10852170234179066,0.8509123658280123,24.9,0.0553602211461417,14,vol_sale,28,397752.9481452074,13,0.14095380713313935,0.07372293573436137,True,0.1670128709255383
13703,16,1625317.4196594737,0.09048310323452853,0.9441798207046123,24.7,0.055430194577012815,14,sale_exec,44,1064719.288653721,28,0.3682369714776828,0.050558353053318024,False,0.46917728780676626
18274,16,755434.8517316848,0.09132939726487468,0.9394280056435995,24.7,0.05947750011372821,15,cured,17,,26,0.23569138240849002,0.04612729106515825,False,
7362,17,862919.4707433014,0.09022964486953497,0.8209849313235529,24.7,0.059554768357063415,15,sale_exec,42,791839.1739997513,25,0.2197088178691432,0.07458382037856867,False,0.23908855710929122
21715,17,594055.3642645039,0.09930823508430173,0.7690879080951372,24.7,0.059554768357063415,15,sale_exec,36,594055.3642645039,19,0.18557524602457687,0.04248238272839383,False,0.14494627862169907
5134,19,997434.279260289,0.09429007747096424,0.7585818591007634,24.7,0.06380828008273798,16,sale_exec,48,997434.279260289,29,0.11544350071551034,0.07499793794587187,False,0.20306097868936734
9305,19,774933.5495383646,0.09951895713783487,0.6486485269244776,24.7,0.05166324506877373,13,sale_exec,37,774933.5495383646,18,0.18107839717381705,0.057693664541585275,False,0.13814034559344512
21849,20,678031.2760689422,0.1000233697591479,0.896683270451572,24.7,0.06801512355683936,17,cured,22,,24,0.14692340206582732,0.04420754496493008,False,
3239,21,534091.0391906995,0.09864568471648799,0.8283734647198259,24.7,0.07637174891604892,19,vol_sale,36,534091.0391906995,15,0.006491934282635386,0.05963587943565743,True,0.11556216014831744
8616,21,323804.6252060028,0.09816129555125813,0.809606803464205,24.7,0.07225990573062546,18,sale_exec,49,323804.6252060028,28,0.1429027207579579,0.06313865476828132,False,0.20396434563668897
20387,21,572189.0470147473,0.09704490319513574,0.9111171868147452,24.7,0.08464279936148267,21,vol_sale,36,572189.0470147473,15,0.0011920767430158303,0.07734105429917315,True,0.11380499057534899
5200,22,738189.993560572,0.08619830520646142,0.9953410058948933,24.7,0.015952485903952374,4,sale_exec,47,560280.5989427123,25,0.22923508015088173,0.0467629355292018,False,0.36536256018259927
9808,22,1243357.1885773998,0.0972173881610035,0.9818160283409693,24.7,0.027909983224912116,7,cured,26,,19,0.2918525287479715,0.049657317963978986,False,
23820,22,1519550.9388416484,0.09816076054897639,0.8141967124609416,24.7,0.08067120882764645,20,cured,26,,22,0.2943480005156696,0.0567866213397895,False,
3250,23,1177459.5775143132,0.10118498225409203,0.813639447364709,24.7,0.04412087868413206,11,sale_exec,46,1086455.8111871316,23,0.21906206657157926,0.06851077897568654,False,0.23933571495927475
9043,23,1144824.1053451844,0.09982238700002719,0.786749703135264,24.7,0.08917012240756694,22,sale_exec,52,1144824.1053451844,29,0.18592687170211136,0.07130768516036595,False,0.21356058802844224
14431,24,976711.2107352425,0.09502044154132545,0.9811559878112419,24.7,0.02414594326264341,6,sale_exec,51,745229.2114793913,27,0.22442971799411096,0.06541020758149432,False,0.3833496816180182
15618,24,517957.6211892339,0.09558586709013284,0.9501486746505399,24.7,0.048333145133507616,12,cured,25,,18,0.08665819732784803,0.08295204815036943,False,
19008,24,1456638.8495921474,0.10203826862558403,0.7215258509473568,24.7,0.06873008514103196,17,sale_exec,51,1456638.8495921474,27,0.1777786188994932,0.07584310595082425,False,0.20436560043927976
19187,24,614353.7396872033,0.10996621816235096,0.7725269042355255,24.7,0.08938660998188053,22,sale_exec,50,463168.26908234955,26,0.39443398231156074,0.06434008300224192,False,0.4052746271879981
4737,25,1014178.0725097565,0.09507660493687464,0.9232061225602559,24.7,0.03635769211029194,9,sale_exec,43,734506.8291184694,18,0.27403934911934374,0.07340895820017329,False,0.37166850334761203
13377,25,1484272.4317317915,0.0881843739384683,1.0038613379784669,24.7,0.016194638828875618,4,sale_exec,53,772287.4352135838,28,0.42465840326480764,0.08286807006160309,False,0.5761324929303624
24116,25,1328206.8874827179,0.10710260026732332,0.9355473862279032,24.7,0.0979976568606451,24,cured,29,,15,0.21438684368690314,0.0725913965052356,True,
15315,26,1783280.8663465101,0.0904187294661406,0.8781208104203347,24.7,0.10669873038849009,26,cured,29,,23,0.11152872116377935,0.06173112333247277,False,
17798,26,846191.2396058034,0.10237101888961771,0.8108460227779687,24.7,0.012211969964694758,3,sale_exec,45,846191.2396058034,19,0.12324526307118283,0.05000162079506012,False,0.14904835743077616
3340,27,707781.2877139354,0.11280907875016366,0.7419616467160919,24.7,0.06943099210083314,17,sale_exec,50,707781.2877139354,23,0.2147713698377631,0.06817279012139613,False,0.19362583702375702
6169,27,558856.0933844133,0.09277719990542761,0.7560971681327933,24.7,0.09016613063287471,22,sale_exec,48,535548.842017736,21,0.2381862571938846,0.07283729448310894,False,0.18481124253402637
6315,27,749174.1967130317,0.0930167113709591,0.7244294440489736,24.7,0.0943466396225936,23,vol_sale,37,749174.1967130317,10,0.028328834307287568,0.05078058725135827,True,0.07430923684560964
17358,27,1828273.7831996605,0.09161191336803672,0.7635526791404378,24.7,0.0943466396225936,23,cured,28,,24,0.10156801191914244,0.06339637928972627,False,
69,28,702564.4033444664,0.10176636993507088,0.9302984417079784,25.1,0.06969298363904675,17,cured,30,,11,0.1086931966568947,0.07829143496338806,True,
9175,28,1657091.4701347658,0.09832916311352839,0.9340123084334524,25.1,0.06556425780119501,16,sale_exec,57,1397275.318804095,29,0.21367601990542878,0.04686444715919039,False,0.3344891380132239
12789,28,1344032.7316544424,0.09718029891426555,0.8501100297988965,25.1,0.02463403866165792,6,sale_exec,55,1053648.1342418098,27,0.3040698401416185,0.07442166770908701,False,0.3694678209950303
15448,28,694039.5903065613,0.1097373551222708,0.8929024605329371,25.1,0.053231557492378734,13,vol_sale,41,692865.3988921567,13,0.060369098856704474,0.049826954772773574,True,0.11311069835290821
19767,28,1666271.8066930769,0.10014031132347012,0.9326609599219394,25.1,0.036899751940724146,9,vol_sale,40,1528958.60894942,12,0.05652978608313224,0.08689551152608185,True,0.1694993842390834
29569,28,1057497.9526789438,0.09863643056306846,0.6645551577490665,25.1,0.057333524191943264,14,sale_exec,52,1057497.9526789438,24,0.18379648392598258,0.04019684675547167,False,0.17837115660490133
249,29,1060633.1773491595,0.09756616770736744,0.7198923087311978,25.1,0.04937464512591294,12,sale_exec,57,1060633.1773491595,28,0.19643144059460907,0.06159695849708545,False,0.20286713182544824
3775,29,1196330.5956444198,0.0915251096467206,0.7421154340638875,25.1,0.10339123558550023,25,sale_exec,58,1196330.5956444198,29,0.17042661678840149,0.04176147139387013,False,0.19775918203771214
13223,29,1225345.1438746091,0.11621206412869711,0.9602720590716781,25.1,0.04937464512591294,12,sale_exec,55,982828.6617987715,26,0.1920617959957154,0.07648351947054521,False,0.3757001060733238
14259,29,1143848.8692336336,0.101445870278888,0.621875600415339,25.1,0.10339123558550023,25,cured,35,,13,0.02005410668961831,0.07251983075144136,True,
22958,29,1659442.4740265433,0.0945873852231934,0.6895241807393698,25.1,0.12041373426723045,29,sale_exec,58,1659442.4740265433,29,0.1996192687420421,0.045024292458175914,False,0.20362890084719432
21639,30,1007549.248678595,0.10384254711103708,0.9434272400084756,25.1,0.07441357626987344,18,sale_exec,56,760105.6469624732,26,0.2700999460122696,0.05348904736254145,False,0.39700297573053855
9760,31,844560.6295019523,0.0986266444539853,0.8120623293488265,25.1,0.058005559744621404,14,sale_exec,60,803770.4318985327,29,0.2120765329386162,0.07371202903270563,False,0.2493955116569937
16654,31,550226.4818935852,0.09606701368059586,0.7815301250762906,25.1,0.04147552823139966,10,sale_exec,56,533485.3937949864,25,0.21202693771368827,0.07902816136967394,False,0.20565788171831478
18730,31,719787.6703219165,0.0991234279861374,0.8847889421028208,25.1,0.020719461755273283,5,sale_exec,50,472274.02518835966,19,0.3583741858774631,0.0794872912259853,False,0.4388110693895456
22998,31,784458.0322035841,0.09456442219799947,0.8232455658870276,25.1,0.02903305906646203,7,sale_exec,56,784458.0322035841,25,0.13081900844778965,0.06017007260637392,False,0.178182571025575
1128,32,553646.3421193339,0.09928160769003093,0.8712781867818741,25.1,0.07884809468198051,19,cured,37,,30,0.3311979334180239,0.061398955348308595,False,
8951,32,855893.5607728338,0.11250235232147227,0.6702908227507229,25.1,0.08303547092216168,20,sale_exec,55,855893.5607728338,23,0.28041583650862223,0.07181435911785258,False,0.19315604813267206
12506,32,830007.1691854607,0.09634385242285577,0.6985710049106697,25.1,0.10834892025800169,26,cured,35,,24,0.3494019194588019,0.041782977352432575,False,
18996,32,2185507.604352655,0.09141213819437921,0.5209856830863686,25.1,0.1168656895245932,28,sale_exec,59,2185507.604352655,27,0.13918953023660577,0.08666108332005366,False,0.18526948346742822
27312,32,1665392.0367750241,0.09409832547959092,0.8117179000556892,25.1,0.028930892370346406,7,sale_exec,53,1391364.6934426303,21,0.28659861232885553,0.06349911585764595,False,0.2909330149569571
3466,33,591923.0646446765,0.10428518433859565,0.8010941251511084,25.1,0.09142286359770013,22,cured,36,,27,0.18950496097975558,0.06404330776096928,False,
6306,33,1527037.469552112,0.08937035476042088,0.7355135664222151,25.1,0.11262129181800606,27,sale_exec,60,1527037.469552112,27,0.18420299469528564,0.07150743322030295,False,0.18154610172467445
7332,33,772124.9472931552,0.09708175981600449,0.9502978859989354,25.1,0.06628389617069064,16,sale_exec,53,614090.4738086588,20,0.19804197391405196,0.06454126359962097,False,0.32304877470883553
7653,33,1750408.8241589833,0.1225,0.8282045187155461,25.1,0.09564451945380603,23,sale_exec,55,1623105.7901452594,22,0.1870527338717448,0.08145392406957537,False,0.2584054923233021
26721,33,814871.9671382556,0.10100250731860014,0.7669531521644947,25.1,0.0998752122369051,24,sale_exec,51,814871.9671382556,18,0.18165657550032638,0.06225632319917125,False,0.14004027488195825
2607,34,1606667.2662222467,0.11127628382301015,0.9088029873899827,25.1,0.0912925366469497,22,sale_exec,59,1535493.2731529123,25,0.13039062169170995,0.04004827761647742,False,0.24123840931608564
6603,34,601015.7480097098,0.11174720334264443,0.7941673392974291,25.1,0.019928961409364065,5,vol_sale,48,601015.7480097098,14,0.031079080486131748,0.07541199198599165,True,0.12170122380295667
7931,34,619839.540908074,0.09841916008007828,0.9129315028526543,25.1,0.08286307019934136,20,sale_exec,62,527766.3160139733,28,0.22078765537332407,0.04704146181048151,False,0.3226147647138573
8967,34,373631.8188370464,0.10523812372733948,0.9183932775575124,25.1,0.03256865211982385,8,cured,37,,21,0.2304395246127136,0.08588685499116355,False,
13981,34,3311573.665274016,0.09388211789107248,0.8466096970756672,25.1,0.057753022230234485,14,cured,36,,19,0.18382420896732724,0.08891285037234602,False,
20166,34,1212886.6138278788,0.1020441818047905,0.7104299429121277,25.1,0.14274241633996376,34,vol_sale,49,1212886.6138278788,15,0.01601919265716761,0.0730953481002333,True,0.11928036430344724
29961,34,1177198.7837905432,0.11318636655715533,0.7687519550247541,25.1,0.061935920109572384,15,sale_exec,52,1177198.7837905432,18,0.12617359917206233,0.0795117969726013,False,0.15547745960639514
2428,35,878680.0749433367,0.0961124087953353,0.8274771183873103,25.1,0.11659137296534472,28,sale_exec,63,526566.3495432325,28,0.4636894645487329,0.08304652511609759,False,0.5206922854479769
17471,35,1269321.15111802,0.09773049101652924,0.8627012475994951,25.1,0.05320929843888411,13,cured,37,,10,0.0015909171991609187,0.055154618921115596,True,
19898,35,368487.60155426385,0.09542663468422037,0.9781844894587757,25.1,0.02365659547267107,6,vol_sale,44,342933.4643815198,9,0.006159005917645724,0.06292786374276237,True,0.1333824549436945
20571,35,267976.5250599238,0.10658662998782913,0.8963489649068381,25.1,0.04899826495578696,12,sale_exec,60,216864.12354334223,25,0.23469184121768394,0.07945900827832535,False,0.3512471765540438
23136,35,778899.2671185134,0.09463272437289154,0.689168951855533,25.1,0.10803995219623008,26,sale_exec,63,778899.2671185134,28,0.2568619413035263,0.05392198335047546,False,0.1974359237796548
27156,35,1298373.7088518073,0.09910890860528672,0.7890707225602683,25.1,0.0868207157012344,21,cured,42,,21,0.07011287577131436,0.07372503439983008,False,
772,36,982634.4048709468,0.09287614890606445,0.6523989060169617,25.1,0.10343331088974006,25,sale_exec,64,982634.4048709468,28,0.2304412051828028,0.04906034894436892,False,0.1941653283082566
9441,36,720170.8811572819,0.1143992258862657,0.9012277562169609,25.1,0.09917435650684969,24,sale_exec,65,559740.5940111189,29,0.2943506814440282,0.05008554132812388,False,0.40972713890084833
16323,36,1603116.6499774114,0.0977958940339164,0.8262360273654096,25.1,0.06960571289563688,17,vol_sale,46,1603116.6499774114,10,0.02228025400233059,0.06163309552116207,True,0.07795964466669447
22858,36,606230.0888372187,0.09563311830292409,0.8695078141188706,25.1,0.11197867250421889,27,sale_exec,63,521232.11886958743,27,0.22137921776490585,0.07957775538756923,False,0.30607109501532026
23079,36,1183190.5739273957,0.10517570586257136,0.8577076155749774,25.1,0.13350869712743152,32,cured,39,,26,0.3932532796506068,0.04053232492348201,False,
25222,36,534362.1124965234,0.09961838154451465,0.7765725889485652,25.1,0.014901530021862008,4,sale_exec,56,499814.85056603944,20,0.22321265529627082,0.08565511379370637,False,0.20719759585553665
3558,37,1290434.0575901705,0.10579845786665268,0.7662870752026631,25.1,0.07330060096128221,18,vol_sale,51,1290434.0575901705,14,0.12261064666218106,0.06680546484854298,True,0.11563958656531881
15810,37,420307.2576778922,0.11630867276653165,0.7574056517417758,25.1,0.08596904890866375,21,sale_exec,62,420307.2576778922,25,0.2287587236706931,0.04977537796602409,False,0.2142707313161193
15994,37,571851.7952418072,0.11263779266590587,0.7084012783381252,25.1,0.14178606632039092,34,cured,42,,19,0.3786846991123395,0.05433346955547986,False,
21522,37,1145326.6174455753,0.10681915900957495,0.7437699915560225,25.1,0.09445171031017652,23,sale_exec,60,1145326.6174455753,23,0.20252889159221368,0.05233596591642864,False,0.1843996828352642
22528,37,359338.2981604508,0.10653775811742591,0.8379915532584031,25.1,0.13742433417651134,33,cured,46,,27,0.1831250946628505,0.04565279597864694,False,
12149,38,639356.293284857,0.10626282274314339,0.8720150975005363,25.1,0.1456157251417023,35,cured,41,,23,0.18988350477475313,0.08825248752914652,False,
12423,38,943157.232321714,0.09022821833330812,0.5947933090199561,25.1,0.09812260520942506,24,vol_sale,53,943157.232321714,15,0.2341149482412309,0.07000211758417545,True,0.10628055163433991
14721,38,528503.434304434,0.11209809123753542,0.7200326291251364,25.1,0.0684123494863802,17,sale_exec,56,528503.434304434,18,0.24820162683175784,0.04040776034401788,False,0.15411056551509006
22269,38,1415726.1587668373,0.1034766090384753,0.9157238707313742,25.1,0.021823281025015406,6,vol_sale,48,1353880.334120147,10,0.042314674913738574,0.06999719647465047,True,0.12236864354048915
22595,38,629837.5905494025,0.12031892782048777,0.7240727584803845,25.1,0.055648067125855016,14,vol_sale,50,629837.5905494025,12,0.014911825503099897,0.04155614088598476,True,0.11283095675733057
203,39,450625.73476841423,0.10002152387159871,0.7851891099685413,25.1,0.0931566956227996,23,vol_sale,52,450625.73476841423,13,0.1628507490371546,0.040252965911151344,True,0.1022894242881407
7399,39,891916.6052962302,0.10321869195645586,0.643981505070804,25.1,0.07614875563681078,19,cured,47,,21,0.2846762503756896,0.0490836100364807,False,
16796,39,789768.2109222937,0.10381556915772627,0.7609281875872972,25.1,0.05908276583602001,15,sale_exec,68,789768.2109222937,29,0.20084841188489203,0.06794776877436601,False,0.22105013444371413
18161,39,2094762.2710873513,0.0885439805064228,0.9206697698544215,25.1,0.021211444818810543,6,cured,41,,20,0.37525813957351245,0.049389816554025134,False,
24349,39,1836155.1788249116,0.10222877471889626,0.8037099509323132,25.1,0.12320515460884573,30,vol_sale,54,1836155.1788249116,15,0.06936100678544374,0.04238172249119108,True,0.11948184444013277
28207,39,772111.1838629312,0.11160631448375459,0.8963064725836506,25.1,0.12753479274976987,31,sale_exec,66,681556.9152716633,27,0.1769581048117944,0.08121000694626526,False,0.31250618690186793
28260,39,396740.892351386,0.09520295933707675,0.834637350857222,25.1,0.1537505839643356,37,sale_exec,69,350286.59857431275,30,0.2645619225266697,0.05158546674227324,False,0.3034390412230822
1337,40,1499157.749428607,0.10396412605856378,0.6591380331993031,25.2,0.10088168125971597,25,sale_exec,61,1499157.749428607,21,0.16041009147518065,0.08208704667932201,False,0.16569281790461565
4294,40,1155953.433114896,0.09742852815904574,0.6658726508006788,25.2,0.062422132389617024,16,sale_exec,58,969724.7183070474,18,0.40478775866895206,0.06891482810345828,False,0.2747372268765117
7306,40,848354.5206284061,0.09590596036902391,0.7107250874784536,25.2,0.06670823105376655,17,cured,49,,21,0.09552518945496247,0.08445840916856735,False,
15889,40,316219.74348492984,0.09875460575222704,0.7164699170935163,25.2,0.040938724726296005,11,cured,46,,30,0.2165617186018408,0.05042365628187023,False,
16032,40,801629.3922877522,0.09318058811952123,0.763876479366169,25.2,0.04524183065762544,12,vol_sale,51,785723.85761294,11,0.17632735362007387,0.08348469393145264,True,0.09978946043352943
23119,40,763357.5570717001,0.10714331941119053,0.6258190764174104,25.2,0.14856266564454246,36,vol_sale,52,763357.5570717001,12,0.09356697278890548,0.05470588688271043,True,0.10117581163041156
12420,41,1000268.9775082589,0.10144177105821933,0.9292863382173877,25.2,0.06996424854824479,18,sale_exec,70,894691.1868804484,29,0.15259548184548763,0.06987134081800347,False,0.2992934979663755
14921,41,1092559.4359538625,0.09345028341670884,0.7349603155467302,25.2,0.10854264418726078,27,sale_exec,67,1092559.4359538625,26,0.12321506112370915,0.07443707175472766,False,0.18265278903289495
23014,41,3497310.366104765,0.1200807896909058,1.00250670341469,25.2,0.08711921685443502,22,cured,47,,9,0.0893950942951764,0.08831292548071093,True,
28021,41,1079263.939505917,0.09904445798411528,0.8500871342806705,25.2,0.03979699812931892,11,sale_exec,61,925830.935715734,20,0.2195210001138675,0.08270853765867427,False,0.2722076410940265
7265,42,1357524.4415071616,0.11113384263463179,0.9505209344782448,25.2,0.026736121777686472,8,cured,46,,11,0.0758831521005553,0.06461302189685639,True,
24909,42,348799.29476409475,0.10589590286248798,0.7711159166326664,25.2,0.16881281777305923,41,sale_exec,68,348799.29476409475,26,0.12333083691871909,0.07430673228999701,False,0.20422171615410567
15331,43,821792.6421615798,0.12084382310064691,0.5727215995910097,25.2,0.136997032599391,34,vol_sale,55,821792.6421615798,12,0.0002297848486764505,0.0627484029796784,True,0.11329187510942029
21957,43,792409.7184199289,0.11772934540731532,0.972732341751079,25.2,0.03773575568380405,11,cured,52,,13,0.004421591392568315,0.04094375244026134,True,
27526,43,461640.99472231197,0.10123673439852675,0.8003222014593936,25.2,0.17239619619343172,42,cured,51,,25,0.2010470920900094,0.059189900354297775,False,
28292,43,827933.1928186797,0.10169489679117338,0.7301259598511978,25.2,0.06775837714035227,18,sale_exec,68,827933.1928186797,25,0.16333937494357784,0.042466480694880494,False,0.19020299837698096
15753,44,983004.0966642618,0.09664906200524621,0.8090690183813007,25.2,0.17163139439043884,42,sale_exec,64,898702.8981767056,20,0.240317358624912,0.04952284066497173,False,0.22127501926275395
17820,44,1084961.843483817,0.0972846108914043,0.9314766672141594,25.2,0.01549798602455632,5,sale_exec,64,875831.6536037712,20,0.2199708437818051,0.05228731101790687,False,0.31313224935608697
21004,44,484436.48717607965,0.09513776424771522,0.9622483562276393,25.2,0.07115374475946123,19,sale_exec,66,361193.42034053965,22,0.24877128337922413,0.06142705847071723,False,0.37331056788984573
63,45,686705.5237475908,0.11102311807365091,0.8318024575225784,25.2,0.13557528230041638,34,vol_sale,54,686705.5237475908,9,0.029949872641806468,0.07997002463834108,True,0.07954255196072668
24804,45,1472744.895226738,0.12175123431512641,0.7927947070723868,25.2,0.12245460481127535,31,sale_exec,65,1472744.895226738,20,0.15550225269673837,0.0883901192842883,False,0.18282028091171476
28256,45,1420760.915153147,0.1180943862075343,0.836886104144283,25.2,0.08339205899194657,22,sale_exec,63,1337977.6686206844,18,0.18966651895962852,0.04525493580992304,False,0.21046327196335446
28429,45,725599.9566195934,0.10494892103200115,0.6733192051536993,25.2,0.10076231828836901,26,sale_exec,71,725599.9566195934,26,0.2877956469421398,0.08561232665188738,False,0.20260151526685477
4091,46,1047460.2254161695,0.10870345701431745,0.7800672756214939,25.2,0.16157604574651607,40,sale_exec,69,1047460.2254161695,23,0.13600085291873548,0.07622555721419197,False,0.1873138464368197
25759,46,916690.8472336752,0.11174243027617496,0.778419155776072,25.2,0.04399947609174237,13,cured,47,,13,0.019489805650839118,0.07220497079659993,True,
26631,46,1577700.4258818717,0.1225635659988809,0.7834194753190987,25.2,0.013010155157508807,4,sale_exec,69,1156348.396422292,23,0.39720177173570004,0.06528610837450068,False,0.4198236689274557
12960,47,1430904.8140036517,0.10990406318556732,0.8031408974923191,25.2,0.029252511304265427,9,sale_exec,69,1430904.8140036517,22,0.14703159069590596,0.06943008625803754,False,0.1817388048474865
12827,48,1813599.2535603647,0.10028018127887425,0.5871435667041054,25.2,0.12118019728055174,31,sale_exec,68,1813599.2535603647,20,0.35162071039509474,0.0666682148479433,False,0.15332567337531489
17269,48,1973715.3691201208,0.10490291718235537,0.740121560030028,25.2,0.04373575899632254,13,cured,49,,9,0.006444063026717907,0.06699240649392439,True,
17664,48,412034.8637936921,0.1191047516745491,0.7126688476459814,25.2,0.16095890440358884,40,sale_exec,67,412034.8637936921,19,0.21670478557175765,0.06698907070126303,False,0.17109754139253597
20588,48,955914.5531996595,0.11550078901220102,0.6399223619368798,25.2,0.12995287533078792,33,vol_sale,63,955914.5531996595,15,0.0905508972866981,0.07257205075174888,True,0.13383997279241622
29220,48,2706540.797191663,0.11756048720299887,0.6469012724782438,25.2,0.11243140010422636,29,sale_exec,72,2706540.797191663,24,0.21927846787568442,0.04456559402995858,False,0.2086197735204155
22676,49,1423106.466251492,0.10745791746549618,0.8648153017106165,25.2,0.051476775993492874,15,vol_sale,63,1423106.466251492,14,0.03784364400846068,0.05883323837170724,True,0.11733503339107143
28881,49,1033404.7372814188,0.10082341239792134,0.8145373157287035,25.2,0.04764783505343129,14,sale_exec,78,894459.6468480184,29,0.2820903078414717,0.06476533205900326,False,0.3209313777386005
1011,50,1746331.2363469093,0.10890102424473076,0.9958443423264924,25.2,0.024908635447763228,7,cured,54,,30,0.2826520572992761,0.059953846776058146,False,
2479,50,865021.6900957901,0.12920614869052424,0.8525241483226739,25.2,0.06358433731324098,18,sale_exec,69,744798.6278233047,19,0.2168035810001846,0.0780735984066997,False,0.29750963090071003
4392,50,379733.3708809622,0.11136814231611594,0.7876058560893121,25.2,0.08102308724622587,22,sale_exec,68,379733.3708809622,18,0.06255738275946549,0.05934695254040845,False,0.15319242770648112
16258,50,2392208.32124476,0.11143689274243776,0.8671204284201796,25.2,0.12972806896590328,33,sale_exec,73,2088680.229580562,23,0.21766156480070323,0.06122772555068677,False,0.2941032304948964
28573,50,1829687.9676734768,0.10657877479269515,0.7849657624617283,25.2,0.11207746173668887,29,cured,54,,9,0.018812845296289207,0.053560059758186625,True,
1877,51,1363146.4769776023,0.10606380088011254,0.9543458994506989,25.2,0.07638042426141034,21,sale_exec,76,976123.0941548325,25,0.2621929993072528,0.08879674328166026,False,0.4253290364966047
2362,51,816165.3771165328,0.10356227867518834,0.5996120289720366,25.2,0.11205537326048987,29,sale_exec,69,816165.3771165328,18,0.1831223503969439,0.0432694843195468,False,0.1433080943028957
21147,51,988292.5604898271,0.10903335758144636,0.8712255229204469,25.2,0.12536759191045221,32,sale_exec,80,875009.3978572623,29,0.21155351235439196,0.06792848564242981,False,0.3189036781083052
24960,51,564920.3796617882,0.11811915642422217,0.7924293254244238,25.2,0.17445941065062898,43,cured,60,,24,0.2133762635109947,0.04393982794241243,False,
25759,51,933002.8139566765,0.12174243027617496,0.7775890216485438,25.2,0.06371120371959127,18,cured,57,,22,0.13853201769606652,0.08424021616119838,False,
5552,52,1724874.4201626787,0.13017140124757404,0.8950377320945426,26.5,0.09871878143059787,26,sale_exec,74,1433251.1238869498,22,0.23736926158347013,0.0471461834034486,False,0.3446405048508564
11618,52,920073.049496829,0.10974163337753008,0.7350796264043667,26.5,0.10766767076728812,28,vol_sale,66,920073.049496829,14,0.2019487443962483,0.07618452337764803,True,0.11966258244015227
21764,52,435790.568047019,0.135,0.8835962784309475,26.5,0.07217608678084964,20,sale_exec,82,417218.7257801978,30,0.16157977355243253,0.04373113145523305,False,0.3155685973936344
27750,52,292042.2592864888,0.11713857990010933,0.8097393509869751,26.5,0.11660079308743021,30,sale_exec,80,292042.2592864888,28,0.11892312740975293,0.06303653176925833,False,0.2381441709645291
4127,53,1218939.8494842483,0.11781960308149271,0.9138454935551901,26.5,0.08531952922496333,23,sale_exec,73,1070275.8349503663,20,0.1753904498689251,0.0450717503515693,False,0.27781459460110125
4817,53,1009482.0797596576,0.12040843460524087,0.9066943892355823,26.5,0.08093719418880885,22,sale_exec,80,1009482.0797596576,27,0.07045771861097429,0.06399485528706012,False,0.23629126298379133
5422,53,1452845.959334892,0.13373859576081534,0.9164468967187759,26.5,0.10782874883119042,28,sale_exec,71,1021536.9860342196,18,0.2862444842804184,0.08852737747416009,False,0.4240383935562071
9226,53,1461351.9404274283,0.11209960030967342,0.7099052930115725,26.5,0.1796657624197604,44,sale_exec,80,1461351.9404274283,27,0.06049965677508726,0.07207589270661477,False,0.2220190912682306
11920,53,1088930.1446194581,0.1281786901196478,0.8802668014493887,26.5,0.012312248055711184,3,vol_sale,62,1072784.2493948112,9,0.049163775525532846,0.07897735469115777,True,0.10466966428538538
12557,53,299366.4933968325,0.1244829647757842,0.8971233231416723,26.5,0.11232010759482836,29,cured,56,,26,0.15656191875309083,0.08728650900802146,False,
13764,53,693865.6333941466,0.12526698266745784,0.8686402427115206,26.5,0.08531952922496333,23,sale_exec,83,524937.9445754569,30,0.31877872964974896,0.06970797005665222,False,0.4459733311121802
20823,53,960172.6996907187,0.10545503025817698,0.8505190824452434,26.5,0.1391781258027105,35,sale_exec,72,863847.4729257488,19,0.1948749241672624,0.06564993198102005,False,0.23811375540427315
668,54,825498.2854749546,0.11447293171465067,0.9673053707827949,26.5,0.04200229311624737,11,sale_exec,82,763875.7151728437,28,0.10018931557615383,0.04778636067691369,False,0.29065951418901326
10295,54,1499478.5368726633,0.12006272532622653,0.6607905483140024,26.5,0.15305848849379644,38,sale_exec,80,1499478.5368726633,26,0.11988581749339823,0.08773267884453814,False,0.2280559156005204
11031,54,1161036.127074939,0.10848786016925611,0.8048861390221982,26.5,0.08132303707124566,22,vol_sale,64,1161036.127074939,10,0.011057584820611407,0.06385573732393184,True,0.08606911579973886
17055,54,956583.7877035353,0.12551075673471088,0.7879787553120774,26.5,0.07717084815958808,21,cured,56,,18,0.138677508016633,0.08182799459828835,False,
20022,54,640108.9497699513,0.11076246465516916,0.5427339502663341,26.5,0.16658329828004592,41,sale_exec,82,640108.9497699513,28,0.30680394240890807,0.07757242847115353,False,0.22683305720442826
22486,54,184366.72952735046,0.11809651229154422,0.7827370679923943,26.5,0.12162416113098673,31,sale_exec,73,135525.4604878508,19,0.37666352167399775,0.07609042287061517,False,0.38972120351867234
24344,54,1006380.8715696078,0.12138001617539733,0.767253411098638,26.5,0.1485699288170932,37,sale_exec,82,1006380.8715696078,28,0.2034842485473066,0.060326446814487955,False,0.2455733623554851
28368,54,494843.74918536696,0.1128330241780712,0.7416986168360789,26.5,0.08132303707124566,22,sale_exec,77,491854.7754094807,23,0.22060266976039464,0.0896273185691975,False,0.19853297036226125
1934,55,728136.837079629,0.10960608380260754,0.5785174057256752,26.5,0.2315319323831626,55,sale_exec,75,728136.837079629,20,0.14886239472924687,0.05555493823746313,False,0.16627159360334687
5069,55,2880988.462178859,0.10925264115054986,0.9849933077246097,26.5,0.043110290697734976,11,vol_sale,70,2496004.3291217983,15,0.09639887549385898,0.05515146426903467,True,0.2437551969010634
14258,55,785380.1781350661,0.11726949024734258,0.7951245783304788,26.5,0.1943709954678836,47,cured,56,,24,0.3730885682130956,0.0625987730577121,False,
22773,55,1230273.243718154,0.10881401918145736,0.6529006804289322,26.5,0.1399389790951744,35,sale_exec,82,1230273.243718154,27,0.142822468678611,0.060847137947532465,False,0.21629935532238342
22874,55,438758.5358866392,0.11950201626676306,0.7577466788375554,26.5,0.15344746764553197,38,vol_sale,67,438758.5358866392,12,0.053456870509186884,0.06070250567775129,True,0.11211309817171922
23780,55,920812.9663633297,0.13342137514961602,0.8466364975721073,26.5,0.06628737687184327,18,sale_exec,78,920812.9663633297,23,0.11407547942168193,0.0408068891926218,False,0.22455104775881252
26107,55,859999.6908581498,0.10923608684545809,0.7567451608952588,26.5,0.12186137886670978,31,cured,56,,22,0.4162829844802186,0.07471397651422956,False,
28317,55,417640.9232499643,0.12014822116794775,0.630686625314462,26.5,0.2128212096792752,51,vol_sale,69,417640.9232499643,14,0.05661773400082254,0.0801010669873615,True,0.13018596535854277
29155,55,871909.9501203476,0.11132355844990599,0.8433457026087193,26.5,0.046427279803153976,12,sale_exec,84,794748.2991953754,29,0.1940831580349967,0.08948905436355267,False,0.30263922321556547
29561,55,459925.3767968375,0.10853803492713023,0.9743824066014557,26.5,0.039685737220308326,10,vol_sale,67,408348.6865527562,12,0.07742489941605799,0.05369690211058187,True,0.20307359067946973
2492,56,586827.3493404301,0.13477188372174514,0.6595488576629689,26.5,0.20397906458751125,49,sale_exec,76,586827.3493404301,20,0.1750279778974107,0.07629141769992706,False,0.20017939489368497
3372,56,1103200.257934056,0.10830472965694807,0.7414351999171642,26.5,0.14017271154565392,35,sale_exec,79,1103200.257934056,23,0.16804821226617356,0.08842284718396166,False,0.18669810169611978
4186,56,565239.4085597878,0.12385164993785946,0.5984907179940941,26.5,0.06716541800904019,18,vol_sale,70,565239.4085597878,14,0.1316456338019672,0.07693936297114719,True,0.13389837354144674
12779,56,4254378.576721745,0.1122471527336115,0.7126975906181858,26.5,0.07074479209445683,19,sale_exec,85,4254378.576721745,29,0.2156906406595368,0.08275828504418226,False,0.2366228850544747
13426,56,2486847.11244055,0.10936383278193458,0.7423816003019591,26.5,0.19936384033515098,48,vol_sale,69,2486847.11244055,13,0.06710159006575662,0.07272474751493013,True,0.11125139023020236
14907,56,1314442.0069227177,0.12203651232050303,0.5121707118233316,26.5,0.17187846901349246,42,vol_sale,65,1314442.0069227177,9,0.06720246699098151,0.06003929883836892,True,0.08704173581642882
24533,56,673663.6226495057,0.11653264042471798,0.8105301308515194,26.5,0.10377094084379457,27,sale_exec,86,651889.6743126558,30,0.1831870808056941,0.08920963011571477,False,0.2758680835783057
25247,56,671589.9964924142,0.11341113794576393,0.9076468725804919,26.5,0.05402325021453791,14,sale_exec,78,471158.65373087727,22,0.30810520529752483,0.0802209696281165,False,0.4295884689426196
325,57,1294204.9592489337,0.11369749975885288,0.6083508226629438,26.5,0.21357618091802255,51,vol_sale,66,1294204.9592489337,9,0.022869004507031773,0.07131113974522481,True,0.08136985003436747
6712,57,886728.7435361192,0.11299764924395017,0.7176122529868785,26.5,0.18585945867526554,45,cured,64,,19,0.42934304804351553,0.055201056944297625,False,
13222,57,545167.1063320718,0.11379459884014423,0.7632479895451816,26.5,0.19045429052256924,46,cured,64,,12,0.11787354946934438,0.053526012818843144,True,
20184,57,1480523.1949815939,0.11301683817600994,0.6336104062428232,26.5,0.0334568591127149,8,vol_sale,70,1480523.1949815939,13,0.12816238867781152,0.051068643735138336,True,0.11472943043812411
23135,57,713437.89723627,0.11273914228453016,0.8840213784363595,26.5,0.01259338476395122,3,sale_exec,79,499414.55148472247,22,0.32520291188714895,0.0818921883672673,False,0.43015018352954926
26533,57,798224.617181635,0.11489026704017959,0.5891065697459831,26.5,0.22290153697819193,53,sale_exec,83,798224.617181635,26,0.17592118288266098,0.05468065121429019,False,0.21944089713787618
27620,57,1127762.9069232938,0.10672373994154526,0.6251456505221806,26.5,0.11289342711466421,29,sale_exec,76,1127762.9069232938,19,0.28416848522071303,0.08807346082933858,False,0.15484248430774838
29443,57,906035.8991875873,0.12284737269035541,0.8264942114131709,26.5,0.11747182538060597,30,vol_sale,69,906035.8991875873,12,0.06357444376498997,0.08309759158923136,True,0.1150488382974999
307,58,1237736.6402484644,0.11919922640226235,0.970902091746413,26.5,0.0415290624022584,10,sale_exec,86,911281.8557537177,28,0.2298656481604927,0.08889451997599854,False,0.4417490521420393
2023,58,1514008.7674113375,0.10963919334755096,0.9269708923856974,26.5,0.04899563337242774,12,cured,60,,29,0.17966623352688701,0.06930011486883557,False,
2829,58,1503968.034557131,0.10381016720516881,0.627075116213484,26.5,0.06264322932215216,16,cured,67,,26,0.19771163490309662,0.07350917573987639,False,
2833,58,761133.5184774372,0.1153538096637952,0.8933204778306185,26.5,0.09515089166334012,25,vol_sale,70,761133.5184774372,12,0.004436678325003052,0.07495559577522667,True,0.10845815035230633
3071,58,1078918.383247224,0.11987576601686988,0.5323856475652917,26.5,0.20917243919102302,50,vol_sale,69,1078918.383247224,11,0.040322673448675767,0.08557297637027589,True,0.10357521252689239
3374,58,666907.182686277,0.11447906671949105,0.671404343824699,26.5,0.09515089166334012,25,sale_exec,86,666907.182686277,28,0.244547931479326,0.04381943802607407,False,0.23344722157956066
4915,58,768586.1380370139,0.10289725514118793,0.7162147047004477,26.5,0.04899563337242774,12,sale_exec,88,768586.1380370139,30,0.17462477782191474,0.0897621919392589,False,0.22597143608969206
5764,58,962391.0345028287,0.12799052089453303,0.691608214032152,26.5,0.17230524198783215,42,sale_exec,85,962391.0345028287,27,0.25920858470788904,0.060582416991823984,False,0.24907817946763666
6735,58,2112751.892973724,0.10977498756780221,0.8878037293271217,26.5,0.1219948564130946,31,sale_exec,78,1956791.9187989004,20,0.129839381927096,0.07084201486073745,False,0.22803147005759927
7208,58,1454526.671647801,0.10748354596041682,0.7533065781673037,26.5,0.021076781044226278,5,vol_sale,68,1454526.671647801,10,0.06589634453327692,0.06137742103537372,True,0.08531072825866515
7431,58,1667487.731506216,0.11059927250184254,0.7021412011747368,26.5,0.10819457130546062,28,cured,59,,23,0.21186830876502316,0.0787258890822155,False,
7880,58,1946123.8148360595,0.12523530859602375,0.6803962333036526,26.5,0.16318833373062636,40,sale_exec,86,1946123.8148360595,28,0.14858575866328141,0.04040049577130253,False,0.2522610989929528
8690,58,960979.8691761318,0.11582228036695077,0.6938609107737217,26.5,0.21382540752220147,51,vol_sale,69,960979.8691761318,11,0.006152854064779786,0.05782808508750063,True,0.10027068860740074
12910,58,1399978.381050516,0.10795417868329528,0.7494020741583495,26.5,0.07240366059317749,19,cured,66,,20,0.30049010131874243,0.05719885496418972,False,
17829,58,631830.7487723633,0.12177905000980582,0.9011126514755371,26.5,0.08708112646314947,23,sale_exec,84,491758.2206938801,26,0.2604093477142379,0.0708916829846323,False,0.40139848183798754
17839,58,1473606.3064958,0.11456009263566079,0.8378492956058053,26.5,0.15406586488770868,38,sale_exec,77,1097888.7044422028,19,0.3395690450230621,0.05443902435818891,False,0.3780217498871222
19305,58,901001.543738613,0.10459919950317555,0.7217736424670285,26.5,0.1677417596575923,41,sale_exec,84,901001.543738613,26,0.2157254664122931,0.07086237263873915,False,0.2020023073265378
21726,58,1448469.1329530312,0.11722634936148861,0.9368788713905222,26.5,0.07589287597140859,20,sale_exec,77,1314609.9290755054,19,0.11606342139287,0.0493453521173439,False,0.2454810574595503
22993,58,1592972.2821254658,0.10638737808237494,0.6011816828435128,26.5,0.15406586488770868,38,cured,61,,29,0.28513118958092903,0.04661569473634106,False,
25000,58,1755900.3222286312,0.11067947364579177,0.9637299923016546,26.5,0.04531479316775311,11,sale_exec,86,1658752.7535015908,28,0.07163600264525789,0.05740344835585098,False,0.2694694104534153
26229,58,1057248.3100751163,0.11441703665736211,0.7281868518528282,26.5,0.0415290624022584,10,sale_exec,84,1057248.3100751163,26,0.19463005731556787,0.08736419723909376,False,0.21864773619964228
27169,58,647452.5583049083,0.12338164127858894,0.7739735546767565,26.5,0.15862963313738643,39,sale_exec,85,647452.5583049083,27,0.1081153926046938,0.05283157282254096,False,0.24133217193304068
28010,58,663596.4316450866,0.135,0.8273980888861653,26.5,0.19527272225077752,47,sale_exec,84,663596.4316450866,26,0.09185903920370068,0.05071617484455482,False,0.25238483908192344
28098,58,1210878.6685256686,0.13019954502048275,0.8563612954738431,26.5,0.14492395054840546,36,sale_exec,84,1093837.0691884207,26,0.21471336488363557,0.045444040788793466,False,0.3176647135585201
29108,58,1430356.610783897,0.1088512008087657,0.6760572628670695,26.5,0.12658835240389488,32,sale_exec,88,1430356.610783897,30,0.16656306233613177,0.06304687097524797,False,0.2373081440955479
3648,59,466410.84485445713,0.11897485589893406,0.47667219360464336,26.5,0.21398628354261096,51,vol_sale,74,466410.84485445713,15,0.02062744078475174,0.08146178870141535,True,0.1375569544813251
8555,59,1298537.1030917752,0.10983174833148754,0.5982367231584407,26.5,0.21398628354261096,51,sale_exec,80,1298537.1030917752,21,0.12236762427851233,0.052573392337614995,False,0.17414106043585098
11424,59,641164.526415776,0.11867172326765611,0.8177855223105919,26.5,0.163242261191324,40,sale_exec,88,580277.4430666341,29,0.2541518594482932,0.04492595197797919,False,0.31965887817104466
13230,59,1859040.386453373,0.11825908424892537,0.7440420021421448,26.5,0.15407350641755269,38,vol_sale,70,1859040.386453373,11,0.017923071271928354,0.056600189837174554,True,0.10225883468886754
14893,59,1344732.1634852842,0.10767464254829759,0.9224964610512206,26.5,0.08379913339234801,22,sale_exec,88,1077459.1233878215,29,0.22173098901237134,0.07749596342770594,False,0.38161403319987064
16548,59,2198196.218548604,0.11275173293899697,0.7737764985177668,26.5,0.18616581517394226,45,sale_exec,84,1992710.9897294564,25,0.27456505148431926,0.05965074815407545,False,0.2824723950704775
18085,59,1265945.1222015058,0.10083959813165017,0.981871988139218,26.5,0.045675500603755914,11,sale_exec,87,935273.63233698,28,0.22934905504416017,0.07659313645631902,False,0.4155268267892406
20378,59,291872.29969678563,0.12019936473969592,0.8221361000219213,26.5,0.16781911045748288,41,sale_exec,84,270030.85398266226,25,0.19662597814417718,0.08186925341411459,False,0.278879948896143
20384,59,211151.87830378202,0.11735495190136896,0.6873038549932674,26.5,0.19539943410091154,47,sale_exec,81,211151.87830378202,22,0.19264123833798716,0.08525750769573301,False,0.1927367957190792
22649,59,1009516.3360471644,0.10488763778959653,0.7072917891388546,26.5,0.163242261191324,40,sale_exec,88,979780.883395367,29,0.29088212842529937,0.07373130723246267,False,0.2459335246211778
26053,59,608007.8432420077,0.10795140075615932,0.7705871560369414,26.5,0.172390664058359,42,cured,60,,11,0.041790648815981,0.0754503720471369,True,
27545,59,502672.14306460286,0.1097858303047299,0.8107678636699379,26.5,0.09539779111276192,25,sale_exec,86,416250.55537346017,27,0.29065358333200936,0.07843839546541742,False,0.352441265633195
28047,59,1317599.0005248387,0.10019462021923828,0.7091490071771754,26.5,0.16781911045748288,41,sale_exec,88,1317599.0005248387,29,0.21646048445038094,0.08112211744473011,False,0.21426188023336679
28169,59,896452.802489272,0.12761076757075937,0.8603383662403061,26.5,0.1264616375164318,32,vol_sale,74,847412.1023363653,15,0.14205428692519378,0.05297030449620824,True,0.19340193768817682
1517,60,345132.81795389915,0.10357500482207017,0.8110039131234543,26.5,0.1169618295531818,30,sale_exec,82,345132.81795389915,22,0.11717226939074825,0.04302121726474899,False,0.17227368001203092
3466,60,588374.8867299678,0.11678518433859565,0.7213999982481905,26.5,0.2047288817590167,49,cured,65,,26,0.20369480282601227,0.06908027208014061,False,
4791,60,907257.1487633634,0.12892128572005376,0.9528539816357716,26.5,0.09568134994258659,25,vol_sale,75,598187.4345017448,15,0.2944624993857214,0.0812803374822097,True,0.4383148860556534
7678,60,903574.5668273548,0.12635841958074523,0.5472310417524575,26.5,0.18618939817152236,45,sale_exec,79,903574.5668273548,19,0.1418303431383052,0.08401196688646966,False,0.18046772018673318
10392,60,644484.7876606908,0.10398307443561321,0.775307986957322,26.5,0.2047288817590167,49,sale_exec,84,599427.1295474115,24,0.25170703346227175,0.06068078437339411,False,0.2438738746214476
11620,60,788775.2574199864,0.11332837349034096,0.6784145598541995,26.5,0.18157969889981396,44,vol_sale,74,788775.2574199864,14,0.2656254595494006,0.047693470646204585,True,0.12330490111922687
12122,60,946352.9880965994,0.11664314696503986,0.8049193660186086,26.5,0.05729455114069837,14,sale_exec,86,946352.9880965994,26,0.13986299220567364,0.08565177877364966,False,0.22237154634756606
14149,60,378300.1772407665,0.10587365337399818,0.7856805878856611,26.5,0.03770173107674046,9,vol_sale,72,378300.1772407665,12,0.14190823330233748,0.0656687997356945,True,0.10004393290486635
17348,60,1225795.9206561474,0.13447236238418775,0.7958809425741451,26.5,0.06439183645031199,16,sale_exec,80,1055259.7776128866,20,0.26062660872762056,0.08216831189617674,False,0.31111267046289526
18071,60,279583.14417315356,0.11833116926343376,0.6683062149556543,26.5,0.10381495746554315,27,vol_sale,75,279583.14417315356,15,0.06449380154030122,0.0780718558670036,True,0.1368695460660566
23014,60,3612333.42986648,0.1325807896909058,0.9639425866172457,26.5,0.16779589822313912,41,cured,61,,24,0.30075174516260944,0.04525583002796556,False,
24347,60,748061.868850464,0.1123650190715195,0.7449030506033254,26.5,0.2187385635115262,52,cured,69,,21,0.22583131744037457,0.06599920007711366,False,
25253,60,1061157.9149086329,0.11721726094751923,0.781041415068289,26.5,0.09568134994258659,25,cured,65,,14,0.03214749862301259,0.04959460254901795,True,
25353,60,901798.2943046923,0.1275357740116239,0.7110880546321231,26.5,0.11245172830844186,29,vol_sale,73,901798.2943046923,13,0.10546114820068654,0.08480321529339323,True,0.12840875021552856
29438,60,662555.5790871994,0.11012796897325926,0.8615891534294715,26.5,0.13087129283815346,33,vol_sale,71,662555.5790871994,11,0.03481473543764092,0.08519092936090587,True,0.09560604654420468
29899,60,737825.6709956323,0.10925273442505315,0.7133037010657315,26.5,0.21405871061268456,51,sale_exec,83,656711.4474445547,23,0.3441040201860211,0.05126828004426509,False,0.2774122691342745
3982,61,432576.9697918502,0.10854483104502506,0.7473452733011448,26.5,0.07188536703932247,18,cured,65,,24,0.16559778131157973,0.07534553503420668,False,
6650,61,1957214.3464082237,0.135,0.8022113294065033,26.5,0.1305718271606462,33,cured,66,,12,0.08958453237709749,0.07308006858337143,True,
8245,61,486877.1983032831,0.10672687055732133,0.825203041006953,26.5,0.08857743998077061,23,vol_sale,73,486877.1983032831,12,0.07252836305217018,0.061794051743560924,True,0.1008047268954898
10472,61,373257.74854520394,0.11249668621306656,0.7455344451959707,26.5,0.24232742454372191,57,vol_sale,71,373257.74854520394,10,0.030882893301283052,0.06166157366161153,True,0.08908941638861656
14559,61,1242200.32317441,0.10805237200039626,0.6624153880195409,26.5,0.09600166958759249,25,vol_sale,75,1242200.32317441,14,0.07549055977050574,0.06042578911893895,True,0.11794153183484613
18830,61,1959365.3674369028,0.12034821642394633,0.6270168757231891,26.5,0.1305718271606462,33,sale_exec,80,1959365.3674369028,19,0.13065340217575805,0.06555210012439797,False,0.17271180500317052
19559,61,2613699.6660223245,0.10730100021572775,0.695302903625261,26.5,0.15842237726070274,39,sale_exec,90,2141116.780969147,29,0.4125606277679205,0.058506105939145334,False,0.36719782828455105
24700,61,823284.9117263537,0.11280191830279142,0.6435470095922874,26.5,0.17690209390477718,43,sale_exec,88,823284.9117263537,27,0.30049275809670295,0.06499929902047956,False,0.22323610244049907
27271,61,647577.9193821306,0.11671423274258401,0.6208633110775275,26.5,0.11673250952211789,30,sale_exec,83,628691.3444380534,22,0.36891948570382516,0.06574503388609665,False,0.21536834718772313
28773,61,703725.6657090854,0.12239606381787509,0.8932390671243853,26.5,0.07188536703932247,18,cured,66,,29,0.27344200543701114,0.08417374660238382,False,
29244,61,691249.7015205076,0.12366657076877068,0.7422614619436133,26.5,0.04169486980155246,10,sale_exec,82,691114.0299402322,21,0.2320540138451667,0.0523536896369393,False,0.19386595838712906
997,62,561307.29392375,0.11117217014603707,0.6444849171781938,26.5,0.1628029100030275,40,sale_exec,83,561307.29392375,21,0.06417994980331447,0.06350749492703388,False,0.17605840376647997
4069,62,1680075.781976213,0.1069189880134908,0.6435126530274978,26.5,0.1813525070339257,44,cured,65,,26,0.2677775945763568,0.07554834090366047,False,
5676,62,621601.974785811,0.10368444759483908,0.6182898961926261,26.5,0.26142639604493056,61,sale_exec,85,621601.974785811,23,0.09595439150441563,0.058916276282977756,False,0.17952750733400347
6349,62,869618.5254313708,0.11413730010545817,0.5559620954845425,26.5,0.26142639604493056,61,sale_exec,83,869618.5254313708,21,0.08404894200649833,0.05247402146160964,False,0.18028318578454672
8912,62,2467980.138190083,0.13072462316372324,0.7397813063048246,26.5,0.1906117835532366,46,cured,64,,28,0.26664716809980404,0.05458538290038503,False,
9399,62,1424784.140810968,0.12319639034047998,0.8589290867175429,26.5,0.06537659071737445,16,cured,67,,21,0.15235570240106638,0.08306615947837452,False,
10396,62,702635.8629583948,0.1284395561470511,0.8677118776549885,26.5,0.15350015767329617,38,sale_exec,92,590088.7537149866,30,0.2574510674498763,0.05020934036750811,False,0.38979387701749435
14970,62,666541.5022437356,0.11927247473085091,0.6888641635278001,26.5,0.21863346823142304,52,vol_sale,77,666541.5022437356,15,0.11317531553127654,0.04254244339129186,True,0.13787459133607594
15935,62,768785.9116635402,0.1097574124615614,0.6142572241960972,26.5,0.21393792051840155,51,sale_exec,81,768785.9116635402,19,0.16638396702687183,0.060230999024674055,False,0.15885619092944592
17327,62,908165.432390304,0.11705486810169878,0.6499639392369976,26.5,0.19525671971509095,47,sale_exec,82,814727.018993822,20,0.3965773162602813,0.04347656510662128,False,0.2611937108338108
18229,62,1272434.5657439365,0.10865852044289909,0.8417017591033946,26.5,0.08915015415508609,23,vol_sale,75,1272434.5657439365,13,0.07944214770231521,0.06828622118142604,True,0.11057816633113982
18440,62,509662.9964150036,0.1131984517545389,0.6775986314038673,26.5,0.2662636444608881,62,vol_sale,72,509662.9964150036,10,0.056561407823277406,0.0854779449888499,True,0.0896170053933597
22332,62,646377.2217995714,0.12192838811822669,0.6594649980625279,26.5,0.2566076263812769,60,vol_sale,76,646377.2217995714,14,0.015109580030991873,0.05153743707851924,True,0.13197257203539847
22466,62,744695.6708651999,0.12200418060144494,0.9242084613114866,26.5,0.037021761808757825,9,cured,64,,29,0.1614651548194691,0.04606733882288619,False,
27196,62,901386.4340973049,0.1257668997397003,0.7628802097475574,26.5,0.10014616065882342,26,sale_exec,85,835322.1825206237,23,0.260232636967688,0.06385965251889052,False,0.27087883673603186
28662,62,1052511.879459857,0.11502587205829568,0.7454662752848629,26.5,0.2662636444608881,62,sale_exec,87,1052511.879459857,25,0.1642594608504056,0.07486936720349921,False,0.2121881608461107
690,63,1257640.4666645583,0.11679322602717618,0.5564754784928418,26.5,0.26611236749298417,62,vol_sale,78,1257640.4666645583,15,0.0012958667457857133,0.06852379187070708,True,0.13522477213350836
2496,63,1229411.2564373442,0.10491423777668021,0.6843582913845694,26.5,0.18109393065925627,44,vol_sale,77,1229411.2564373442,14,0.010288743315626042,0.07542935335013473,True,0.11473476653551595
3542,63,632286.5014275009,0.10947009245200484,0.6469096966862846,26.5,0.22788355118426296,54,sale_exec,91,625595.018062194,28,0.3335270629665969,0.07552515412472405,False,0.23272619679523
7744,63,2895625.757498642,0.10656919935341247,0.6633631109952756,26.5,0.1343734430792234,34,sale_exec,89,2895625.757498642,26,0.11937754259659969,0.04533397931757611,False,0.205371586334668
11050,63,700656.3801904802,0.10573570377036776,0.8159207505218592,26.5,0.08976005612385607,23,cured,66,,10,0.025529280316276923,0.06650884583932745,True,
13304,63,494494.6140803066,0.11693838043708427,0.6083510845296732,26.5,0.26611236749298417,62,sale_exec,89,494494.6140803066,26,0.3130931215988788,0.05660142650816855,False,0.2228640233103094
22487,63,920459.4316533982,0.10508918716993779,0.8291340468624238,26.5,0.16245602174093188,40,sale_exec,90,842088.509449154,27,0.21780072922392718,0.057886775453621336,False,0.2770455981617306
24451,63,506902.5282969606,0.11082680121712167,0.7638792043785604,26.5,0.03202162444500578,8,sale_exec,84,506902.5282969606,21,0.1975934736493273,0.042100043805919064,False,0.1755648334333716
24620,63,2927098.9490320934,0.12205350568917911,0.6107755886374236,26.5,0.22788355118426296,54,vol_sale,77,2927098.9490320934,14,0.03803419758685415,0.06365155827082136,True,0.13209799424720015
25181,63,976977.9808738447,0.11837505325517214,0.7801168377612403,26.5,0.1343734430792234,34,sale_exec,83,915007.5576837033,20,0.2472182909319803,0.040159510184002954,False,0.23037877159058506
27336,63,956868.7595570592,0.10883972694005802,0.7119737491439498,26.5,0.24211307584814667,57,sale_exec,84,956868.7595570592,21,0.2470675548301931,0.05935699033633671,False,0.1727190607138528
29106,63,388293.26829897286,0.11609277907227405,0.685964679663697,26.5,0.22788355118426296,54,sale_exec,89,388293.26829897286,26,0.1897934172528233,0.06132933693486879,False,0.22145261597528043
29198,63,1045737.675450299,0.11473773838233965,0.9914405089687998,26.5,0.04951834329456872,12,sale_exec,90,771603.1842380926,27,0.23816128740209186,0.054467239069011,False,0.4293281593359045
29906,63,407791.12182958197,0.1098767703728142,0.5394996710262199,26.5,0.26611236749298417,62,vol_sale,74,407791.12182958197,11,0.06434877787450917,0.07987691778261227,True,0.095399664043328
689,64,1289931.3016922802,0.10978464326515959,0.6961071694990985,27.5,0.19939432887520425,48,cured,68,,23,0.2645520728934714,0.08856202564196873,False,
2274,64,1039348.18539094,0.10537695499829866,0.9017486915578922,27.5,0.10826138650342187,28,sale_exec,87,821094.9469284213,23,0.2589341451261836,0.04778393852389331,False,0.35390010628823554
4219,64,1938878.2034926591,0.10750552402045958,0.838579984308379,27.5,0.053347118671980054,13,sale_exec,86,1938878.2034926591,22,0.11097543499208466,0.07469104823864689,False,0.17816516815336692
16578,64,1601928.0709684868,0.10790874866311619,0.6452463599222011,27.5,0.17605928544121796,43,sale_exec,87,1601928.0709684868,23,0.06528543250652535,0.08085960827119347,False,0.18608611628666594
17054,64,905035.9607309503,0.1172334486016358,0.5969323093415791,27.5,0.19006675132208617,46,cured,73,,25,0.23594058741617888,0.0745810636876107,False,
17421,64,1603235.6599786335,0.12246612798494785,0.8427151738275835,27.5,0.02724862329986344,7,sale_exec,91,1419141.8399043316,27,0.22819573148259126,0.05808779224249272,False,0.32707658179224186
17464,64,1220400.186589705,0.10759629230700803,0.6050081722580257,27.5,0.19006675132208617,46,cured,70,,22,0.21721765713220575,0.07600513366563263,False,
17901,64,1744841.9917688537,0.12621481108638033,0.6509034688659902,27.5,0.19939432887520425,48,cured,66,,18,0.13240900039400663,0.08024727216238928,False,
18190,64,1299176.798140889,0.1177275476993035,0.7719681935443203,27.5,0.17605928544121796,43,sale_exec,92,1163316.0100564205,28,0.27809275553238394,0.07005996691461673,False,0.3187426589314929
26090,64,900304.8518287418,0.12744237102586262,0.7428045972856295,27.5,0.13380221849067997,34,vol_sale,76,900304.8518287418,12,0.00865668037964404,0.07158592374150882,True,0.11906408152625703
120,65,1432829.0359810179,0.11515318631713316,0.6663925712877812,27.5,0.17557548606642603,43,sale_exec,90,1432829.0359810179,25,0.14267844908482744,0.07992018218386468,False,0.21239510629631964
3300,65,1154391.140860294,0.11380727875655353,0.5191435292706518,27.5,0.09109197185299944,23,sale_exec,84,1154391.140860294,19,0.20655971102161164,0.05978065995052845,False,0.164183129099418
10539,65,235252.44856395878,0.11377795325429337,0.7498816379437986,27.5,0.27528228207106764,64,cured,73,,26,0.23608290472276253,0.08891391410933926,False,
12415,65,912049.4034265208,0.1062424478377677,0.9746277300155899,27.5,0.03516878933260381,9,sale_exec,93,788092.9569920875,28,0.10206555886720314,0.0859710839121133,False,0.32489442850755923
19787,65,718902.7628672979,0.1114025706042259,0.548547172333163,27.5,0.22253523993388002,53,sale_exec,86,718902.7628672979,21,0.12361021859339308,0.06319146904621249,False,0.17638749931370423
21323,65,696179.9696144654,0.11524255927026901,0.6330642097339956,27.5,0.16617054951380683,41,cured,74,,11,0.14131239813119464,0.05895433513439571,True,
21615,65,1698809.2686923451,0.10994024930012623,0.6701643432877068,27.5,0.10840159011660933,28,sale_exec,85,1698809.2686923451,20,0.13442637811618316,0.06883097060692757,False,0.1667315962777568
21831,65,1154579.8874749816,0.1177963944905151,0.7524107922488215,27.5,0.15203254160249902,38,cured,69,,20,0.29285963265123444,0.045390237365058976,False,
28568,65,869715.4196167382,0.11567199084335326,0.5976838926997952,27.5,0.08430909898629468,21,sale_exec,86,869715.4196167382,21,0.3165894513258959,0.050968858817651584,False,0.18246092802942526
4882,66,312545.0504279487,0.11810390181132108,0.8521533010207741,27.5,0.09158011985622339,23,sale_exec,91,214151.67265700072,25,0.37141492707046747,0.06916834770853983,False,0.46361922938688405
8029,66,784360.8970631562,0.1271497365846184,0.6882905417664507,27.5,0.14186192442989287,36,sale_exec,92,784360.8970631562,26,0.2638317034986027,0.07830348836861456,False,0.23969970500712645
9131,66,1203993.5572703956,0.10058249283884035,0.9228745932930428,27.5,0.09815851217516225,25,sale_exec,88,565033.9376258923,22,0.512893493789314,0.06637936487207088,False,0.609429267574854
10480,66,810827.0644823377,0.11460220640116343,0.560281385466217,27.5,0.12010704547340634,31,sale_exec,91,810827.0644823377,25,0.13183176423180287,0.07066449452040775,False,0.21149909792619492
13362,66,604163.0369677086,0.11360784915607623,0.6178461982583143,27.5,0.12010704547340634,31,vol_sale,79,604163.0369677086,13,0.0553123203470285,0.04111871305103732,True,0.11529075531451827
15188,66,1095031.9893043328,0.10777018385923112,0.5837228993614603,27.5,0.21735554082340247,52,vol_sale,79,1095031.9893043328,13,0.2056267744369372,0.04329212751036984,True,0.10972946338551648
15285,66,1667497.5966648257,0.10945292263209715,0.6518869334474738,27.5,0.24112335712101363,57,sale_exec,84,1667497.5966648257,18,0.24460270676761714,0.040931320831219045,False,0.150778438876782
17239,66,645733.3838924104,0.10167795228777446,0.8478712271131287,27.5,0.10857889187267777,28,cured,72,,28,0.1491594525552293,0.05387392918629243,False,
20307,66,1755321.4262460521,0.11064001619446874,0.6565971337008704,27.5,0.2700054110895025,63,sale_exec,95,1755321.4262460521,29,0.1967197581320139,0.06986513150776323,False,0.2336796165171402
23191,66,663009.7419894139,0.1089204443649215,0.9361772382142383,27.5,0.08454768291327341,21,sale_exec,94,489320.3759991991,28,0.28970061554347126,0.043448753380339176,False,0.4269449349874771
1338,67,1200202.8642624877,0.0983178221225196,0.9448335405463457,27.5,0.07287136630108249,18,sale_exec,93,938863.1685028095,26,0.23011377310474374,0.0521761884420794,False,0.36728180890226736
5881,67,2086677.2785281264,0.12196535864545874,0.8268442733801415,27.5,0.10881554660118242,28,sale_exec,97,2086677.2785281264,30,0.11261774617221562,0.04282479078948168,False,0.2616772950161569
14820,67,996449.6424807614,0.10963093058946517,0.6504013711790783,27.5,0.2842023604291364,66,sale_exec,96,996449.6424807614,29,0.1455941625645575,0.06751125068904971,False,0.23182560590705048
17087,67,852040.105607467,0.10723777335134653,0.5439694199135848,27.5,0.14582168494543524,37,sale_exec,87,852040.105607467,20,0.22501605216237308,0.06783322343551848,False,0.1630037940909681
19078,67,1260739.1582981828,0.11514658198123894,0.6641629909345441,27.5,0.1695857021233369,42,sale_exec,85,1260739.1582981828,18,0.09702507411598792,0.060474396958573595,False,0.15793364816373434
21119,67,961773.9696384529,0.10664271312351646,0.6841266373414269,27.5,0.1695857021233369,42,sale_exec,92,961773.9696384529,25,0.11894170672487854,0.0435143903897465,False,0.19843636751457738
21479,67,509399.04710896395,0.12835342538744582,0.5791507929276544,27.5,0.18379815613638706,45,vol_sale,76,509399.04710896395,9,0.05758451888516152,0.07655074904957207,True,0.09131236494577366
21732,67,2026247.6360053883,0.10364432498180194,0.8304045637265751,27.5,0.15533752683311586,39,sale_exec,95,1885929.1203419724,28,0.21601034969301544,0.04051616852597158,False,0.2684307420900526
24462,67,2880753.7050412847,0.1059045563714347,0.7195773554379122,27.5,0.21683794281583557,52,sale_exec,89,2839262.050766796,22,0.26562459574277075,0.049259759102838446,False,0.18764219259623705
25949,67,596562.171345027,0.10660268208329485,0.5835602861699163,27.5,0.20268267953527763,49,sale_exec,88,596562.171345027,21,0.19800869367791218,0.08455464385982214,False,0.16950297660640667
26821,67,391321.8357993402,0.12470866449214082,0.6233074859009945,27.5,0.23585644618827284,56,sale_exec,97,391321.8357993402,30,0.15773735508815706,0.042727846480771506,False,0.2666724188960683
4060,68,1160983.8114090029,0.11067754953517961,0.7529782916657077,27.5,0.1592899405148842,40,sale_exec,98,1160983.8114090029,30,0.07862985253704632,0.05690734317748163,False,0.24075113811553006
6839,68,757734.2604559459,0.10688317052735731,0.8308428340069364,27.5,0.0805767004011535,20,cured,75,,22,0.24987906309689478,0.06225881586389326,False,
8408,68,1367653.6787540198,0.10741799995975913,0.7001735230564178,27.5,0.21625576854132778,52,vol_sale,83,1367653.6787540198,15,0.014500660315174734,0.058321202582360086,True,0.12512572817460366
25652,68,501309.68287228333,0.12995934737394316,0.5935572088879056,27.5,0.27388428713663315,64,sale_exec,88,501309.68287228333,20,0.1989058285121099,0.08362128457626067,False,0.19380887356097531
4844,69,1021354.0526854349,0.10608603389821816,0.793693752700345,27.5,0.1357779805669086,35,sale_exec,99,798547.7235476017,30,0.33583756632129075,0.08054740807625299,False,0.3995881408559748
9009,69,861649.9398748216,0.11500783202339532,0.6769616519243592,27.5,0.28308409677772306,66,sale_exec,94,676558.8611146035,25,0.42580308883883317,0.07953992788600533,False,0.38139504433234206
11249,69,1252040.127879153,0.11510354993711461,0.8106322631519386,27.5,0.06739664263710221,17,vol_sale,80,1252040.127879153,11,0.03078469734476895,0.07496060211687057,True,0.09968337199770827
13112,69,2333413.6131313415,0.11748302597245003,0.727302752752341,27.5,0.12375175580193432,32,vol_sale,82,2333413.6131313415,13,0.025131423984811153,0.08105123643607356,True,0.1189618017095293
13907,69,1998984.79083472,0.12262567418542028,0.5038674876846355,27.5,0.07601918832000631,19,cured,78,,22,0.1954978154604457,0.07966638989965688,False,
15931,69,601683.4399367222,0.1139132328164421,0.6560868142932166,27.5,0.268435685430507,63,sale_exec,97,601683.4399367222,28,0.27342120128805075,0.06488398083915517,False,0.2324440424670129
20967,69,513694.71360017254,0.10688387258432638,0.815327915655868,27.5,0.0881636657296454,22,vol_sale,80,513694.71360017254,11,0.0959424753598327,0.07844339041212164,True,0.0929367695573684
25718,69,852469.1534959842,0.10151423918048565,0.7784790638970882,27.5,0.10946749550009272,28,sale_exec,97,826158.1674411925,28,0.21512545488794185,0.06560048458092543,False,0.234496175526673
26374,69,1555836.864086225,0.10131700639223999,0.7574570254464998,27.5,0.036863493592703245,10,cured,70,,9,0.0012531924672707301,0.08188764159469951,True,
19,70,915566.133411921,0.10294637489110597,0.5932537788693626,27.5,0.2629262805832815,62,sale_exec,94,915566.133411921,24,0.17664427118760875,0.07971231046701402,False,0.1853645818493126
7349,70,1442007.5277219894,0.10750263169545675,0.7332814286033238,27.5,0.12372176549581781,32,vol_sale,79,1442007.5277219894,9,0.00428994703574103,0.05356704084510641,True,0.07713098409505603
7601,70,862401.5498526193,0.11354036026892468,0.5095968435001865,27.5,0.2629262805832815,62,sale_exec,88,862401.5498526193,18,0.1686361337306034,0.07747272389045146,False,0.15592157960933717
11845,70,444743.97859673575,0.10810448629610625,0.6480853416955361,27.5,0.29724559926200667,69,vol_sale,79,444743.97859673575,9,0.08863649571837015,0.05924159492422419,True,0.07754375744635544
12714,70,1745672.7958818339,0.11182957924077537,0.8477232162641105,27.5,0.07532560864205884,19,cured,76,,30,0.2353163491197037,0.07034290014038565,False,
13590,70,989411.214246542,0.11027666320965823,0.7332761644567992,27.5,0.2101365907171553,51,sale_exec,100,913435.571171285,30,0.28690251850130094,0.07770079246445827,False,0.29835646605726196
14387,70,796120.111441753,0.1259890329847752,0.7500694129953378,27.5,0.2726561739700659,64,vol_sale,81,796120.111441753,11,0.06313847061600165,0.0858531847670348,True,0.10853391750363872
23208,70,1131055.6979437307,0.10589796585161854,0.9112492705782572,27.5,0.08783030630362898,22,cured,74,,28,0.18701799952795517,0.08438893223965449,False,
23765,70,679282.5745116064,0.10446618930937075,0.7339756106534157,27.5,0.2677860969318069,63,sale_exec,98,679282.5745116064,28,0.14756660088301835,0.0596012619127118,False,0.21549282072708575
1986,71,763922.5349158212,0.09953396297934444,0.6963583140575447,27.5,0.07446139041102073,19,sale_exec,90,763922.5349158212,19,0.13474261049952427,0.08844993224798575,False,0.14524931214362535
10609,71,1338180.7626253283,0.11621770372431639,0.7390786742401,27.5,0.11012057034586231,28,vol_sale,83,1338180.7626253283,12,0.0334333962143058,0.05737182348002088,True,0.10922066132410724
11659,71,2433369.6916821147,0.12094065248479267,0.778030965996254,27.5,0.22843678497170905,55,sale_exec,90,2290086.2376743145,19,0.2375501131226847,0.04186980320819532,False,0.2221475106456936
15747,71,216818.1948651989,0.1059556045063547,0.5882790623461039,27.5,0.2622037943107891,62,sale_exec,94,216818.1948651989,23,0.1948994881562778,0.07480449584081,False,0.1830605097577408
17866,71,609445.009947214,0.10262641308249988,0.7834077676343348,27.5,0.10660168479250465,27,cured,78,,22,0.20391699613621742,0.06305903136562213,False,
8986,72,1077392.5034102737,0.10525289321083253,0.8682475525620081,27.5,0.07342708047478652,19,cured,81,,25,0.17110788769248114,0.06029781665910183,False,
10473,72,2050758.7643089762,0.11612711935909058,0.99935690151628,27.5,0.05126969920618807,14,vol_sale,82,1635484.088567673,10,0.11467843670127648,0.06958678322702419,True,0.27572082945622156
16337,72,735043.9071211326,0.11680039844306711,0.6333053701901106,27.5,0.17951919521228388,45,sale_exec,98,735043.9071211326,26,0.3119904855200692,0.05400737895372502,False,0.2226338968026309
17362,72,1998644.2604863597,0.10866272067840081,0.7322790523143168,27.5,0.12042194364301317,31,cured,78,,24,0.23313427839385686,0.07211378682028369,False,
19017,72,819469.5054333507,0.12249461096942374,0.7609780037502407,27.5,0.0866433809593099,22,sale_exec,93,819469.5054333507,21,0.20319366175175269,0.044855423356456856,False,0.19206918480936686
23514,72,1154057.6819846428,0.11712405450557294,0.7348599661113601,27.5,0.1843481983608375,46,sale_exec,95,1096534.5964829482,23,0.27521995288724926,0.047787764214221755,False,0.24006974584819196
24610,72,786003.4676792041,0.10465035266027292,0.5583304257604824,27.5,0.2809597233090706,66,cured,73,,29,0.21393670453152708,0.06372833417471407,False,
5238,73,595491.6109330656,0.10564772740084014,0.5221672001109858,27.5,0.21710057786226367,53,sale_exec,102,595491.6109330656,29,0.2258352769985058,0.06900469387191241,False,0.22446176913162075
6019,73,668910.4591291248,0.10140929878509296,0.9277028319776548,27.5,0.027121906981837585,8,cured,75,,30,0.248529026973488,0.08473573673021519,False,
6390,73,330830.0343779542,0.11303992884880779,0.7413097816506822,27.5,0.13846355494227303,36,sale_exec,103,294449.3329881112,30,0.2938067918868017,0.08666555759181196,False,0.3281867549394407
10047,73,658084.4119701929,0.1151329991674609,0.6418147271328691,27.5,0.18812225232663948,47,sale_exec,94,658084.4119701929,21,0.29335093806355345,0.06408950981895786,False,0.18169678455339155
11827,73,266839.8051465272,0.1129844199845616,0.675818924300313,27.5,0.2074593350496483,51,sale_exec,93,266839.8051465272,20,0.14361251960022153,0.05687284210976443,False,0.17090986341487524
17331,73,784547.7332637759,0.10915687728832957,0.6312544800546399,27.5,0.12068446682222622,31,sale_exec,93,784547.7332637759,20,0.12212203118093495,0.04736708210655132,False,0.16565280857971532
18149,73,1229063.2512477988,0.11599758642974375,0.7986304147997563,27.5,0.10240955695906995,26,cured,78,,14,0.32674786460802685,0.07637367174179138,True,
19269,73,262326.377008876,0.10543231141249684,0.7432298212539646,27.5,0.16872380871514392,43,vol_sale,86,262326.377008876,13,0.19256895540899943,0.06539569612045122,True,0.10749172574173083
22737,73,545249.4477268432,0.10515625739147455,0.6897268916572213,27.5,0.2508378002332272,60,cured,76,,25,0.2916251984848588,0.08517864244494608,False,
25833,73,915704.5201728112,0.09999803172465688,0.7796070099096402,27.5,0.12399228966593956,32,sale_exec,93,915704.5201728112,20,0.12951390735946505,0.08340495501645001,False,0.15293072833512278
580,74,1179314.803877617,0.11923474595998902,0.6188644701286539,27.5,0.21608856232192153,53,sale_exec,97,1179314.803877617,23,0.10899144847476838,0.06577260641922382,False,0.2034021833005173
2438,74,1052792.4110511474,0.10310851510565273,0.6830618001272297,27.5,0.3039630071953954,71,sale_exec,96,1052792.4110511474,22,0.2527474267355483,0.08227732768724741,False,0.17157152926509545
4126,74,540663.4805947951,0.10794516245618069,0.7937388040051333,27.5,0.17239320067479014,44,sale_exec,96,518683.94036027696,22,0.17445415072787326,0.0887197988193956,False,0.2122047081409807
7376,74,465274.9827151114,0.10017025877156942,0.7394231884895237,27.5,0.10587074490987414,27,sale_exec,103,427330.0346426984,29,0.2973739680420833,0.052748028196070405,False,0.27829968245667547
7656,74,707688.8805589903,0.1086828057449597,0.7947629576198725,27.5,0.03780908155789797,11,vol_sale,86,707688.8805589903,12,0.008541129008698712,0.04402687225530866,True,0.10254616088610613
8074,74,562573.038795644,0.10856035578228534,0.6010981325429694,27.5,0.30896337266325014,72,sale_exec,102,562573.038795644,28,0.2532260636204479,0.08050872597160871,False,0.22288626538696843
14248,74,446489.8397591001,0.12156111019443998,0.7811753287542995,27.5,0.21608856232192153,53,vol_sale,89,446489.8397591001,15,0.05267138043918406,0.05042928774468963,True,0.1403129965449108
23413,74,669948.8692163898,0.10106854759493435,0.7755270139425167,27.5,0.10186570362563208,26,vol_sale,88,669948.8692163898,14,0.008288890636277779,0.08014604802163172,True,0.11078792812717153
23967,74,1990031.6845506546,0.10379020939654363,0.7689849017319482,27.5,0.04560337149418858,13,cured,78,,30,0.20572887997516062,0.04210179492546701,False,
28534,74,774884.1666946379,0.12050474988949299,0.8582285311830624,27.5,0.07104141421316124,19,sale_exec,98,674739.9958006969,24,0.22575868581246253,0.04220800923887093,False,0.314902116280666
29710,74,1004457.6875572993,0.09717478257855297,0.6280183771621661,27.5,0.29401950891389506,69,cured,80,,27,0.2522971599681889,0.08702540927489574,False,
6081,75,2050191.1905315844,0.10637319833636177,0.7868192648807887,27.5,0.04101869450287543,12,sale_exec,98,1650487.5088593208,23,0.31698404921099715,0.07074544149590486,False,0.3428519659664627
7787,75,843422.4406077693,0.1154872581912839,0.5951875778147928,27.5,0.14556989968975387,38,sale_exec,101,843422.4406077693,26,0.326278000168352,0.06977788030540523,False,0.220440295593606
11409,75,1154324.4454119622,0.1073920437428565,0.6756343734343442,27.5,0.2489068826851053,60,cured,80,,20,0.3216489940461528,0.05984979840991234,False,
15103,75,611853.0228741334,0.10615340552574389,0.45604333181639534,27.5,0.166656915534676,43,sale_exec,96,611853.0228741334,21,0.36180482211701137,0.05932994726550387,False,0.16885549692939672
15348,75,663189.6774628425,0.10019887471017329,0.47127010709582695,27.5,0.3029990804072711,71,sale_exec,102,663189.6774628425,27,0.2620140079297939,0.047940665579666975,False,0.2010935647309
16339,75,3431887.8758714315,0.10176526692627302,0.9595272794841194,27.5,0.044885891110323595,13,vol_sale,85,2668770.8490060084,10,0.16024389708129455,0.07796387088356152,True,0.28533353002237827
20388,75,1047431.0731914755,0.10584765187158915,0.8178400371882331,27.5,0.06549794975889989,18,vol_sale,87,1047431.0731914755,12,0.06196642368509954,0.08015195860793789,True,0.10002073702107528
21462,75,2628302.6334422594,0.11902828113665923,0.6072213914907454,27.5,0.09691058302138078,25,sale_exec,99,2628302.6334422594,24,0.2750205211079266,0.08127509744353639,False,0.21091692136714224
22684,75,2508904.783556901,0.10450327247356257,0.8423435170149369,27.5,0.14556989968975387,38,cured,80,,19,0.20572340040514323,0.06923365684020041,False,
26877,75,1580840.3979793275,0.10685749440114337,0.7053107027984138,27.5,0.12066950898882811,31,cured,84,,10,0.011070491450271154,0.049235269388314074,True,
2357,76,1107403.5761988007,0.10314756147395009,0.7925679834434569,27.2,0.12408271162935014,32,sale_exec,102,909984.9755722473,26,0.3181841929091441,0.050409884956988366,False,0.34221470061479087
6402,76,1416798.9737094997,0.09957100047135037,0.4355359361810479,27.2,0.1893971906172245,48,sale_exec,101,1416798.9737094997,25,0.2221622220101355,0.0501555993109029,False,0.1866418129583035
7741,76,859490.3453347634,0.10867822141988681,0.5966125582751695,27.2,0.25271065555083894,61,sale_exec,103,859490.3453347634,27,0.13271226493468155,0.05447516175519305,False,0.21606201410812764
8859,76,1011441.3391305087,0.10939967313130172,0.5648803610043571,27.2,0.1657166731594204,43,sale_exec,95,1011441.3391305087,19,0.1466944807835458,0.07990205874127088,False,0.158383928491876
10293,76,1461787.9280957906,0.1042165401258802,0.8250342159115001,27.2,0.040393818155447514,12,cured,79,,23,0.2603694475142817,0.051017537461085345,False,
10307,76,1289477.5270248204,0.10300531635851945,0.6184313204829056,27.2,0.28708517138579914,68,cured,80,,9,0.3963987443748274,0.07128848082134265,True,
10395,76,972462.3651947527,0.10899318543276508,0.7552811141969206,27.2,0.23328565190999417,57,vol_sale,89,972462.3651947527,13,0.004749205158417709,0.08267810398743514,True,0.11089767406125595
11211,76,1159187.5767229453,0.10442954349795716,0.7093585285800452,27.2,0.10863973436424468,28,cured,80,,22,0.19680197572092287,0.08621735663578477,False,
13633,76,462289.96738323226,0.1158816333874759,0.6059838919322991,27.2,0.2821428732993163,67,sale_exec,101,462289.96738323226,25,0.10580531712595072,0.08142227385522766,False,0.21357808817072343
14521,76,1246755.0262218574,0.10498573247624493,0.6590069606626137,27.2,0.3220609944742616,75,cured,81,,11,0.06572026715236098,0.046666572382679454,True,
14968,76,1078841.385562249,0.10252491228253824,0.6523375190134284,27.2,0.2920379526003578,69,sale_exec,103,1078841.385562249,27,0.1305987407490541,0.08349686415480134,False,0.2052289474608998
17859,76,2066009.8353840562,0.09816000376228562,0.6440852336737115,27.2,0.16135599950582846,42,sale_exec,104,2066009.8353840562,28,0.20443474027492994,0.08761593928489744,False,0.20396196571083425
17969,76,1154236.8072901291,0.10421478756151438,0.5543611033790229,27.2,0.14150372978462733,37,sale_exec,103,1154236.8072901291,27,0.20936394203805242,0.04197787746606956,False,0.20821939247233812
19465,76,1269443.056153966,0.11709290422957383,0.8961546394178808,27.2,0.07313988307846198,20,sale_exec,103,1069161.1369079035,27,0.20406315601933306,0.05998389307959233,False,0.35201378875355094
22080,76,565848.1271073103,0.0971484208764822,0.6640584897762587,27.2,0.317010594836481,74,sale_exec,96,565848.1271073103,20,0.14115095556588766,0.04310879814160807,False,0.148931063214212
25998,76,1705793.0693220699,0.10436350498905692,0.6301164347958481,27.2,0.25271065555083894,61,vol_sale,86,1705793.0693220699,10,0.007053854573110625,0.04898042538856785,True,0.08295027323832782
827,77,314360.5297028632,0.11058374341781844,0.7807158384193497,27.2,0.009164875349139567,3,sale_exec,96,314360.5297028632,19,0.15701716114717282,0.06352301177361018,False,0.15994598922682546
1538,77,886793.2961336658,0.1129697523883636,0.4390774937225416,27.2,0.2467122023890913,60,sale_exec,103,886793.2961336658,26,0.21493824442132778,0.08728649525914506,False,0.2162168076284695
2162,77,839520.8489140014,0.10861345998614963,0.5570988110839973,27.2,0.1237519970357166,32,sale_exec,106,839520.8489140014,29,0.2012156987851878,0.07267768925644903,False,0.22995149076411692
3356,77,1491729.6311805267,0.10532390494689717,0.7385993000015548,27.2,0.2467122023890913,60,vol_sale,89,1491729.6311805267,12,0.05764208459766606,0.04570122498652801,True,0.09955336558290084
6253,77,500750.30044788524,0.1251961443281774,0.8342329102938832,27.2,0.08544736468338021,23,sale_exec,103,405542.69832340174,26,0.27615533371443945,0.06889105088896219,False,0.38167091684570975
6325,77,564924.2472316184,0.10711167252266199,0.6239362944717949,27.2,0.3008904534045147,71,sale_exec,106,550507.3206732281,29,0.36201690684513815,0.06776197977205531,False,0.2468991816705115
7905,77,537269.8660544674,0.11791241268147137,0.7444357663845922,27.2,0.1831380382191532,47,cured,86,,23,0.28130773681114213,0.08917632291550018,False,
17076,77,863416.9524345411,0.10019952356257504,0.5482675588731135,27.2,0.2076759859936428,52,sale_exec,103,863416.9524345411,26,0.1153245524422835,0.05640152061099413,False,0.1944238940524743
17696,77,1276675.0922866764,0.11055922619940003,0.7124239763228477,27.2,0.19787159013492994,50,cured,81,,13,0.05144809323853256,0.08537697282453022,True,
21868,77,1408240.6077583337,0.10458529056185589,0.6768848236596723,27.2,0.26626476680172173,64,cured,82,,30,0.10540436107601943,0.056362020329098116,False,
24856,77,948951.6172556635,0.10433702909178857,1.0025566765281697,27.2,0.012333306976826108,4,sale_exec,105,810266.279912757,28,0.08670797587674291,0.07262600942247974,False,0.32994512110411456
24905,77,623512.2048696465,0.11547470278061422,0.7604598806663116,27.2,0.1831380382191532,47,sale_exec,104,623512.2048696465,27,0.1622736270166918,0.0650569257029961,False,0.22784961050683727
27135,77,1024255.7148308235,0.10596342024415956,0.816122981747743,27.2,0.0397897167632677,12,vol_sale,92,981452.8659448245,15,0.13925338574896323,0.08527213025111575,True,0.16017387000440397
5031,78,774557.0217510576,0.12457638942648094,0.7394631315881955,27.2,0.2308561774539264,57,sale_exec,108,774557.0217510576,30,0.16559190704655344,0.08670495269031303,False,0.2664323701793567
5627,78,2778443.310409105,0.11123688217151699,0.8217941245828967,27.2,0.042858769899625004,13,sale_exec,106,2643156.1095164027,28,0.17728860649512354,0.06612069145238464,False,0.2652861874836041
6562,78,1367811.4757120607,0.10305807755615337,0.7184283828809227,27.2,0.12324128817549229,32,vol_sale,93,1367811.4757120607,15,0.03499123925525223,0.0837299904883637,True,0.1203864084716072
8941,78,1457066.793267779,0.10870443698382107,0.9816595027951913,27.2,0.02861358200852382,9,cured,80,,21,0.15545953656550834,0.054509451304499565,False,
14678,78,595659.2300250542,0.127826581354018,0.7105522426019977,27.2,0.13437702738502888,35,sale_exec,99,595659.2300250542,21,0.17600046583647744,0.053604994537717165,False,0.19949578376542
14998,78,2495723.6707432973,0.1096874666547613,0.7875815008181305,27.2,0.1598993270986524,42,sale_exec,100,2408769.8208665103,22,0.19687314223605717,0.05859041551884506,False,0.20993713180262719
16133,78,688572.687912918,0.10455238089506287,0.7598427018058442,27.2,0.06237309836094873,18,cured,83,,26,0.26153021911379415,0.06089195145164085,False,
16206,78,760941.2388544034,0.10069747738238967,0.6993995245213884,27.2,0.10680795160774603,28,vol_sale,93,760941.2388544034,15,0.021295524826360705,0.05375806231953789,True,0.11780896961091292
17037,78,542972.8103097227,0.10801307782709607,0.744640564770598,27.2,0.14830608521811928,39,vol_sale,88,542972.8103097227,10,0.023015359985907268,0.040474550533514966,True,0.08571067976397284
17297,78,753912.2587745636,0.1014462660207171,0.7961963302816399,27.2,0.12324128817549229,32,cured,85,,10,0.0017186502735106344,0.08330410959699242,True,
18871,78,672475.4560866706,0.12727729188185133,0.8861034878962719,27.2,0.07953485028188334,22,cured,86,,27,0.21370276023817722,0.07507721876129578,False,
19189,78,914970.1225325504,0.1107277328200806,0.9021479017481232,27.2,0.02861358200852382,9,cured,85,,20,0.24359576185863827,0.07274299774192522,False,
22095,78,1020795.6452518625,0.10323987291565952,0.6499797819464634,27.2,0.1598993270986524,42,sale_exec,107,1020795.6452518625,29,0.07665048176984667,0.08114784202946514,False,0.2199749363396315
22517,78,793508.1055068598,0.10684218066000419,0.7476817681476988,27.2,0.18183878938003173,47,sale_exec,96,793508.1055068598,18,0.20592039567987389,0.055941011577238985,False,0.14747609103924253
22770,78,165449.3220591104,0.11002640600553576,0.943167762669742,27.2,0.05041175341239201,15,sale_exec,104,118724.90578736029,26,0.2513703379625842,0.08557381759816655,False,0.4339993947124583
24887,78,703965.8111609125,0.11291375136139857,0.5804920987984814,27.2,0.03561506576813955,11,sale_exec,98,703965.8111609125,20,0.1369510219617238,0.07807386164998464,False,0.17081311723620274
27562,78,1614773.4217649319,0.10063626851313048,0.9148034593230576,27.2,0.018556751002002603,6,vol_sale,87,1523772.13252144,9,0.037767621290387424,0.08092100501946946,True,0.12468214386132703
1448,79,1398759.2495648232,0.09692043834677062,0.651719751733052,27.2,0.16328390017188954,43,sale_exec,105,1398759.2495648232,26,0.1553278898264167,0.051295913902064255,False,0.18872710627092038
2355,79,2529252.7171562146,0.10426710392584672,0.5471268124063164,27.2,0.23935406381822943,59,vol_sale,88,2529252.7171562146,9,0.05734054144309712,0.07186336804638248,True,0.07490842352697846
7316,79,1774953.1772712155,0.10295448114726731,0.6119270583249281,27.2,0.254040639580571,62,sale_exec,97,1598554.7722702955,18,0.41193060292690575,0.05544721641345684,False,0.22775011797251743
9579,79,1486732.0808575917,0.11431773950507154,0.6674707776999889,27.2,0.2786518324062148,67,sale_exec,107,1486732.0808575917,28,0.2767214114257541,0.049929882626537685,False,0.233161339555791
10879,79,1782369.9344255053,0.09749985080059706,0.928045328194331,27.2,0.015096959266078347,5,vol_sale,92,1740171.1316858388,13,0.005994483237045512,0.07718850267452232,True,0.12116533286170905
12639,79,1061962.5031027882,0.12561073099204195,0.8064905339446076,27.2,0.12256603049932613,32,sale_exec,101,975687.0521825679,22,0.1922462474376846,0.08577820794220506,False,0.2693505033435095
13898,79,287815.8839067742,0.10972110089583935,0.664261480341104,27.2,0.1806186101342495,47,sale_exec,108,287815.8839067742,29,0.29401708290441925,0.0728164420450585,False,0.2319914660197464
14943,79,576357.8527499341,0.11566558530701984,0.6204624891723993,27.2,0.1411750790995625,37,sale_exec,102,576357.8527499341,23,0.22090976688972316,0.04846775881867048,False,0.1979872424359772
15643,79,706084.0067756557,0.10955061826290458,0.5325580988429005,27.2,0.1806186101342495,47,sale_exec,98,706084.0067756557,19,0.1770387858978229,0.05177674452262973,False,0.15858322972423766
15702,79,1474891.4019502918,0.11081150466686797,0.9079449435480533,27.2,0.03863697877726713,12,sale_exec,104,1177796.5004646035,25,0.24417492120506376,0.0413259142004018,False,0.3653851232020795
18904,79,1335752.5351602552,0.1074576549673342,0.6830034000908889,27.2,0.15927924034420182,42,sale_exec,99,1170283.9806460137,20,0.3531967468772466,0.06993683954012683,False,0.26695438869612265
18960,79,1050247.6760837561,0.10442599863943755,0.6999391128886492,27.2,0.148036983539942,39,vol_sale,92,1050247.6760837561,13,0.011272990297937501,0.08355886842243831,True,0.10652665081226198
19911,79,759228.13245406,0.11955110487195232,0.7169782124968525,27.2,0.12651889350716905,33,sale_exec,109,759228.13245406,30,0.15707778044712975,0.08893694296025102,False,0.25725223851428203
21049,79,717301.7563727523,0.10148980137366989,0.8119701948898926,27.2,0.10564327095210913,28,sale_exec,108,512645.60780821816,29,0.3691634980063054,0.07629290196083098,False,0.44018420587400076
23076,79,1435288.4181828655,0.10174990669762637,0.73603281328537,27.2,0.254040639580571,62,vol_sale,92,1435288.4181828655,13,0.008798914662688373,0.0873025456633991,True,0.1039547505851629
24842,79,740656.0207345579,0.10444937298311636,0.7020167295846795,27.2,0.21969990011464868,55,cured,86,,10,0.001108188475124704,0.05002258203662568,True,
26144,79,1155701.3139695933,0.10442164220949364,0.6508725650916205,27.2,0.19009277306920458,49,vol_sale,93,1155701.3139695933,14,0.026551167361277352,0.04453221146715624,True,0.11423026466147101
28149,79,411153.87031276687,0.11336502497089028,0.8492425716415384,27.2,0.14454338222776175,38,sale_exec,99,411153.87031276687,20,0.05891345788275258,0.06487152904437098,False,0.1714307123551726
4633,80,326547.5110059529,0.10879464581041323,0.44605132248918417,27.2,0.2429288014883093,60,vol_sale,93,326547.5110059529,13,0.2643035036932328,0.05199362359564573,True,0.1107081413821357
5092,80,1018129.6618930886,0.1181232819810966,0.6985291851034373,27.2,0.18402393387736304,48,sale_exec,105,1018129.6618930886,25,0.22016619722925287,0.048674017544280995,False,0.21720689651680536
7714,80,988601.8248930585,0.12214905042178045,0.5572216202649368,27.2,0.1626230137593896,43,sale_exec,110,988601.8248930585,30,0.2263041403719969,0.04536973123042018,False,0.2620128642613
8500,80,785477.8115734454,0.10550795830855061,0.6008228153906965,27.2,0.23800838807767466,59,sale_exec,107,785477.8115734454,27,0.21009381404892133,0.07262579993721324,False,0.2104999366085809
10095,80,971526.5930618051,0.0968617210431313,0.5103728689807362,27.2,0.27243474585493566,66,vol_sale,95,971526.5930618051,15,0.04517964747149284,0.05632369780613508,True,0.11360367515806946
13435,80,743411.2774958982,0.12032103130495375,0.6065941061404136,27.2,0.09034678546994068,25,sale_exec,105,629339.599387217,25,0.4633514852387491,0.045373793310376005,False,0.34031898348979384
15229,80,3077215.0126489974,0.10072840167235084,0.9356332013189526,27.2,0.08580776889440855,24,sale_exec,103,1808649.4487754782,23,0.39400029420645083,0.062499129931104305,False,0.5150461531111111
19316,80,469886.9150361795,0.11645159570211507,0.7185181576560705,27.2,0.12172667837536455,32,sale_exec,108,466109.11897428846,28,0.24961075448512673,0.06823597649034455,False,0.2430686539413126
19942,80,2030512.8602227506,0.10144871395322126,0.9124269243583872,27.2,0.09034678546994068,25,sale_exec,100,1577371.9309982164,20,0.22848610864598146,0.06715000964578488,False,0.34354343951815736
20901,80,1665723.9887036732,0.09630916321600956,0.6760925288354779,27.2,0.25765773855574925,63,sale_exec,103,1665723.9887036732,23,0.25039565027618194,0.05593399204603957,False,0.1679441844135401
26714,80,704689.9283249013,0.10152597228852789,0.6039850175132456,27.2,0.24784397935936986,61,sale_exec,107,704689.9283249013,27,0.16588772806354665,0.05113784096883475,False,0.2034556925011387
27369,80,566245.6281962127,0.10886993793649517,0.5994962888993272,27.2,0.31734402905063575,75,cured,83,,26,0.2174208475861177,0.08610973686359116,False,
27904,80,968784.3363809002,0.10634867988544003,0.7337597265213897,27.2,0.11323934768386024,30,sale_exec,109,968784.3363809002,29,0.0675895683225913,0.059525678608566904,False,0.2257629108899919
1222,81,501486.0283213838,0.10787041224752274,0.5277042656218631,27.2,0.21679439131254585,55,sale_exec,107,501486.0283213838,26,0.06343065960579714,0.06629404541549767,False,0.20758893878670548
8918,81,1015578.5034953895,0.11430883005186032,0.6508232351194335,27.2,0.19209482811280343,50,sale_exec,102,1015578.5034953895,21,0.2563502122307049,0.07530914767416198,False,0.18052688995285082
9676,81,1705965.2473147004,0.10610574714610024,0.6961044121306852,27.2,0.07159240960995605,21,cured,84,,12,0.12010959932381919,0.0650851159246063,True,
12504,81,583575.7042153426,0.10530609487334155,0.761810032674946,27.2,0.22175176228200222,56,cured,82,,18,0.2572079533976364,0.040159051950162436,False,
14501,81,601758.3130371564,0.09308895997554854,0.6725202392024823,27.2,0.14422119127182298,38,cured,82,,14,0.0029909318210058294,0.07950198879906313,True,
14661,81,1435346.2548247657,0.12050450611352226,0.8608933485345217,27.2,0.051908735117395466,16,vol_sale,93,1009424.011312335,12,0.33178227943575594,0.05765365181653003,True,0.37620263639411866
16180,81,1066525.902315408,0.09582424277244839,0.8049644157784654,27.2,0.15111682427109474,40,cured,90,,27,0.14485108089470877,0.04793586870785251,False,
16635,81,874683.7251060804,0.10010318914658539,0.5207754107852974,27.2,0.2959718676039853,71,cured,82,,23,0.16180571141305006,0.06071688717859355,False,
17329,81,979184.0915689745,0.11294940284455667,0.8124530360346559,27.2,0.15111682427109474,40,sale_exec,110,744514.2473741213,29,0.3404231722736956,0.06558785976308402,False,0.4205478099234209
21023,81,641659.859059932,0.12133755771791926,0.8137560437591148,27.2,0.10746663466351825,29,cured,87,,27,0.22660673705029802,0.041349843436594404,False,
21861,81,3403775.6172370603,0.10691514310735538,0.8867510547226938,27.2,0.10746663466351825,29,cured,86,,18,0.2953673847989697,0.08337478793021949,False,
22161,81,1072468.1189444885,0.10499638781169912,0.49621009791623066,27.2,0.32109939467855475,76,sale_exec,100,1072468.1189444885,19,0.2549731349337115,0.05308586134822488,False,0.15254810444809308
22621,81,717133.8592209342,0.10051573401162604,0.6614445499907815,27.2,0.11199329846094708,30,sale_exec,106,717133.8592209342,25,0.23583420851601739,0.0519229031789846,False,0.18822787610162006
22762,81,846298.3146625169,0.10482174934074641,0.6719520266548783,27.2,0.3160526684441045,75,sale_exec,108,846298.3146625169,27,0.07809736329316551,0.041808774711067226,False,0.20929063671903236
22963,81,1204225.6961817094,0.09788886666978994,0.970293585523812,27.2,0.027395822441926176,9,sale_exec,109,693612.9655457302,28,0.3741809415520004,0.07852777160754312,False,0.541208183470246
24489,81,2056112.315399219,0.09953675422594628,0.6786256772109907,27.2,0.21679439131254585,55,cured,84,,26,0.31291623870664803,0.08404711400757583,False,
25594,81,1205000.730804779,0.11454144464327795,0.644507216083915,27.2,0.088903091819865,25,sale_exec,101,1205000.730804779,20,0.17938722485318975,0.07598625377496446,False,0.17303844387302447
26241,81,331418.5131875244,0.12382732619666216,0.7772636604852853,27.2,0.22175176228200222,56,sale_exec,108,293801.12340774154,27,0.25938345747956676,0.07805728549811877,False,0.32811137470874585
26255,81,865013.4652410384,0.09992045252323895,0.8707776645963649,27.2,0.014688866745110385,5,sale_exec,100,760237.8996449119,19,0.15725137481185983,0.0843851540550844,False,0.2492375638025871
26417,81,833726.6285025704,0.11176875699400443,0.4293126459732716,27.2,0.24647203089241843,61,vol_sale,90,833726.6285025704,9,0.21805478597756164,0.06379418826722578,True,0.08005242292420156
28262,81,853203.116200559,0.10720669686926232,0.8870904021863837,27.2,0.037539926982924854,12,sale_exec,102,799683.4796588651,21,0.12869819247693973,0.04407501733870519,False,0.22241340609312665
1242,82,1687743.0894657406,0.1112239081097399,0.8465346957686164,27.2,0.054872016570204574,17,sale_exec,106,1351617.1648471602,24,0.2613775727222188,0.0758006535562242,False,0.35822253094182166
3049,82,767439.2847866016,0.10875775580231306,0.6326490112553518,27.2,0.04754486834537497,15,sale_exec,111,722635.0487376637,29,0.3629796215303694,0.0825808538772399,False,0.2751585946992773
4220,82,905031.241276433,0.10963110909557194,0.7150095277337967,27.2,0.1907442078320225,50,vol_sale,92,905031.241276433,10,0.02215903901059234,0.0559570932905667,True,0.08693157536864793
4605,82,945301.7131829949,0.12928075665396113,0.9940259467174494,27.2,0.04046273075813467,13,vol_sale,96,850024.8205184304,14,0.025213910956749647,0.06599732279713776,True,0.22605887609614939
9100,82,854591.9970027779,0.11668174457177079,0.8168947430570811,27.2,0.13219373915684884,35,cured,85,,25,0.3855615180750783,0.047061562512299204,False,
13620,82,1759012.2999259061,0.10664270607172699,0.8865727622085992,27.2,0.10594124014389283,29,sale_exec,107,1465548.6998262245,25,0.2148998377813662,0.05860963524928192,False,0.33216467186006005
14563,82,1141657.6498334762,0.11616918476060836,0.9097172697997915,27.2,0.04754486834537497,15,cured,83,,13,0.03793620962118676,0.0661806600753084,True,
16028,82,1379827.3512509484,0.10583859631181199,0.6135327886594502,27.2,0.054872016570204574,17,vol_sale,91,1379827.3512509484,9,0.07883986312620185,0.0840358139677124,True,0.07598866075359978
16666,82,731894.8029901764,0.10986950662726121,0.7523295652509885,27.2,0.1907442078320225,50,sale_exec,108,731894.8029901764,26,0.1141722101557586,0.06342633845837242,False,0.21098301668440556
17032,82,1769727.3506361009,0.1012623513053128,0.856776860828595,27.2,0.05117755520460632,16,sale_exec,104,1400493.801403954,22,0.27270721169633055,0.05780690943794522,False,0.34220985836360285
22482,82,1644117.1234950619,0.10616053869038226,0.6939718554593536,27.2,0.12388089416338999,33,cured,90,,21,0.19647260613906314,0.06658184852820997,False,
26863,82,798706.7855207686,0.12140818628142483,0.6515528265437528,27.2,0.30967003830911133,74,cured,85,,12,0.22632928906578453,0.07802468034208819,True,
26942,82,697593.2551275019,0.10894795652614808,0.5493486938700732,27.2,0.2647959426937472,65,vol_sale,92,697593.2551275019,10,0.00837621147734759,0.04999582933918131,True,0.08641631720899878
1987,83,1060229.0365018663,0.10892679124794327,0.6960140950204966,27.2,0.21862938591281744,56,cured,89,,26,0.2710884609431846,0.0828833534752218,False,
3596,83,2738003.3657189957,0.10350482229651466,0.9990040089594808,27.2,0.014334978291023814,5,sale_exec,103,2112726.4255199404,20,0.17138904640388894,0.054093563605521595,False,0.3501527931477676
7876,83,866947.3375799399,0.11673110673691334,0.6435547973861507,27.2,0.1765264587723847,47,vol_sale,93,866947.3375799399,10,0.000838735802092459,0.04466885467055276,True,0.09226776395507141
10780,83,1933491.2919638029,0.11205420571744704,0.8235791424987368,27.2,0.03649849231056379,12,sale_exec,102,1692185.9058726067,19,0.2130315030137087,0.0741938856584478,False,0.26648125254418464
12205,83,903833.0498881126,0.11610135817306616,0.8957715486493442,27.2,0.06546938309419481,20,vol_sale,96,903833.0498881126,13,0.02155405636605435,0.07204475075878934,True,0.1176548004629977
12887,83,1596530.7319619197,0.10801756004560592,0.64306858424581,27.2,0.057808127726740155,18,vol_sale,98,1596530.7319619197,15,0.1612565376024163,0.0433309193769804,True,0.12577532821721815
18593,83,3558992.2475078623,0.10703596224627146,0.864762615871712,27.2,0.10901949642773756,30,sale_exec,111,3437214.854719435,28,0.13523040445983384,0.04857279906589507,False,0.2468261734607038
21995,83,1023443.4748356628,0.12492397043693046,0.4840431456906593,27.2,0.23358468559126355,59,sale_exec,113,1023443.4748356628,30,0.2037649322534308,0.07102577514891092,False,0.2670629759202837
22150,83,2871739.8285686234,0.0993576483524111,1.0119089658157225,27.2,0.011383771922347075,4,sale_exec,103,2008496.3887032208,20,0.2344361660982102,0.053766618017006565,False,0.40693185516713115
22295,83,1737985.0966542598,0.11200927681298943,0.8020715586969305,27.2,0.09052358926164206,26,vol_sale,96,1737985.0966542598,13,0.03422989924049945,0.08026343676067177,True,0.11377159375152424
23092,83,1724828.28428215,0.10405078323646577,0.7839150543524379,27.2,0.09958744353728899,28,vol_sale,96,1724828.28428215,13,0.08077795712432381,0.07609003488039653,True,0.10616652383605918
28275,83,546496.2086973396,0.10271203610300443,0.9924413136043818,27.2,0.04687920785696775,15,sale_exec,107,431304.923321452,24,0.1548544278376929,0.06597486471661443,False,0.3567758154531582
28654,83,1581905.4567172334,0.12473280318586459,0.7295837225491109,27.2,0.06546938309419481,20,sale_exec,111,1581905.4567172334,28,0.11541100661348988,0.04944725226779629,False,0.2513928993953636
28796,83,873792.3550990432,0.12157418422946302,0.8048743624875088,27.2,0.1226740195663758,33,sale_exec,103,579770.0698532041,20,0.4309041196870855,0.040386302409752245,False,0.4576345734093995
3936,84,627153.8406630919,0.11283126354564238,0.7408606472082845,27.2,0.19734180401436197,52,cured,93,,21,0.27515535612071107,0.07703691953894323,False,
5548,84,534031.2881821678,0.10581026777570744,0.6596304186499324,27.2,0.21196356868605704,55,sale_exec,111,482306.1750680808,27,0.37307680630672135,0.058266451465870575,False,0.28744980732864445
5869,84,1231550.6079772809,0.11182617694818252,0.7188735274208524,27.2,0.25690923203040983,64,sale_exec,102,1231550.6079772809,18,0.13357456247112562,0.08862566119425994,False,0.15376867158983887
7317,84,695958.2258905509,0.11606519108324316,0.7471794170515472,27.2,0.0805652748165957,24,sale_exec,109,695958.2258905509,25,0.17610436173180083,0.08535678449400573,False,0.21387589020337205
10332,84,214596.87832166342,0.09821189062282895,0.791210791353883,27.2,0.1301080185516219,35,vol_sale,98,187044.05555692766,14,0.25052054674679136,0.05957586382580976,True,0.2223908842016824
15106,84,631325.3920615976,0.10272628259549248,0.5734087021634051,27.2,0.2219802493278582,57,sale_exec,107,631325.3920615976,23,0.32108717827213534,0.08458754548633043,False,0.17803221120687862
16374,84,1111505.9101291467,0.1192953663651161,0.6960949462793473,27.2,0.06451561535792028,20,cured,88,,10,0.031204361544069997,0.043997224316757996,True,
17613,84,823872.3434847881,0.1089559021164591,0.8379296789065019,27.2,0.03934855067759302,13,sale_exec,112,752389.0464269656,28,0.17295696172434388,0.08789371796698581,False,0.29096137112990184
18248,84,651900.1070851575,0.09797796121087866,0.8511618192770957,27.2,0.0171240936764252,6,sale_exec,106,651900.1070851575,22,0.09754512534409823,0.04409261748986113,False,0.16380791081738844
18818,84,1126555.222751676,0.10835309928415575,0.8213774866034269,27.2,0.16429866609557675,44,sale_exec,109,834225.6223360702,25,0.36024496647802734,0.04331713897836401,False,0.40852654242983477
22962,84,320047.4686478406,0.10441408211388373,0.6243546167932721,27.2,0.1757001669085061,47,vol_sale,93,320047.4686478406,9,0.07378974696642711,0.044248169073975024,True,0.07500951517094812
26562,84,1232445.34495836,0.11384021266249973,0.7309129087188487,27.2,0.18828233587105392,50,sale_exec,105,1109360.9897928496,21,0.2924323319661776,0.06499559629068397,False,0.2617682301448774
26693,84,1066701.6713285712,0.1038900402397438,0.7949561462343027,27.2,0.19274411286042348,51,sale_exec,112,954159.8599120501,28,0.25725392624296195,0.05319507669384974,False,0.29732596313045223
26837,84,2619444.9537413623,0.10224464449353206,0.7460612609793096,27.2,0.13846692280283945,37,sale_exec,110,2619444.9537413623,26,0.189619805504172,0.056699624726000375,False,0.19795585493652568
27188,84,490949.0262040312,0.1324063073874602,0.861169929023787,27.2,0.14247577721543792,38,sale_exec,106,433417.57582523295,22,0.17874904866355848,0.07005208002984369,False,0.3065347337186364
2651,85,1020421.2690822253,0.10680015519024313,0.5639084285765302,27.2,0.3615886902072061,85,sale_exec,105,1020421.2690822253,20,0.10333641203125545,0.044726915178711836,False,0.16239849699819187
4408,85,1720039.5981611575,0.1325,0.87738566184193,27.2,0.029088991092474314,10,cured,91,,25,0.13139648966066445,0.057716058634156193,False,
4914,85,2020038.7785389477,0.10464355967801449,0.5915666628102553,27.2,0.30532385607203083,74,vol_sale,100,2020038.7785389477,15,0.2897745779343295,0.054582844192367766,True,0.12211301900624338
5171,85,1260169.8861196626,0.11052990088440401,0.731027168289074,27.2,0.15693593632371305,42,sale_exec,110,1260169.8861196626,25,0.21905070768502452,0.05323654171708944,False,0.20484371834851023
9228,85,2100252.215311519,0.10647428957847858,0.9783724504852244,27.2,0.029088991092474314,10,cured,93,,30,0.11955597494524428,0.046482532209661136,False,
10765,85,1933561.9213943053,0.10467025297467718,0.6615785202556194,27.2,0.11508934853666575,32,vol_sale,94,1933561.9213943053,9,0.1759763772725452,0.057016340034953414,True,0.07518568023072814
11867,85,910057.2279832789,0.11862114974472662,0.5555141980297339,27.2,0.2252991515678946,58,cured,92,,15,0.16464175348772045,0.06809045396612348,True,
14671,85,670781.2112177766,0.11436407269644533,0.6775795662958372,27.2,0.2102282467975849,55,cured,87,,21,0.10823557847786587,0.05998095438039182,False,
15805,85,408328.26374012965,0.11672772840394925,0.7330430126323465,27.2,0.16048290227492057,43,sale_exec,111,408328.26374012965,26,0.10691438292139138,0.06920146541363374,False,0.22251266919039814
16110,85,2030980.5844968888,0.11994541301035488,0.6112130699910922,27.2,0.25533372923211073,64,sale_exec,115,2030980.5844968888,30,0.2769256772864907,0.047713117351747505,False,0.2579768293266639
18166,85,1061903.3483558076,0.1148445959685204,0.6360249482667316,27.2,0.25533372923211073,64,sale_exec,112,1061903.3483558076,27,0.16393384635303535,0.08813377755762215,False,0.22676454574385763
18898,85,756785.7461046485,0.11147789422644638,0.9703537832818876,27.2,0.07130087803436891,22,sale_exec,111,539922.3069723266,26,0.23380501444752774,0.08313160848854292,False,0.4390229911049639
19563,85,622630.8365626963,0.1228332716964375,0.8503944657141966,27.2,0.10100313445525377,29,sale_exec,105,486060.58229211695,20,0.28789130042654393,0.05193041734607344,False,0.363201468760844
19813,85,2316563.5319104963,0.1036241229700476,0.9910092625651382,27.2,0.0198866059467786,7,cured,90,,18,0.16438705902547834,0.0854551116581011,False,
20902,85,513582.56007147435,0.1071331272835155,0.5758681143570452,27.2,0.3615886902072061,85,vol_sale,98,513582.56007147435,13,0.13837307354608824,0.07850686817533084,True,0.10912029247872168
21388,85,780481.4104675361,0.10307809772828264,0.8485762359322908,27.2,0.032271635575008784,11,sale_exec,107,685919.8724660604,22,0.2177498290350683,0.041866048428753945,False,0.2719019798662011
22507,85,487579.49765299057,0.11367985399281459,0.9570464424978589,27.2,0.052608955609889874,17,sale_exec,105,284485.92320991465,20,0.36447456679898094,0.07677673512466326,False,0.5168094496700806
22927,85,884790.1858357765,0.1027819570050401,0.7286660677586158,27.2,0.1788933722976358,48,sale_exec,113,884790.1858357765,28,0.14884172424852965,0.0841183081546233,False,0.21243023784136694
24983,85,1137390.8043850407,0.11039309351090126,0.7787079002425581,27.2,0.1455787450565902,39,sale_exec,103,941357.8485980659,18,0.3113621258380539,0.047936061499382975,False,0.2981260238092034
26016,85,433172.46082194906,0.12782639559564174,0.5838163739666217,27.2,0.2005937881586377,53,cured,90,,25,0.11210019414578283,0.061577114289965304,False,
26261,85,994392.6900929324,0.11633167053320767,1.0148978483913713,27.2,0.0259642305874066,9,sale_exec,106,735955.8423407375,21,0.185297157011442,0.0598106073445996,False,0.3956259825028646
26421,85,478618.67557121516,0.11736935014549413,0.6824355666214791,27.2,0.10100313445525377,29,cured,94,,29,0.18141725412186632,0.056967274199605844,False,
27776,85,2102081.693741939,0.11045900522410153,0.5243471513172295,27.2,0.08350009353651111,25,sale_exec,112,2102081.693741939,27,0.2173968442759713,0.08260572087314474,False,0.21916847648876392
28403,85,671357.9712288218,0.10736096057116543,0.4914088857074358,27.2,0.26032300149845367,65,vol_sale,99,671357.9712288218,14,0.0027379147838534515,0.07768363017805302,True,0.11723606973366918
1233,86,1144113.0389410355,0.1123302864065424,0.7684980755303743,27.2,0.06645057448650715,21,vol_sale,101,1144113.0389410355,15,0.03564777473527997,0.06716850548755748,True,0.13043286604390902
6490,86,1291454.8190558122,0.13029312010126926,0.7802377209100466,27.2,0.14865152562989326,40,sale_exec,107,1144115.4923402807,21,0.26463625977820077,0.05290083151651539,False,0.2938456928399321
8624,86,1516383.6029738693,0.12236333815804379,0.7329568768055387,27.2,0.03184931173710437,11,sale_exec,108,1516383.6029738693,22,0.12180050040020636,0.08274895067251406,False,0.2000425564699423
8720,86,519281.4012402088,0.11477685228711741,0.8296629426778517,27.2,0.059043001519386795,19,sale_exec,104,466782.99265106465,18,0.18254346172646715,0.07602993245919401,False,0.24264910755911306
8776,86,1473135.348933466,0.1100139046744041,0.7550036403373336,27.2,0.02262224307626326,8,vol_sale,98,1473135.348933466,12,0.08879629328926986,0.08764130393371233,True,0.10372919297455374
10592,86,1620744.4008353692,0.10938195976864871,0.8374992396793661,27.2,0.17428334460387584,47,sale_exec,107,1219717.7181061064,21,0.30077499532258867,0.07907549188596064,False,0.37800136882089586
11493,86,778895.5885826495,0.11388994309724501,0.6438745262941978,27.2,0.07816478758599854,24,cured,90,,26,0.14776680805396214,0.07241392652762516,False,
13159,86,975565.4732185903,0.10673288541084824,0.7766106390266507,27.2,0.25870090509220933,65,cured,94,,15,0.055645548776900214,0.088159450553462,True,
16022,86,964735.7630986399,0.11738283140727547,0.798245828396068,27.2,0.03829016520564288,13,cured,91,,20,0.2863944268402227,0.08267336647029802,False,
16604,86,744174.3692167134,0.10528493434364314,0.8064509947863824,27.2,0.15636206153488108,42,cured,95,,25,0.1239845939910404,0.04686417764109551,False,
16782,86,765972.8436963577,0.11882122687260559,0.6145445354579183,27.2,0.30377340895748617,74,sale_exec,115,765972.8436963577,29,0.14438363479013672,0.06015911826737207,False,0.2485412494756094
18558,86,312397.88962662773,0.10807107466219228,0.7047562742743957,27.2,0.18205551254161612,49,sale_exec,110,270727.66661336715,24,0.3526598602642478,0.05512454777096012,False,0.3011638294517559
18905,86,1663640.068529022,0.12191429758267772,0.9369240809147285,27.2,0.06645057448650715,21,sale_exec,116,1460535.557070946,30,0.14630673266343786,0.052292550145732045,False,0.35173306935882964
19964,86,1879612.0554739253,0.10623113400749225,0.7247202884442261,27.2,0.2987325862496206,73,sale_exec,108,1879612.0554739253,22,0.21908079713833353,0.06837253573474436,False,0.17625979201105713
20349,86,929662.5769339015,0.10649507914183902,0.8155886742855663,27.2,0.055432363746641844,18,sale_exec,110,658007.3832228967,24,0.3561290093153488,0.08441916820714258,False,0.4274505436235625
24028,86,1015442.8804752888,0.10849563860695217,0.773398663869535,27.2,0.1903551880201566,51,cured,90,,26,0.2693346844622303,0.05783448993559692,False,
25928,86,790099.0939963997,0.12273554536667895,0.5661368544256493,27.2,0.32914033370784757,79,sale_exec,105,790099.0939963997,19,0.12144408605030795,0.07808525567398879,False,0.17580176250951451
26871,86,2428354.337161921,0.1224981547700465,0.6900843899292073,27.2,0.2786786818741829,69,sale_exec,106,2428354.337161921,20,0.22376161887097504,0.05039586711013177,False,0.18382669246284855
27955,86,1116973.3042236888,0.12132571520531013,0.880611090468714,27.2,0.028716169701375582,10,vol_sale,97,1116973.3042236888,11,0.0026112999754970357,0.08882319846840012,True,0.10475403788236204
3521,87,2778122.495808469,0.12184268077879301,0.6297346080990697,27.2,0.14765261571238053,40,vol_sale,101,2778122.495808469,14,0.11508758169013857,0.06911034900406293,True,0.13188664480501489
5510,87,727991.9549903179,0.11260839795747722,0.7536719595414811,27.2,0.185186275350137,50,sale_exec,115,727991.9549903179,28,0.09487404995262613,0.06465399683089397,False,0.23012548602062188
6891,87,743478.5905267271,0.11123772497568157,0.6713848256882413,27.2,0.20236773996890833,54,sale_exec,109,743478.5905267271,22,0.1981307260572531,0.06796630892123512,False,0.18371882562710906
7121,87,764922.6336105886,0.10608072326159193,0.9543060761289167,27.2,0.05466911996445489,18,sale_exec,106,578841.6103570003,19,0.2266768745837714,0.046477480430209134,False,0.35979632528054684
7762,87,795411.169180375,0.10395010272950356,0.8110291202842532,27.2,0.05117153827280996,17,vol_sale,96,795411.169180375,9,0.03495174296935352,0.059450575569823215,True,0.07469034821154064
9302,87,374266.5472303222,0.10916391545092688,0.7773519648523001,27.2,0.08928378967580852,27,cured,94,,20,0.28723271212398716,0.06689881655431255,False,
9930,87,2559567.928318706,0.1052906995764327,0.9456639194174192,27.2,0.0283571107647429,10,sale_exec,110,2200166.025880728,23,0.14394038736270887,0.04642201671194707,False,0.2968834495765883
11331,87,805224.7984240132,0.11473849927530033,0.6951563024781547,27.2,0.29712914609310515,73,sale_exec,108,805224.7984240132,21,0.21558451022952302,0.06477188121300696,False,0.18113701686588868
13206,87,1329623.7454688093,0.11026304462329328,0.7252705200856499,27.2,0.034582242140887454,12,sale_exec,113,1329623.7454688093,26,0.18639500060692357,0.07210102553865291,False,0.21164938814829715
14145,87,876022.0065514583,0.10512065312653228,0.6300042460916395,27.2,0.17739352224185034,48,sale_exec,105,876022.0065514583,18,0.2116465606226697,0.06069290912711135,False,0.1452911033691755
14585,87,683823.3803213964,0.10560768767549764,0.7528337761628326,27.2,0.10234525785808124,30,sale_exec,112,681392.784656286,25,0.21058631965334074,0.05863321451764375,False,0.19957646302644094
18228,87,611267.0450537655,0.10158374604922867,0.6349198036225951,27.2,0.3224544731851109,78,sale_exec,116,611267.0450537655,29,0.23774700793079298,0.04260627411933621,False,0.2168733044545854
18976,87,429198.9377041863,0.12863677535545223,0.8329779658024729,27.2,0.16311163113744365,44,cured,92,,14,0.0707352794946369,0.08357614786601399,True,
22344,87,865262.9062566762,0.10583998120839717,0.6750790541139273,27.2,0.19786996323950734,53,sale_exec,107,806958.5190997139,20,0.32252711757471964,0.064376990689849,False,0.2175988748105182
25734,87,1115344.5816966658,0.12009861968508051,0.9145444803665923,27.2,0.04773450939213908,16,sale_exec,117,910046.4310141247,30,0.21759031802737358,0.058079331714804144,False,0.39478837544561807
25953,87,2542046.82323105,0.1008447142888389,0.5360903611538193,27.2,0.1303516741804187,36,sale_exec,107,2542046.82323105,20,0.1407230809631186,0.07685373518480784,False,0.15411531052720373
26444,87,1120813.4776762489,0.11155180314551542,0.6017217180547842,27.2,0.29712914609310515,73,sale_exec,109,1120813.4776762489,22,0.23336523863081504,0.06304262072323254,False,0.18418439261006325
26908,87,618066.9943911276,0.10667621136483092,0.5977401010100274,27.2,0.16311163113744365,44,sale_exec,107,618066.9943911276,20,0.1894361052266504,0.05488898239088007,False,0.16222697901900052
152,88,1064107.3075367652,0.10446145730039579,0.6534031644618956,28.8,0.32081233333558656,78,sale_exec,109,1064107.3075367652,21,0.14836898274458238,0.05293028151499934,False,0.16641237808164444
3147,88,1026241.2650719847,0.11352426775795178,0.7761547965194792,28.8,0.016304459734149956,6,sale_exec,112,998311.3833951937,24,0.18230637325145244,0.08448952917287263,False,0.22397783458658915
5062,88,1878263.6610538044,0.10990515632744441,0.7549664742494404,28.8,0.09213209507270737,28,cured,93,,29,0.2524503983787622,0.059930523157030305,False,
5586,88,805889.3683008946,0.1270020434613123,0.5372905480132458,28.8,0.34642149083039797,83,cured,89,,18,0.4095481153852994,0.07128750870337189,False,
7157,88,1823102.3834586928,0.10160834868309628,0.9296617611857557,28.8,0.06462452147102771,21,vol_sale,102,1778377.1833305145,14,0.0013206919992319957,0.0776514974185363,True,0.13314401003316445
7869,88,567805.1069036429,0.11065500112494993,0.782657642709586,28.8,0.11441378412938508,33,sale_exec,113,533563.199518063,25,0.20820596992354767,0.07841795898205925,False,0.2529891437666554
8189,88,1922400.4433349182,0.10686942448179543,0.8390989997485384,28.8,0.04708837237925034,16,sale_exec,111,1636445.695568267,23,0.22971445409868468,0.06752286563889945,False,0.3057855415393812
8659,88,765241.0768103229,0.11089315634343395,0.7722448339653715,28.8,0.205511742069435,55,vol_sale,99,765241.0768103229,11,0.026213905777403394,0.06204960522784651,True,0.09623440109184
11575,88,949064.0216677071,0.10681121711636621,0.6854798951366117,28.8,0.050474169970863736,17,vol_sale,101,949064.0216677071,13,0.092858508925455,0.060390415403695594,True,0.10881230246969531
11589,88,190015.04555409533,0.1109920295542377,0.8520430590408897,28.8,0.13781164912536958,38,sale_exec,107,137182.24339171298,19,0.330616588230169,0.05650184801569197,False,0.3939074614142225
12080,88,579515.5104122756,0.11590385331948719,0.8634594175266278,28.8,0.03413785684488735,12,cured,93,,22,0.14273007321493558,0.07266150285971973,False,
13826,88,1124661.9814797658,0.11306841202643549,0.5584605342445103,28.8,0.3515846737510593,84,sale_exec,118,1124661.9814797658,30,0.21784937671910204,0.049233668550993565,False,0.24523408297253402
16151,88,1551807.9534369376,0.10524496120275939,0.7352615699343256,28.8,0.17318078934715886,47,sale_exec,118,1551807.9534369376,30,0.2101701526447186,0.07504937031417269,False,0.23046227601216251
16749,88,841124.4283185404,0.11648422304985226,0.6715465645614924,28.8,0.24011722735194674,62,sale_exec,106,841124.4283185404,18,0.11284677900948503,0.07774365535840692,False,0.1596054096057571
18210,88,1024751.6664401148,0.10666876167297881,0.666110968702123,28.8,0.12869393725775735,36,vol_sale,99,1024751.6664401148,11,0.017986015966693917,0.07083160641979039,True,0.09275947042496269
20757,88,1337895.2747966792,0.0958053758867361,0.7593088048411302,28.8,0.21015864882229196,56,sale_exec,108,1337895.2747966792,20,0.1860165539079447,0.04534509065652697,False,0.14703911749120457
20828,88,1142583.4676885088,0.10249919764991335,0.6713360660007778,28.8,0.16972820853278203,46,sale_exec,113,1142583.4676885088,25,0.13653911901591995,0.05444672155440101,False,0.19154735142514423
21075,88,743373.7258274859,0.10483785332736976,0.517892273653798,28.8,0.3515846737510593,84,cured,97,,21,0.1723373758309245,0.04517061574745121,False,
21797,88,646645.1971560747,0.12056520390648168,0.49440578122381246,28.8,0.3567676561609996,85,sale_exec,109,646645.1971560747,21,0.1254574468485659,0.07746793271530704,False,0.18936406854320276
22719,88,1541689.4211211025,0.09795493626182786,0.7236015230865231,28.8,0.2010022043629096,54,vol_sale,99,1541689.4211211025,11,0.03695883708830884,0.04184979074361594,True,0.08554546216672909
26718,88,1741366.747153856,0.11175913339267396,0.9082780455395731,28.8,0.06099485439849239,20,sale_exec,110,1252332.0726816598,22,0.2639247985096841,0.08980598742267185,False,0.4135139185372412
551,89,2138852.8934905683,0.11408632077025549,0.7178893816256011,28.8,0.14944551144965645,41,sale_exec,108,2138852.8934905683,19,0.19498087486187776,0.0660968300651739,False,0.16454885324671442
1151,89,847521.4186304513,0.10569675464355649,0.9031246765992021,28.8,0.018927640252891065,7,vol_sale,101,847521.4186304513,12,0.0065118581224150925,0.04291994280398883,True,0.09988610914502527
2737,89,1234129.3906775033,0.11403975971473118,0.9421024536287154,28.8,0.08262285196210772,26,vol_sale,101,950619.1038340277,12,0.21348127220285512,0.04451331235625383,True,0.31237309941283375
3215,89,617633.653703391,0.12392089688979299,0.7535329688051963,28.8,0.19135243053086337,52,sale_exec,108,610344.438108034,19,0.20784605960215996,0.05326370194127219,False,0.18704047108429678
3712,89,595396.7656550937,0.10511695761926983,0.9041621457130347,28.8,0.08664460050741418,27,cured,92,,21,0.1597020741075776,0.07171251370421963,False,
4325,89,956936.9110531971,0.10903273857729957,0.9584270680807534,28.8,0.036807067093632684,13,cured,95,,26,0.3024442074580454,0.05014978857804003,False,
7265,89,1333592.2455267147,0.11863384263463178,0.7962191431634231,28.8,0.20410210769923243,55,sale_exec,114,1333592.2455267147,25,0.15175915598417525,0.0495937157903211,False,0.2180309608752412
7486,89,1502178.1619540653,0.12332925582018595,0.5896119401570881,28.8,0.23317541281325105,61,sale_exec,113,1502178.1619540653,24,0.17633541411794668,0.05524021397621181,False,0.2176081844093385
8117,89,445455.5235037402,0.11705656631888849,0.6095798589244744,28.8,0.253444718020138,65,cured,93,,30,0.13294338947043474,0.045596311083577874,False,
11612,89,293534.679929214,0.1169869997926393,0.674542195263587,28.8,0.24331809036163543,63,vol_sale,104,293534.679929214,15,0.15997524262918583,0.07448128212995536,True,0.13543219002756024
12098,89,1004936.4408399131,0.10615831619799367,0.859972258956291,28.8,0.12687409807817263,36,vol_sale,98,985219.9409243867,9,0.0674702866110309,0.07158593327251829,True,0.094332732559271
13406,89,954223.6863733021,0.10872777074629197,0.8025631056029092,28.8,0.10808041701749915,32,sale_exec,113,834387.5285394441,24,0.26737822065031874,0.04188221666745152,False,0.29578844741140475
15579,89,1106687.1228052753,0.1027109945895511,0.7396206496595001,28.8,0.07107386581143271,23,vol_sale,99,1106687.1228052753,10,0.009719805053805411,0.07890180487331604,True,0.08169735917478693
17082,89,753864.1761764898,0.12179491704061782,0.7163086801985056,28.8,0.06737242076217842,22,cured,97,,21,0.24101804006319125,0.0849212129708491,False,
17317,89,1053534.5801918488,0.10442266773361808,0.6719357615957653,28.8,0.22301846562200733,59,sale_exec,108,931507.6415598404,19,0.36081566027700346,0.058224350926582416,False,0.250030194641915
17334,89,1380080.0439796522,0.12296901191884232,0.6947972614332321,28.8,0.26355350360909857,67,sale_exec,116,1214394.4639513593,27,0.3515263815166978,0.0654526915472355,False,0.3318002945673576
17466,89,357156.2246411374,0.1226965707748034,0.829326643770504,28.8,0.013313142298443825,5,cured,96,,19,0.2650784451308855,0.08377516076790273,False,
18221,89,1200495.7932429195,0.10997610316247773,0.6561294185533774,28.8,0.09495099408298624,29,cured,93,,12,0.06717633195861937,0.07265503805309663,True,
19568,89,1696301.154805134,0.11164291138980177,0.797221357125323,28.8,0.18736987927502313,51,cured,94,,29,0.17375636781751283,0.08410467487337578,False,
21103,89,623782.8151194161,0.1078473588435434,0.6439636562676919,28.8,0.07868766322409582,25,vol_sale,102,623782.8151194161,13,0.047352994677075363,0.050606957519748294,True,0.10980322974600798
22206,89,1042248.6766492852,0.10502691204500852,0.7501259264587936,28.8,0.1407484515012669,39,cured,91,,29,0.21548660600741154,0.0495764212973633,False,
23002,89,1083363.9977621792,0.12293232311311923,0.537458007532848,28.8,0.314027643493034,77,sale_exec,113,1083363.9977621792,24,0.25705381304098274,0.08487254752947354,False,0.21699313744119697
24258,89,1563979.17861957,0.11016881439816559,0.7182127994946157,28.8,0.11729019434321919,34,sale_exec,119,1563979.17861957,30,0.23556660002745677,0.056850375286920614,False,0.2397936982510639
28033,89,1210958.512414613,0.12192301155408619,0.6813492153266487,28.8,0.1616306793947515,44,sale_exec,108,1210958.512414613,19,0.23189910253573168,0.053821681594619086,False,0.174751453184259
125,90,857598.2531214863,0.11743379177695962,0.6353711475852297,28.8,0.16458974698009232,45,sale_exec,110,857598.2531214863,20,0.28001035036019606,0.08288089782288151,False,0.17697730410424517
1277,90,1893132.3831317245,0.10348805899338334,0.6630748932186186,28.8,0.2566376671225521,66,cured,94,,29,0.15561211528327926,0.07156878949584797,False,
5557,90,290284.31417989766,0.1122728917769611,0.8925568008260015,28.8,0.049122041999976274,17,sale_exec,108,222383.65660310298,18,0.26433983127944977,0.04837607097083277,False,0.35214161975556135
5887,90,997376.2504019716,0.11227382896413406,0.9975605422405553,28.8,0.02440087857568285,9,sale_exec,114,678370.0269086509,24,0.25149259553942177,0.07325774821944889,False,0.4560722716280078
6018,90,1198891.1272466495,0.10582178303397616,0.9048606293606087,28.8,0.03028430764356993,11,sale_exec,111,765917.7234201562,21,0.36124597173455947,0.0640516886657529,False,0.4687135475964319
6308,90,496074.99389365665,0.10269702000203505,0.8657196231441607,28.8,0.09774020587947208,30,sale_exec,114,429336.8672382909,24,0.18041304179291826,0.08512325609829235,False,0.29461067614451286
6736,90,895350.5665473139,0.12362971718699613,0.6410136948097722,28.8,0.17573477627018863,48,sale_exec,118,895350.5665473139,28,0.21436662949215837,0.05013947370264296,False,0.24948338812297755
7016,90,2468445.0663483944,0.11048049982359025,0.6849864379297572,28.8,0.05246518315449533,18,sale_exec,109,2468445.0663483944,19,0.22603180835506037,0.0572230728460099,False,0.159809908734038
7410,90,910636.1493646406,0.12033675264147242,0.9289000986087371,28.8,0.01589439477942811,6,sale_exec,120,813286.4744816947,30,0.14234340598412273,0.05325557746925356,False,0.3379428954095788
8747,90,1551762.3248221008,0.1049397516694524,0.5375397352344328,28.8,0.2617072838616723,67,sale_exec,112,1551762.3248221008,22,0.16361476293535698,0.05822957024678781,False,0.17432429854090636
8952,90,536289.768157039,0.11779919699946662,0.800621873454878,28.8,0.1201363116644516,35,cured,97,,20,0.1288889583491718,0.06742108422878215,False,
12557,90,289202.08518058324,0.11948296477578421,0.7671319870661895,28.8,0.2566376671225521,66,sale_exec,115,278483.5247916292,25,0.20245942345464107,0.0841271303044201,False,0.24833050767701792
14055,90,841298.6892116984,0.10444300049459632,0.7828991886758848,28.8,0.14807040154187878,41,sale_exec,115,841298.6892116984,25,0.14305527069718876,0.0578852650828623,False,0.19478675700342818
16192,90,927281.9103651881,0.12093654602502923,0.7807013957250034,28.8,0.09774020587947208,30,sale_exec,109,927281.9103651881,19,0.08424742660765518,0.04279177973668532,False,0.17347441982528378
17191,90,2018371.8793866471,0.10400023567257378,0.698833118663685,28.8,0.28193650974067164,71,sale_exec,115,2018371.8793866471,25,0.15864366508313532,0.04546714448789688,False,0.19405006534485325
17384,90,541537.1949050871,0.10963056570268193,0.4836767939630652,28.8,0.363734673602492,87,cured,95,,22,0.2747301869546881,0.05068370413710724,False,
19334,90,1653101.6634866719,0.10755679529252309,0.5920092890213021,28.8,0.17920508612655928,49,sale_exec,116,1653101.6634866719,26,0.21879743398045504,0.08120783051238549,False,0.2070551032027591
20298,90,1076918.6558582305,0.12424157953722673,0.6732868880529331,28.8,0.1523735392767267,42,cured,94,,15,0.117334872992503,0.08959708732902541,True,
20834,90,902908.6186297565,0.0998909280730021,0.9366163847145402,28.8,0.06285681275865795,21,vol_sale,105,873650.9581539521,15,0.03061472004806599,0.048108759558119725,True,0.1455414151652532
21675,90,974260.498700731,0.10547785724132583,0.759483041452167,28.8,0.1154732839440471,34,cured,93,,10,0.17185569789175473,0.04457282448377687,True,
22004,90,1586864.2572855013,0.10037390644573518,0.8710005348174338,28.8,0.03634053603650944,13,vol_sale,103,1586864.2572855013,13,0.009441775731387898,0.0769509741645678,True,0.10262922121320794
22505,90,1475757.1534600654,0.11415306735826082,0.5965713619792836,28.8,0.19851314768150674,54,cured,98,,13,0.016292472739552092,0.05522554014158725,True,
25153,90,599840.9688847405,0.10610978098750129,0.5789266148822932,28.8,0.1201363116644516,35,sale_exec,117,599840.9688847405,27,0.31043517177393526,0.048355080465205404,False,0.2115589445905337
25811,90,690330.7082051417,0.10638867366092766,0.7433849739517594,28.8,0.24648524350653522,64,cured,96,,27,0.11760986987000695,0.04504049557605374,False,
27605,90,3043129.602750421,0.10463154830176534,0.8757125727711375,28.8,0.04261399485710693,15,vol_sale,100,2668505.6302811047,10,0.1729966802122298,0.04065143093615065,True,0.19602158356678645
27997,90,626836.2835916027,0.1129473238025559,0.5333786384410171,28.8,0.2515635786830719,65,cured,93,,21,0.2384002977281164,0.06577079102350086,False,
28362,90,546530.5270426506,0.11287899631161179,0.6799143647923589,28.8,0.19438720950358968,53,vol_sale,100,546530.5270426506,10,0.2346983774125695,0.04066746539104146,True,0.08937687972179387
28946,90,1019588.9103235239,0.10383725824590345,0.8619813834616302,28.8,0.0458384678685444,16,sale_exec,110,890331.4534426115,20,0.20443376020632517,0.04338341066866409,False,0.26499546473879
560,91,1752227.9177372295,0.10492204606837427,0.6992510057241347,28.8,0.08808684047176829,28,sale_exec,116,1752227.9177372295,25,0.19148012738409365,0.0484342976261064,False,0.19558302547932305
2889,91,896798.8308773089,0.10196569983609663,0.648464080757593,28.8,0.08808684047176829,28,vol_sale,105,896798.8308773089,14,0.049932386529918736,0.06980839748200027,True,0.11171036011644253
3517,91,4263454.66060475,0.11348274809728046,0.8067527333987728,28.8,0.026955018301900058,10,sale_exec,111,4263454.66060475,20,0.04453282475549932,0.0888902076303311,False,0.17159174409813882
4024,91,522022.30104472203,0.10157235871890195,0.5468893459556148,28.8,0.24449807686937852,64,vol_sale,104,522022.30104472203,13,0.01678159130230913,0.0639458810607455,True,0.10378383350878828
5180,91,763533.3022606468,0.11439788310308194,0.6668977535322257,28.8,0.048446057957400424,17,cured,100,,29,0.1431321694600971,0.08038662406750152,False,
5698,91,1106972.6721806207,0.1100418956242594,0.7473561470098925,28.8,0.11367288964579303,34,sale_exec,111,1080346.8522268601,20,0.23457916748449628,0.041324548122023096,False,0.18691056164049513
6957,91,656732.3498809924,0.10704274337972441,0.8842300472182801,28.8,0.03586697020190832,13,sale_exec,110,520608.000584396,19,0.2330468642063256,0.06654174838476032,False,0.3303580298969033
7347,91,1782313.9833654894,0.10016817722171348,0.8279607443061375,28.8,0.12292914864090809,36,cured,97,,15,0.020515569131683405,0.08739462826571333,True,
7563,91,892628.0859085222,0.1178315976940627,0.638354872826662,28.8,0.17506369442397696,48,sale_exec,117,892628.0859085222,26,0.3192310912486357,0.06019902731942452,False,0.22435202167216728
9380,91,796574.5769257006,0.10905904083872528,0.439787958545431,28.8,0.26485309988347194,68,sale_exec,119,796574.5769257006,28,0.24027306245267038,0.08718252242404714,False,0.2237818716850487
13622,91,941456.9712926837,0.11110594320710365,0.7809327003603453,28.8,0.08413179086899758,27,sale_exec,113,920557.0279366679,22,0.19514239086791077,0.051530028941764665,False,0.20164883147903667
14114,91,804124.1796759634,0.10210389540016486,0.5716362694088155,28.8,0.16352854998803568,45,sale_exec,119,804124.1796759634,28,0.3867429983818651,0.05248724927907058,False,0.21119376702747594
14468,91,464116.4652479933,0.12651751201167144,0.9015698768887368,28.8,0.048446057957400424,17,cured,99,,23,0.3211509090066815,0.08308906076953851,False,
15620,91,1515024.5284437363,0.11024147194159768,0.9014229075872453,28.8,0.04521354536420663,16,sale_exec,120,1361905.2410159693,29,0.14319291438813814,0.0728776349267569,False,0.3104717243019035
17255,91,2132021.410924337,0.09562588784659698,0.7313719177602215,28.8,0.1276978008462839,37,sale_exec,118,2132021.410924337,27,0.1644538453996595,0.07787295443510686,False,0.19289821888242364
18669,91,2496852.6497064643,0.11268227509165651,0.7140370237144418,28.8,0.08026295432441355,26,sale_exec,112,2462339.6509823212,21,0.25052314607429427,0.059208953980782714,False,0.18957211312959343
19447,91,423756.3786866446,0.11147452057730202,0.6757931307697614,28.8,0.17866623695357098,49,cured,96,,23,0.19135224317989416,0.047462229347781215,False,
19937,91,943977.3386952695,0.11651624767316726,0.45295758925650464,28.8,0.2546841033946925,66,vol_sale,104,943977.3386952695,13,0.03851181058331154,0.05385331137568306,True,0.11804748819240274
20727,91,831547.2743684321,0.12674976582886835,0.9286012899091127,28.8,0.03285311652931533,12,sale_exec,109,628779.7646364217,18,0.21353043274929945,0.08074076994868898,False,0.37414380918115675
21427,91,899030.6093872056,0.12021382646104499,0.6616283671500127,28.8,0.3003015217215945,75,vol_sale,100,899030.6093872056,9,0.04432902310982852,0.044953856659402845,True,0.08580534368351211
21831,91,1145311.1303273665,0.1127963944905151,0.6909156445620684,28.8,0.24449807686937852,64,sale_exec,118,1145311.1303273665,27,0.12486307350646243,0.05483661950848103,False,0.22322653821372807
21870,91,5346796.990100453,0.10656049846156723,0.7094273481253766,28.8,0.09625873303004928,30,sale_exec,120,5346796.990100453,29,0.1428358730888653,0.06041218826113287,False,0.22615565426001338
21891,91,458603.9738908659,0.1161430857040244,0.5220413572541707,28.8,0.3411940051021445,83,sale_exec,116,458603.9738908659,25,0.12898999215900672,0.05432163048248843,False,0.2140022301514004
22274,91,319987.5742621445,0.11314378492247394,0.6994205582177827,28.8,0.07647956668425726,25,cured,96,,30,0.2572019268129237,0.05250004992028963,False,
22689,91,1047188.302696508,0.10811276743811593,0.7233889298719248,28.8,0.19736517631724615,54,cured,100,,30,0.07757511384586191,0.06335631912096884,False,
24556,91,1381211.108284369,0.10495067565364628,0.49276345840914565,28.8,0.25977084306390963,67,sale_exec,118,1381211.108284369,27,0.21035838552259437,0.04061112961381406,False,0.20951798886264694
24755,91,1273077.5805189793,0.10548244590281426,0.6335864007215991,28.8,0.1594458231111715,44,sale_exec,114,1273077.5805189793,23,0.13189512700919914,0.04830190328978082,False,0.18232577751155887
25564,91,1310000.587918302,0.09630959530529061,0.7792502905098071,28.8,0.0619733120786079,21,sale_exec,117,1310000.587918302,26,0.1833528564193561,0.05898603943109902,False,0.187661268236212
29710,91,1016536.9257585382,0.09717478257855297,0.6062025700208679,28.8,0.3567096530407443,86,sale_exec,110,940003.7409376265,19,0.4053169536069213,0.047122208238835964,False,0.20666805221201923
4453,92,640849.3264633134,0.11859195455894198,0.6338034307888731,28.8,0.09074093511557613,29,sale_exec,112,640849.3264633134,20,0.17009572826787658,0.08240002098349057,False,0.17854898725624369
6428,92,970477.0037625243,0.10792018191316588,0.5352550113224807,28.8,0.3341511966703865,82,sale_exec,120,970477.0037625243,28,0.40735777112907007,0.08029589513459526,False,0.2217349852013002
7336,92,705975.9317672359,0.09956414557436752,0.8860959838650088,28.8,0.0989327608036974,31,cured,97,,23,0.16793096459625906,0.07124584785865387,False,
7356,92,918368.2929943769,0.10413706582687267,0.8648402565075474,28.8,0.05766290166408261,20,sale_exec,120,709538.3773759021,28,0.28359143156512767,0.07227018019364,False,0.39342210970887015
9762,92,767532.207482836,0.11247964151705793,0.945863137532355,28.8,0.03239469011822438,12,cured,99,,27,0.1786543009682425,0.04121840423725972,False,
10656,92,918119.2173986885,0.11327701690178961,0.7513693331015123,28.8,0.18864590266813752,52,sale_exec,110,901846.1213785225,18,0.213567259211368,0.05209076265488193,False,0.1705578370614904
11681,92,1031558.0380702462,0.10025190686694685,0.6311645615383327,28.8,0.2679383681844365,69,sale_exec,118,1031558.0380702462,26,0.25740048871639015,0.061872079092206225,False,0.19451456223324526
12177,92,963762.5252634257,0.11362041163526372,0.6769149263155717,28.8,0.18154127562693567,50,sale_exec,115,963762.5252634257,23,0.21570275885312482,0.0469761144076268,False,0.19486711664710699
12264,92,1129030.519785731,0.11464267845801548,0.7020994921738346,28.8,0.18154127562693567,50,sale_exec,119,1129030.519785731,27,0.13121669583193118,0.06021378442811312,False,0.22641650266626723
12555,92,1063151.5534994286,0.10842230893124045,0.7482134876113588,28.8,0.0989327608036974,31,vol_sale,107,995450.988763947,15,0.22595618410278673,0.07851782016399242,True,0.18185552582642361
14565,92,577806.6607991038,0.1042466820519934,0.7065297173352608,28.8,0.20443214060535508,56,sale_exec,119,577806.6607991038,27,0.23292024140527487,0.07293624653501468,False,0.2082757214216997
17494,92,708543.8881878001,0.10220797804187055,0.5525117529510318,28.8,0.19627341146668975,54,sale_exec,118,708543.8881878001,26,0.1967783462722357,0.06445435196931491,False,0.19789267308624425
19115,92,1704470.3818445657,0.10607855114067415,0.8682197436607098,28.8,0.0681058515080053,23,sale_exec,110,1441671.1171024165,18,0.2103709043688443,0.05297552396457148,False,0.2781010802150924
19390,92,1944080.7028421655,0.11899824663274716,0.5962925002110625,28.8,0.2983991712710494,75,sale_exec,118,1944080.7028421655,26,0.32382179429746133,0.06621697684396317,False,0.2262910715052927
19591,92,831658.4782058176,0.10919784019059336,0.6263990699894086,28.8,0.32901054465018387,81,sale_exec,111,831658.4782058176,19,0.31985065308271604,0.06551087081541404,False,0.15811735961393014
21710,92,1049871.445506846,0.09819384633257855,0.5922291251497688,28.8,0.24753369457670793,65,sale_exec,119,1049871.445506846,27,0.10237296294065058,0.06482738062525593,False,0.1975109869065399
23568,92,887797.2640365673,0.10828115512500147,0.9780288247869525,28.8,0.04458159907355119,16,sale_exec,111,639036.2934305342,19,0.22024918881198424,0.0701698952965045,False,0.3931407744316173
23740,92,754107.7799225438,0.11217549895494984,0.5445755744009083,28.8,0.24753369457670793,65,sale_exec,113,754107.7799225438,21,0.19051088032838331,0.08405462587709348,False,0.17749051627074108
29353,92,1550103.842089089,0.10528855091782631,0.7734673290441513,28.8,0.07170982503024481,24,vol_sale,107,1550103.842089089,15,0.05719855488956629,0.07865339706697766,True,0.12281438800382016
29682,92,1321594.9328974043,0.11647391435220851,0.41231521485707906,28.8,0.38100058768069345,91,vol_sale,107,1321594.9328974043,15,0.0027355285225790266,0.06017437571884427,True,0.1348828610621715
3405,93,738818.6610797502,0.10141572704313959,0.797102410234675,28.8,0.18073945933034063,50,sale_exec,116,697746.1646166125,23,0.18219878541032264,0.08463836404600186,False,0.22179126179279407
3955,93,2047120.0669283706,0.11558075927600651,0.5690887213157985,28.8,0.12835309449544585,38,cured,99,,11,0.06745908472250493,0.08475982912705063,True,
5508,93,1725952.8854370383,0.10070646038972696,1.0003703168488747,28.8,0.012508199884615268,5,sale_exec,119,783548.9816648682,26,0.5103556458435152,0.04214568232912161,False,0.6346822809597796
6468,93,2726820.17706803,0.09974757839733477,0.8880932635647237,28.8,0.03485708357375916,13,sale_exec,122,2329540.7783691236,29,0.1933551897103701,0.0774225075990956,False,0.32801905909988527
6556,93,529936.7485448638,0.10785215377336894,0.9011123349624695,28.8,0.0408703903782206,15,cured,97,,14,0.19901865727191406,0.06098953389858029,True,
7473,93,896138.7516951323,0.10930111922823896,0.7282028793295332,28.8,0.21602457999694447,59,sale_exec,122,896138.7516951323,29,0.16748906090832374,0.06098890210744427,False,0.23121863207786664
7774,93,928557.2957262328,0.10467331322451053,0.5140593281470104,28.8,0.36326279996664623,88,sale_exec,117,928557.2957262328,24,0.2661028922402715,0.07215715974657524,False,0.18814932992866606
8028,93,2578700.672557783,0.09415386012829118,0.6970764520384364,28.8,0.026160403274176902,10,sale_exec,116,2578700.672557783,23,0.15711447141179957,0.06529976259985551,False,0.16452702893737536
8874,93,1012891.6282727154,0.10176984698489834,0.5663018317462931,28.8,0.3737383772012426,90,cured,99,,28,0.1420481794251993,0.0725839381527918,False,
8900,93,947343.3788275203,0.1028718400105333,0.6141024583361551,28.8,0.22529555509385735,61,sale_exec,111,947343.3788275203,18,0.2527344451249993,0.0723947080016191,False,0.14242796913090627
9071,93,624137.4659171504,0.1089610941400519,0.6071965892832923,28.8,0.36326279996664623,88,sale_exec,116,624137.4659171504,23,0.22123514808186792,0.05086250606216605,False,0.18771145032064462
9653,93,1798036.5456641861,0.12025052822809082,0.6234997417422878,28.8,0.28625367459801954,73,cured,96,,30,0.12736390654014257,0.04303403064527446,False,
10270,93,977162.7288324647,0.1241126929240508,0.710495834301953,28.8,0.03485708357375916,13,cured,95,,19,0.4355797967540816,0.06828336806883166,False,
10300,93,1294270.5556063054,0.11508293381532594,0.5437502822000962,28.8,0.19912667664484407,55,cured,94,,22,0.2003205697072441,0.08702591028141274,False,
12840,93,1660689.1751680858,0.12194051102094872,0.48044363649266597,28.8,0.2811617499259129,72,cured,100,,21,0.346764363933114,0.06971061291686231,False,
13255,93,2044686.2059784806,0.11625764008062772,0.701167570049617,28.8,0.05351023734632032,19,sale_exec,119,2044686.2059784806,26,0.11459939429366435,0.06512149566197303,False,0.22172799698365864
13786,93,1219754.1017543646,0.12478592951254155,0.7134968876878026,28.8,0.20730486539660964,57,sale_exec,122,1034826.8535261601,29,0.35373330667554054,0.08075985668317151,False,0.37150297026295576
13859,93,774485.8080746096,0.11591412582294147,0.8215135107226123,28.8,0.03485708357375916,13,cured,98,,27,0.13800729597221104,0.04625417881870404,False,
14037,93,1187918.2430790314,0.10771062255961825,0.7285279076805857,28.8,0.11454095795751895,35,sale_exec,115,1161760.6046555506,22,0.23705916824049944,0.06905496988683205,False,0.19656122389828723
19044,93,202233.35777261056,0.1161755418605328,0.4787276453730979,28.8,0.38960286687449774,93,vol_sale,103,202233.35777261056,10,0.007534618810051201,0.07987859662438263,True,0.09185145419115259
19312,93,1242634.5975052104,0.11151795637975631,0.42539802252581055,28.8,0.31167957923504996,78,sale_exec,111,1242634.5975052104,18,0.11797768686097605,0.05359352425444916,False,0.1533809512452099
19680,93,512980.5342916181,0.09933031753415689,0.551918224132708,28.8,0.37900631341210045,91,vol_sale,108,512980.5342916181,15,0.09991479617703311,0.07988024725913254,True,0.11631254307174332
24094,93,1129902.226588242,0.11905725679977028,0.39480934749511315,28.8,0.3373333180110132,83,sale_exec,119,1129902.226588242,26,0.166141714169154,0.052388387627618424,False,0.22638901656379506
25737,93,1264084.7038178323,0.10216441390701785,0.698086473021401,28.8,0.1952378031946702,54,sale_exec,113,1078031.325157255,20,0.3521977849551449,0.06952186672687143,False,0.2801878871136416
26593,93,1697927.545238606,0.10728726392068257,0.9056243863147564,28.8,0.017844465466605897,7,vol_sale,104,1540592.5400337547,11,0.09399492490965693,0.06521385585090063,True,0.1772895229234075
780,94,2022452.172349016,0.11080930117862113,0.6561172767110586,28.8,0.09190764891304526,30,cured,101,,15,0.18277733644273136,0.07386331881801558,True,
803,94,584648.3302479134,0.11620593547619218,0.6024919409377639,28.8,0.1309832779699227,39,sale_exec,117,584648.3302479134,23,0.2532870692605071,0.045470368707013986,False,0.19880949402296721
1141,94,520864.4444666025,0.10268061472540958,0.9119394931906238,28.8,0.06959024001194636,24,cured,96,,20,0.24641451741151993,0.07322795994273099,False,
1752,94,704044.6706346214,0.10254748047587257,0.7523207110932283,28.8,0.19062405157144235,53,sale_exec,115,704044.6706346214,21,0.16075136189028072,0.04963626484830061,False,0.16363958540535595
2328,94,212421.81959598773,0.1257399861045948,0.6223200135673093,28.8,0.2234357122045676,61,cured,96,,10,0.1658691258914057,0.05547406327489635,True,
3082,94,904422.509425332,0.1251974204629272,0.8731746177041432,28.8,0.08801106341393417,29,sale_exec,124,729869.6815571047,30,0.2749133060294063,0.050333817763760995,False,0.4089192861174539
4742,94,5397528.204054631,0.10654982919580971,0.9064491393249361,28.8,0.03432078001758354,13,sale_exec,119,5144182.56612756,25,0.10387176177430388,0.04667895562575739,False,0.23591309428897733
6893,94,546045.095610228,0.12495077257644581,0.756128377202834,28.8,0.05271026506463472,19,sale_exec,124,355977.8137958413,30,0.4665898480373414,0.0764082565607716,False,0.522215252963982
8588,94,712400.8987931265,0.10785700557043801,0.7014018897311317,28.8,0.22815171079199792,62,sale_exec,119,712400.8987931265,25,0.2116888132482179,0.04331520155192534,False,0.2004436636495328
9100,94,860746.0112588229,0.1141817445717708,0.7977168373111975,28.8,0.16776186568663176,47,sale_exec,115,730497.2331374506,21,0.26229485575996275,0.07376377747718121,False,0.3043769890841823
9330,94,1532135.4689842048,0.12613890038637818,0.6797448158593397,28.8,0.03726932847558939,14,cured,99,,10,0.007807681465720319,0.046689297224322995,True,
9586,94,552898.5605893444,0.10521031590162709,0.905679949891446,28.8,0.09996210339304579,32,cured,100,,28,0.14267453712276157,0.06508397865578845,False,
10174,94,1072643.7781675386,0.11239191145639965,0.8112560292327344,28.8,0.02021705407004748,8,sale_exec,124,787164.053188642,30,0.3702294913985318,0.067613362431321,False,0.4451831003831954
13328,94,1862179.2106794294,0.10303303069606286,0.877382297231888,28.8,0.03432078001758354,13,vol_sale,104,1472964.2879119597,10,0.2262220908582954,0.06436489154143868,True,0.27382545925994883
14813,94,290804.12845690415,0.10298670885738388,0.9498468936351369,28.8,0.03432078001758354,13,cured,95,,28,0.19245149370936857,0.06134004617424116,False,
15164,94,1638440.7185481943,0.10262146562888311,0.9149823216255399,28.8,0.012255619619711,5,vol_sale,105,1223847.6045065385,11,0.2158764160593513,0.08599218824446958,True,0.3198317339730331
15819,94,1253029.0150491202,0.11213666038405187,0.8903829109147854,28.8,0.08420053969543084,28,sale_exec,121,1253029.0150491202,27,0.06631441966324463,0.048282921476364385,False,0.22208336018106822
16286,94,1171735.9038274798,0.11351965556545908,0.47599768678898796,28.8,0.16776186568663176,47,sale_exec,114,1171735.9038274798,20,0.11686720268407541,0.08212465681113425,False,0.1716422225177281
17171,94,655797.6940433732,0.10661361016116501,0.48264330501269376,28.8,0.24314972158234438,65,vol_sale,107,655797.6940433732,13,0.018533519177888903,0.07058875893508189,True,0.10862318370959145
19641,94,894671.1117195195,0.10818594558458561,0.6136579846773195,28.8,0.20192183286331988,56,sale_exec,112,894671.1117195195,18,0.3075174296042376,0.08560059379818447,False,0.14917751936361023
20191,94,1513414.6796809575,0.12551432497681708,0.854573063102806,28.8,0.09589106582736195,31,sale_exec,118,1427869.379990688,24,0.12958088271549215,0.08276069037245519,False,0.2650185355122907
20227,94,888344.8700972464,0.10341831049081378,0.6991236180283303,28.8,0.03726932847558939,14,sale_exec,114,888344.8700972464,20,0.17459871998708024,0.06545543289275688,False,0.15770532725895503
21025,94,2123619.7108881255,0.10315061209005592,0.8311052453258054,28.8,0.07677009691178571,26,cured,100,,22,0.2893881337596813,0.0813293767438452,False,
21247,94,1369213.6465363665,0.10203504890977512,0.7276335497350059,28.8,0.2101190849180632,58,sale_exec,116,1369213.6465363665,22,0.14664488204480067,0.06835218963726437,False,0.16995340377213752
24367,94,325119.67960474925,0.12493711080132477,0.7600865785326057,28.8,0.1591878707571468,45,sale_exec,123,325119.67960474925,29,0.14913340388613133,0.08715822728519715,False,0.2594561336752055
24794,94,1112494.7412304846,0.10270934478806984,0.7781693163131393,28.8,0.06609298726912094,23,sale_exec,120,889011.9439441811,26,0.3562816021763367,0.040624844569951614,False,0.35971351531499207
26834,94,813254.0199696089,0.13,0.945985874725255,28.8,0.06265684845493968,22,sale_exec,120,654918.8775085543,26,0.19724390118615456,0.056127784895730476,False,0.39145476693942227
28384,94,822310.335268248,0.10781930566746231,0.8808302869118299,28.8,0.14547575340861818,42,sale_exec,124,630756.4907421853,30,0.27701008612201933,0.08037141797557737,False,0.4134764826899441
1875,95,256849.42413204742,0.10182752942038668,0.5916248110827443,28.8,0.25113087835202563,67,vol_sale,106,256849.42413204742,11,0.08907904082797317,0.08046253316266468,True,0.0887592037905891
2706,95,366417.0096535333,0.11362569960671014,0.8900229691443892,28.8,0.03963101066097585,15,cured,104,,18,0.29965831699883555,0.06407882725615657,False,
2723,95,723311.1622329494,0.12109316063870551,0.7227154926539681,28.8,0.2716953117356147,71,vol_sale,110,723311.1622329494,15,0.09456445518929546,0.0804663880560419,True,0.13981502303645665
3516,95,505668.74635715684,0.11575328698658033,0.5103727502925772,28.8,0.3590990387846549,88,cured,104,,22,0.18552588100547954,0.0681924415477809,False,
4113,95,1362629.6711246965,0.10956534257263328,0.4742353513682789,28.8,0.3695517043101144,90,sale_exec,114,1362629.6711246965,19,0.27649011457193834,0.04796773341975327,False,0.15860266838771864
5279,95,545919.6487939522,0.11609208250137983,0.7273097075732546,28.8,0.01983879154802093,8,cured,101,,22,0.1981654687374241,0.06865453440955148,False,
7091,95,1520181.6637221167,0.1131913000417076,0.8469895347955899,28.8,0.09439373306856069,31,sale_exec,117,1520181.6637221167,22,0.09558272970627216,0.06931176539629491,False,0.18661016267301378
8629,95,930529.1869149256,0.1014823961343627,0.9639763732021674,28.8,0.017179028734494617,7,sale_exec,118,718425.5368857508,23,0.18081329193751572,0.0822120556437924,False,0.36388852076242395
9323,95,1023909.8990935243,0.11019083989727918,0.6411301006707688,28.8,0.3960132812901165,95,cured,101,,29,0.20189846732098907,0.07761646856915025,False,
9608,95,578083.0426529348,0.10137012391020558,0.9460416434983187,28.8,0.07202551130181667,25,sale_exec,116,351068.3249007572,21,0.34089831492267975,0.08827859574790985,False,0.4910417523018623
9737,95,873304.3118803372,0.10675106837939512,0.5319474515994325,28.8,0.3960132812901165,95,vol_sale,110,873304.3118803372,15,0.01579820410076838,0.08101521720463976,True,0.12440252878468439
9974,95,511348.2005315797,0.10463652498699064,0.604623257547809,28.8,0.051903340803054476,19,cured,98,,21,0.2752308341747601,0.04152542679521249,False,
12340,95,1644853.5459624394,0.09988992706755222,0.7887791800093322,28.8,0.18618636033465807,52,cured,101,,26,0.10082234966842078,0.0845829225508017,False,
13220,95,906206.9895250906,0.10333696542382038,0.6633182975841518,28.8,0.11524257731143672,36,sale_exec,114,906206.9895250906,19,0.10108953195789636,0.06412287122466445,False,0.15033777781710211
14301,95,1116111.9468393326,0.11029341235013879,0.802457139417881,28.8,0.04262967605070611,16,vol_sale,109,1116111.9468393326,14,0.05224055102175619,0.08217216477102601,True,0.12022396518834022
17201,95,1511909.5578339873,0.11690113521764946,0.6525197379509667,28.8,0.33316034580333365,83,sale_exec,124,1511909.5578339873,29,0.1810008756065574,0.04419209613200597,False,0.24508028353790368
17620,95,714270.8204083535,0.10374991066482246,0.7259473599088445,28.8,0.19697742824247944,55,sale_exec,124,714270.8204083535,29,0.1346505230925016,0.042861687464125366,False,0.22092758496854548
20707,95,931316.4041012211,0.12181230573756945,0.7060851547549514,28.8,0.11968247687202593,37,sale_exec,117,931316.4041012211,22,0.21764448635562764,0.05092206254258168,False,0.19924215759979602
21459,95,498129.0688624419,0.10834963557024853,0.73204250057161,28.8,0.09048827572073637,30,vol_sale,110,498129.0688624419,15,0.00851146635931807,0.04341434040275286,True,0.12613489772820452
24486,95,1483484.606636369,0.10770426460112088,0.9218259325463208,28.8,0.04567205761303206,17,sale_exec,114,1002578.7091110498,19,0.28970178758401505,0.08870343979210407,False,0.4296980968271794
25893,95,1601867.889440808,0.09303660016345175,0.8869120718419795,28.8,0.051903340803054476,19,sale_exec,113,1304164.8856417146,18,0.21998789915314756,0.05596637610452396,False,0.29151342598505425
27742,95,801991.86662298,0.10146144556439622,1.012065893680139,28.8,0.009465585536734045,4,sale_exec,115,580787.3328036992,20,0.1787212803884994,0.08342497696960728,False,0.3880503897268879
4302,96,1924087.8414985656,0.10988104842808585,0.6351041760702836,28.8,0.07089521829592749,25,sale_exec,124,1488296.5250691567,28,0.4712521586207601,0.08217614315727959,False,0.4007294998517221
6892,96,1052583.3640812458,0.10558800166256171,0.7337760472568002,28.8,0.25391167599106357,68,vol_sale,108,1052583.3640812458,12,0.10921901311871056,0.08229467644134753,True,0.09978906810336952
7162,96,722282.6430764961,0.10939660751893591,0.5357565691031936,28.8,0.22894669577411708,63,sale_exec,118,722282.6430764961,22,0.353107070702669,0.05108239563626249,False,0.18098409268988236
8845,96,1319385.4264815203,0.10633588991435376,0.5291390483285255,28.8,0.3937713409961596,95,sale_exec,115,1319385.4264815203,19,0.2537870843978468,0.057025218636758496,False,0.15432788690290367
11402,96,323606.46506206,0.1084663155971133,0.5230721466598436,28.8,0.10082752272292517,33,sale_exec,114,323606.46506206,18,0.19096122863827528,0.041693784122093756,False,0.14953206195155888
11528,96,3323331.7077541635,0.10020231632065978,0.8421495474056861,28.8,0.07089521829592749,25,sale_exec,122,3072841.2683069715,26,0.1654987900980373,0.08495307301794486,False,0.2551472840365494
11736,96,767960.562309421,0.09599015057306796,0.9305881297110508,28.8,0.06072257632437328,22,vol_sale,110,692029.7961810731,14,0.07456081695176267,0.07264907790198885,True,0.19398453006975658
11758,96,1475367.7623178298,0.09298953489396856,0.597706133651191,28.8,0.29505937689127393,76,sale_exec,121,1475367.7623178298,25,0.08550097151936524,0.07240303276003723,False,0.17550272393803923
13345,96,406710.69203923416,0.11094718698804758,0.7514259796755127,28.8,0.23856255658280712,65,sale_exec,118,406710.69203923416,22,0.20272685805106522,0.0522370203427685,False,0.18328790560420605
14358,96,911154.7113048945,0.10943084680358045,0.8542295631075634,28.8,0.15063556523475574,44,sale_exec,122,911154.7113048945,26,0.09865780136812556,0.07320086106803574,False,0.2102395517460277
19931,96,539432.8014970995,0.10878727171084278,0.7761268493909108,28.8,0.022105513081959627,9,sale_exec,123,538055.2836539536,27,0.20623584689495866,0.049033080541501996,False,0.2182540228327834
20084,96,662044.1511957349,0.10934340476799086,0.6961887611160207,28.8,0.07089521829592749,25,sale_exec,126,662044.1511957349,30,0.09545623151250995,0.08713173020792235,False,0.23823762169998142
23746,96,611062.7064688983,0.1043574446507002,0.45034950384281885,28.8,0.3831430004239771,93,cured,101,,15,0.036282317706481215,0.05329992939597785,True,
24778,96,703550.3295906985,0.10354736181336673,0.6994824363269532,28.8,0.279663582687417,73,sale_exec,117,703550.3295906985,21,0.1612842651364435,0.08896020548272948,False,0.16508932439379087
28726,96,787071.1435959475,0.10167229460194918,0.4924653371626921,28.8,0.28993259286471185,75,sale_exec,121,787071.1435959475,25,0.11696694303354517,0.054699360700226324,False,0.19016518625721646
29732,96,841261.954233991,0.10764249024123074,0.7297224311865056,28.8,0.19963786294522046,56,cured,97,,18,0.24619889064069753,0.06823420512618328,False,
315,97,1766534.6278360186,0.0998765404366923,0.7826829062608927,28.8,0.14337622568986297,43,vol_sale,107,1766534.6278360186,10,0.053149964706525527,0.059895105005143515,True,0.07954392210121775
481,97,1712153.76937083,0.11848378117795522,0.49969897180820594,28.8,0.2978675783779099,77,sale_exec,121,1712153.76937083,24,0.31173691385206787,0.04520133319169897,False,0.21006557172505913
956,97,786946.0160325652,0.10506056136415336,0.5249245059491598,28.8,0.2566306529703901,69,cured,103,,18,0.12018526351500061,0.0755383632358627,False,
1392,97,348872.6819285446,0.10892863902758912,0.7198197518375885,28.8,0.22700436784515388,63,sale_exec,123,348872.6819285446,26,0.09727163522229512,0.04514011712794783,False,0.20938748894082226
3024,97,1867736.0083983822,0.09479339266509129,0.8992996100531544,28.8,0.08396580445809199,29,cured,101,,23,0.2021003145495623,0.08152831066928523,False,
3884,97,507991.22517954675,0.10153376540078309,0.6536998347240217,28.8,0.12460442498591107,39,sale_exec,123,493590.59858493786,26,0.3261073126897448,0.08090025384552957,False,0.2195012237634133
4623,97,1004489.928817028,0.10684303925765595,0.8517317861892753,28.8,0.03542586033114836,14,vol_sale,109,812297.5940228307,12,0.2293527455396928,0.07314484261441095,True,0.2729344138392533
5370,97,1401403.7871373212,0.09939263797963215,0.8024137674359864,28.8,0.05336865046734007,20,vol_sale,110,1401403.7871373212,13,0.0019286009195379299,0.0840334265634125,True,0.10168265523925335
6146,97,738975.545648979,0.09951438792843485,0.5342492023628591,28.8,0.05026866756096027,19,vol_sale,111,738975.545648979,14,0.24636019967306327,0.06781688321277386,True,0.10918754592765423
6438,97,831411.2833832925,0.09693600730513008,0.636216922508418,28.8,0.28243839999650655,74,sale_exec,121,831411.2833832925,24,0.2894821547071482,0.052350615126541225,False,0.17559482861714237
6711,97,985462.4954097336,0.11529259481215885,0.9355840750938788,28.8,0.0803206162111989,28,cured,102,,13,0.1212491866612242,0.048207529285009376,True,
7785,97,1580650.6093381415,0.10293764434111341,0.6145229670371806,28.8,0.31837966257369543,81,sale_exec,121,1580650.6093381415,24,0.2996983436650457,0.07936239535618902,False,0.18535047828314744
8842,97,399696.6277447772,0.10379551737857624,0.5920072309350569,28.8,0.13854127473392563,42,sale_exec,121,399696.6277447772,24,0.23804528096640007,0.08736168618286139,False,0.18673509491707707
9269,97,830289.1959190065,0.11177475707702139,0.6231527684696345,28.8,0.08767405523036009,30,cured,98,,25,0.19446595555466314,0.05730367386882694,False,
9913,97,581939.3386566294,0.0950514101740962,0.9014793129375726,28.8,0.05652734249210356,21,vol_sale,107,495092.584304074,10,0.14556745399939858,0.0685016273078666,True,0.21378019621871835
10581,97,1347061.5751878035,0.09825378932231799,0.6961316731816801,28.8,0.032586558602434534,13,sale_exec,115,1347061.5751878035,18,0.2088531374065215,0.04275892885132313,False,0.13651659029475638
11862,97,601781.2064128299,0.1087131746084453,0.6076134364859039,28.8,0.21820592077675594,61,sale_exec,116,601781.2064128299,19,0.15408766004140365,0.04335719185289861,False,0.1574768792801039
12151,97,1187004.6541455213,0.11577025291076447,0.6666669220848404,28.8,0.02978964664996009,12,sale_exec,116,1187004.6541455213,19,0.13460800575601503,0.052943237589500945,False,0.1667523126557643
14722,97,1011856.2099783553,0.10912625358365241,0.7512017913550985,28.8,0.02432184252024805,10,sale_exec,122,1011856.2099783553,25,0.11253398020188328,0.08754998924733692,False,0.20253621728567606
15021,97,1767729.6033064341,0.11872040359195814,0.7457716086295321,28.8,0.04420106511637312,17,cured,105,,15,0.06681421653747963,0.06472535077588248,True,
16942,97,636100.7865545409,0.1019002330594014,0.6420725963155755,28.8,0.19505327787701066,55,sale_exec,124,636100.7865545409,27,0.3349658455893791,0.05540979468885574,False,0.20412053664869267
17042,97,461030.86800608336,0.10756724260821508,0.69170938696329,28.8,0.15313059871547918,45,cured,105,,24,0.2056521893745872,0.07591601023799255,False,
19335,97,517424.1554801131,0.1030012173540932,0.48999615363617627,28.8,0.39679358910435947,96,sale_exec,118,517424.1554801131,21,0.2218318636830125,0.06727264380177081,False,0.1642977900741277
23336,97,2299753.434039537,0.09500652417383698,0.7616973479066328,28.8,0.21401218929636223,60,sale_exec,127,2281722.7297040205,30,0.21648538444507304,0.07779037270857286,False,0.2168665664379753
24335,97,1355695.8776221748,0.11760141739781631,0.9998354766372318,28.8,0.016431002975098252,7,sale_exec,120,998189.0345249203,23,0.18854865117188663,0.08210537043969826,False,0.4116497740753279
24458,97,1077343.5289369388,0.11189902157444857,0.8820808152054407,28.8,0.10731279564456431,35,sale_exec,124,938484.1888472608,27,0.19051110742844587,0.07006779709293554,False,0.32199034523546677
25515,97,799996.7745210996,0.10535379407747406,0.9095125375602253,28.8,0.059745188508483205,22,vol_sale,108,789237.7365688201,11,0.0307452772053937,0.04950307308255129,True,0.10389075357754107
25687,97,1754225.341177027,0.10780146138905217,0.7706366333066654,28.8,0.059745188508483205,22,cured,105,,20,0.2287090502750618,0.05300080096490878,False,
28786,97,902267.4634845414,0.10898408037138774,0.8274560029504908,28.8,0.032586558602434534,13,vol_sale,110,901470.5740328671,13,0.10434130913715962,0.05849318629058165,True,0.1116742525902421
885,98,2337470.5497336537,0.08878277661612555,0.8583319473343466,28.8,0.026487394384629548,11,sale_exec,119,1381104.853615733,21,0.4235061979284046,0.0824176779302955,False,0.4938810240658169
1307,98,2532335.198337245,0.09482140485846588,0.8124290763995882,28.8,0.05876098104331784,22,sale_exec,122,1392997.245257821,24,0.4943455150462485,0.08132877484452032,False,0.5446011444022897
1398,98,798208.842097143,0.10679257235331753,0.9297964895734026,28.8,0.01116246957806033,5,sale_exec,117,623157.093882455,19,0.19409874465472027,0.08194348630380013,False,0.34026161538814215
3090,98,961983.5363060492,0.09089697825981506,0.911634819114514,28.8,0.026487394384629548,11,sale_exec,120,684720.3985786381,22,0.314737893516929,0.04461638687465082,False,0.39709958384078337
3410,98,739295.0324229645,0.0969645018702307,0.6406927892155552,28.8,0.32632116263442423,83,cured,100,,20,0.1755515181646963,0.061290372977791226,False,
5060,98,778480.3824081178,0.0861022613409247,0.7256405033443852,28.8,0.24891532050013554,68,sale_exec,116,674452.6668164142,18,0.30276914544049316,0.08672247508618311,False,0.2382482321720567
5392,98,821240.5626368189,0.1120095146370001,0.5784692043178318,28.8,0.3418515759567857,86,vol_sale,111,821240.5626368189,13,0.012915473034633558,0.08299431645792946,True,0.11377181997020414
6171,98,1608303.07849653,0.10902588167388083,0.7962232134535341,28.8,0.07901433337293962,28,sale_exec,125,1608303.07849653,27,0.1578400597856071,0.0834836089735757,False,0.21666949024253013
6923,98,571796.1363424511,0.09375904210052668,0.6485916695557993,28.8,0.3418515759567857,86,sale_exec,125,571796.1363424511,27,0.1713735786028614,0.08491991556365985,False,0.18952758987166562
7081,98,1710546.003436319,0.08735254855386787,0.5118445613679476,28.8,0.36795937024035474,91,vol_sale,110,1710546.003436319,12,0.026667561106745973,0.05861014290410893,True,0.08335603884156972
9103,98,320052.46373627585,0.09846286320961087,0.8289416613129609,28.8,0.016046562658883934,7,cured,106,,18,0.15263722682590988,0.06339165354242438,False,
10088,98,896907.8418207249,0.0903543571127855,0.6411025071838548,28.8,0.03476958316980605,14,cured,102,,21,0.24417692146769054,0.08983330401512311,False,
10669,98,2334998.696718725,0.09209442918409619,0.6839270240405952,28.8,0.30061144211038826,78,vol_sale,110,2334998.696718725,12,0.1655554397738455,0.05281596671526816,True,0.08766025961016877
10793,98,1024902.4940421222,0.09528005923625006,0.7275124957603509,28.8,0.24891532050013554,68,vol_sale,107,1024902.4940421222,9,0.05995707575795044,0.06279263197833512,True,0.06870374496867948
10928,98,1157442.4022089688,0.1028131297416186,0.7659813492008039,28.8,0.07548626655279511,27,sale_exec,121,1157442.4022089688,23,0.17377897233709722,0.08043836994852943,False,0.17816786051366673
12042,98,1050884.3645040195,0.09781979633538043,0.6325976719136331,28.8,0.14094830158606153,43,vol_sale,107,1050884.3645040195,9,0.1516869241090675,0.07671655874334514,True,0.07046186026121104
12714,98,1717387.0835655737,0.09682957924077537,0.772915846880431,28.8,0.16029174476776187,47,sale_exec,121,1676366.489685701,23,0.20829163207745208,0.05873641705550393,False,0.18862148407412038
15287,98,875297.6192768828,0.09170794849541436,0.8242449674807135,28.8,0.10965380136124603,36,sale_exec,123,875297.6192768828,25,0.08763631543036121,0.043343031481094724,False,0.17331525478998855
15976,98,1210052.938598337,0.09721812631921704,0.6630401442277191,28.8,0.23897287945172496,66,sale_exec,127,1210052.938598337,29,0.2556935421697614,0.06153575903822564,False,0.20863597978054582
16541,98,505392.39360043965,0.10104698886004425,0.5109099948605527,28.8,0.4051142666015699,98,vol_sale,110,505392.39360043965,12,0.03435284900606897,0.08344699131899684,True,0.09572695649202378
17413,98,969020.4944758505,0.09796151231388323,0.5083668832419831,28.8,0.39439942943351625,96,sale_exec,124,969020.4944758505,26,0.24098434321356646,0.051005159586707004,False,0.1905402933441167
18221,98,1214319.7083349843,0.09497610316247773,0.6499230392492112,28.8,0.11813607900973566,38,cured,102,,25,0.11525386496925302,0.07386997471824541,False,
18527,98,633121.2784685793,0.10161712400775165,0.6862577355369969,28.8,0.2903086693187784,76,sale_exec,122,633121.2784685793,24,0.16485348685457063,0.08055504133856567,False,0.1832143427155719
19023,98,1266429.68893721,0.08899761743966514,0.5623353394886377,28.8,0.20111456635000646,57,sale_exec,119,1266429.68893721,21,0.1780330591919267,0.05681578702484604,False,0.1437313668367486
23222,98,3010302.9725442543,0.08884095549217284,0.7927314391198205,28.8,0.05248907444552131,20,vol_sale,109,2634609.2656584233,11,0.22338365794647086,0.07756867308060664,True,0.19300952086059175
23490,98,426707.34097687906,0.09036616775396117,0.4982904716326523,28.8,0.36795937024035474,91,sale_exec,116,426707.34097687906,18,0.12443997816751809,0.07184381331222504,False,0.12632027840474191
24360,98,688336.715772232,0.10257799804886408,0.6682718551657914,28.8,0.08997354205214703,31,sale_exec,120,688336.715772232,22,0.18605941771938206,0.059822860298322206,False,0.17077224905088095
24797,98,1862290.9468412143,0.09756509602782841,0.8437106488715692,28.8,0.018579872560942734,8,cured,100,,22,0.20289536122398266,0.059570349259919046,False,
25572,98,994157.2409687808,0.08638898948514857,0.5924104243650375,28.8,0.35226126048903783,88,vol_sale,113,994157.2409687808,15,0.20173921878461723,0.0744919271184887,True,0.10201273424703561
26539,98,2023781.6233053822,0.11157955896861188,0.8384850521140628,28.8,0.09759746150905135,33,sale_exec,119,1558142.428408676,21,0.3200605135251983,0.04296327441208721,False,0.36608188912201167
27001,98,784335.6751553582,0.1175,0.7544433098889763,28.8,0.13619863540486388,42,sale_exec,128,688249.8154714075,30,0.313986293800411,0.07073065132309474,False,0.3449255452121113
28824,98,607536.323096946,0.0924331656122424,0.4774442279004195,28.8,0.23421532849282056,65,sale_exec,124,607536.323096946,26,0.1658800382093766,0.07100574177104152,False,0.1808634436464327
29468,98,1751462.8881794869,0.09201630445929121,0.6888530861316554,28.8,0.13154351145099463,41,sale_exec,126,1751462.8881794869,28,0.14806428610324276,0.049421920025429444,False,0.19255934099120997
29625,98,548636.8674825118,0.10451462923959301,0.6139478652483453,28.8,0.21251189169313278,60,sale_exec,121,548636.8674825118,23,0.201576843233966,0.08808596684137138,False,0.18082077970036214
4006,99,1519806.455234406,0.08096616620602137,0.47686638051472907,28.8,0.3550466972796964,89,sale_exec,117,1519806.455234406,18,0.15369752468710685,0.048321210781858435,False,0.11400268867048235
4108,99,990513.0657259268,0.0816894537656399,0.6729249367988964,28.8,0.28779684225475655,76,sale_exec,123,887645.6617667939,24,0.352290364130389,0.0825177808294309,False,0.23850810067534323
4601,99,630083.9441509625,0.08782578530481762,0.6394604994075733,28.8,0.1338743058167866,42,cured,103,,23,0.416362886978305,0.07842204427268232,False,
5292,99,1588982.4101157556,0.08267519691377337,0.7720150674572491,28.8,0.060941855313165094,23,cured,101,,18,0.36552334860151975,0.048720397321143964,False,
5347,99,338096.8407270454,0.07668757583197587,0.4959616854819747,28.8,0.3084443676684956,80,sale_exec,122,338096.8407270454,23,0.39325473560919,0.06322085402388129,False,0.13628882116644014
6314,99,1003934.4751398095,0.09064175573595218,0.5706245567952496,28.8,0.2566862837075543,70,sale_exec,118,1003934.4751398095,19,0.3151950731140142,0.08282172453383747,False,0.1332258259028627
7914,99,377243.09865363844,0.09200101105295809,0.7357556656821399,28.8,0.2035886656980106,58,sale_exec,117,377243.09865363844,18,0.14371182573806499,0.08512194021386343,False,0.12844402990150838
8553,99,1101720.6034859207,0.09784820208316611,0.9561613595068919,28.8,0.04558341978898772,18,vol_sale,114,939022.8819399686,15,0.09522256979148991,0.07856462171660544,True,0.24542670471522443
9928,99,564565.8868003647,0.07574351968648455,0.807940359259167,28.8,0.16268175578723354,48,vol_sale,114,509749.57305282436,15,0.22230343010658704,0.04402494097970618,True,0.17841458029506585
10098,99,896050.4118778983,0.09051929956223023,0.8143023234483241,28.8,0.09600631635046852,33,vol_sale,114,896050.4118778983,15,0.075812553401941,0.0878548161169381,True,0.10660324387638875
10645,99,930587.7307556132,0.07849588766651729,0.8382443319540738,28.8,0.06746429513148788,25,sale_exec,118,861882.6191334862,19,0.1856532567759938,0.04211507177770401,False,0.1817420838539371
11001,99,1069348.193968976,0.08835585039658514,0.8001012082000785,28.8,0.08483454502242327,30,sale_exec,127,1069348.193968976,28,0.09690797919883032,0.061550896156867055,False,0.18568528985584043
11082,99,1903607.0425134592,0.07824889901457112,0.7092555486378036,28.8,0.006355779501248993,3,sale_exec,120,1903607.0425134592,21,0.24450832685312027,0.06507549780728548,False,0.12758586637000413
11540,99,754959.7681563512,0.08196913284547201,0.7462392371608698,28.8,0.20726249668344976,59,cured,107,,22,0.18331408027687415,0.04527803045233931,False,
12321,99,202945.1060043907,0.09412778572227543,0.5149074643288738,28.8,0.4026298443146914,98,sale_exec,122,202945.1060043907,23,0.2678005368527916,0.08098428536144366,False,0.16448559936881268
12326,99,730089.8025566721,0.09465068206598015,0.6853833331732707,28.8,0.24152496072617113,67,cured,103,,23,0.2880782931257388,0.0674418153575676,False,
13127,99,1643061.2917061453,0.08121881570967572,0.6595540939179468,28.8,0.08123692623250145,29,sale_exec,117,1643061.2917061453,18,0.1932321346445699,0.05883185735023114,False,0.11433614227086197
13842,99,1226061.479101187,0.09388706407254888,0.52555673403664,28.8,0.39193395235336803,96,cured,103,,15,0.1559945102524404,0.08972497708729603,True,
14294,99,664747.9138615588,0.07349723585379514,0.7685201393493305,28.8,0.1673027865965313,49,sale_exec,129,664747.9138615588,30,0.1613672284537396,0.07864220440055575,False,0.16738396433058123
14860,99,1735133.3136471326,0.07812675730701545,0.9722508202867292,28.8,0.04856407476537039,19,cured,106,,23,0.2206560068982742,0.06202533638872329,False,
15267,99,916585.1679052517,0.08701894257296036,0.7396594865641453,28.8,0.2232959789699278,63,sale_exec,124,840731.7422223622,25,0.27217514374728424,0.08772664094411342,False,0.23434045236041767
16172,99,1053937.3419728538,0.07799545130584175,0.7387552560514079,28.8,0.21106908492460041,60,vol_sale,111,1053937.3419728538,12,0.1395620942265055,0.043355323841040766,True,0.07479789537875392
17708,99,1536141.429390854,0.08397949112116393,0.7919070909464769,28.8,0.10782413972625826,36,sale_exec,128,1316511.8595841597,29,0.2855605618524186,0.08183859313587166,False,0.29989963685933707
18564,99,1014451.0935278442,0.075925635552253,0.8802182369315563,28.8,0.06417314653055772,24,cured,101,,30,0.23930345456619923,0.05405372016807342,False,
19470,99,960902.4480292585,0.07215905426754457,0.5198392970127012,28.8,0.27744338574003846,74,vol_sale,114,960902.4480292585,15,0.07788600062832196,0.0741994473295379,True,0.08600365450786907
19644,99,507774.3032113077,0.09801277551336096,0.6809963737013698,28.8,0.28779684225475655,76,sale_exec,118,507774.3032113077,19,0.16483183947943733,0.06531521869839449,False,0.14320497132626897
20429,99,678383.1743992995,0.08870100181953587,0.675574307497341,28.8,0.19258639760149632,55,vol_sale,113,678383.1743992995,14,0.10428724553147709,0.07534548862688606,True,0.0979667622676611
21336,99,550246.602649775,0.0898426371645677,0.6636987672793802,28.8,0.27744338574003846,74,sale_exec,125,531116.6947274256,26,0.32654872392487017,0.07588298052559089,False,0.20492494018134666
22593,99,913511.9407998576,0.08129651340103738,0.5308083030260287,28.8,0.12482533632200066,40,sale_exec,122,913511.9407998576,23,0.15159473875143425,0.0854673051353262,False,0.1438356103026811
22783,99,1792368.1438276279,0.07977680016471085,0.8196021605869882,28.8,0.06417314653055772,24,cured,106,,29,0.2824484461914213,0.046612382236061456,False,
25951,99,1267207.2220407573,0.08188019579390277,0.6469505247695868,28.8,0.28779684225475655,76,sale_exec,122,1267207.2220407573,23,0.22109392278007112,0.06697926486558918,False,0.1447864258834456
27099,99,561501.0237061424,0.07488199018449995,0.764455625638037,28.8,0.12482533632200066,40,vol_sale,114,561501.0237061424,15,0.034700169091952913,0.08628693428647523,True,0.08909042845637649
27488,99,1493453.7077757048,0.09516008738117762,0.7810523614068656,28.8,0.10782413972625826,36,sale_exec,127,1493453.7077757048,28,0.17366057303131696,0.07885580180084925,False,0.19841514356207346
29027,99,1136138.4488200976,0.08285238155650976,0.8886119991450337,28.8,0.0708157669442091,26,cured,105,,23,0.13329764698468596,0.06945606447360013,False,
29575,99,4346630.3845277885,0.08015487018046112,0.8026162807765921,28.8,0.06417314653055772,24,sale_exec,129,4346630.3845277885,30,0.06577603276448946,0.06459623997622552,False,0.18104069947289725
1035,100,999441.8447050897,0.08465239694952885,0.796368932261893,30.1,0.18284499222816786,53,vol_sale,112,999441.8447050897,12,0.0789584902951633,0.06087920663163024,True,0.08089527640873151
1150,100,643437.1652141468,0.09288470582424892,0.7971418999504145,30.1,0.09820436566127766,34,sale_exec,124,613992.0702433094,24,0.2116241463061448,0.05382050063597484,False,0.20697180252284753
1761,100,1690135.5484809321,0.0763260351288417,0.5686976989484617,30.1,0.33690516949420624,86,sale_exec,124,1690135.5484809321,24,0.40769431502974696,0.04665154938133695,False,0.14115657291038752
2025,100,1263782.5273888777,0.08922301635143416,0.7112478093449904,30.1,0.29037952897777264,77,cured,108,,21,0.242271486737544,0.05296583319211067,False,
2436,100,518344.92570994585,0.08182417679322236,0.9433048766380344,30.1,0.050666978286539655,20,vol_sale,109,457476.34277124633,9,0.06669690653408585,0.07575344649884105,True,0.16978915538672834
3354,100,874817.2053541841,0.09065451135775396,0.5240423808714603,30.1,0.20968367114130948,60,sale_exec,129,874817.2053541841,29,0.34336242982667514,0.06170443675931637,False,0.1960822764244442
3568,100,1059625.9439173888,0.07387068060085465,0.6976493352488179,30.1,0.19877805309516505,57,cured,108,,28,0.19731177386771195,0.07733612752837773,False,
3928,100,1620439.6998592352,0.07015948405646137,0.5623382290657178,30.1,0.3893975019127387,96,sale_exec,124,1620439.6998592352,24,0.37703798672044186,0.05407800714828366,False,0.13056383520593984
4062,100,640216.2032041303,0.0952684272727305,0.8011822867793742,30.1,0.04183743558298936,17,cured,105,,13,0.06702673583315547,0.04825027813973366,True,
4782,100,718066.3609925755,0.07336346295305488,0.8030925773191151,30.1,0.07986293121447274,29,sale_exec,123,671546.5059677059,23,0.20144780371303742,0.07377746708111702,False,0.18711362450201863
4978,100,1235380.5766475794,0.07332424229765715,0.7885560109531808,30.1,0.02797666242895258,12,sale_exec,123,1235380.5766475794,23,0.08477049996302963,0.06159518267209627,False,0.1307378262693667
5055,100,781689.7887252392,0.07166505322545631,0.8257863536340145,30.1,0.0696051031936531,26,sale_exec,129,743677.281448637,29,0.19776918359314216,0.0622379749333775,False,0.19950599331565
5824,100,2270912.038573716,0.08277783482758241,0.9191044448479775,30.1,0.0696051031936531,26,sale_exec,129,1887804.040342762,29,0.2097970426922362,0.06574420382161539,False,0.31895498602230576
6382,100,1207292.4605771974,0.07331810463372922,0.8242987321274861,30.1,0.050666978286539655,20,cured,109,,9,0.031021109336588176,0.046236407920090705,True,
6471,100,2594898.773129928,0.08304896675483615,0.8201513358677649,30.1,0.09820436566127766,34,cured,103,,22,0.3273114789347455,0.07584037275413155,False,
7302,100,837118.5028577715,0.06892848847035692,0.8169947952481039,30.1,0.04768034558309586,19,sale_exec,122,658659.1858217943,22,0.30705546134172346,0.0701426164921266,False,0.30633542335041986
7766,100,1721451.036373663,0.07180270943609945,0.4792118843766518,30.1,0.17856117963204143,52,sale_exec,128,1721451.036373663,28,0.21609136795285067,0.06827782786072165,False,0.15383457797122446
9683,100,1249381.4576016143,0.08628458123157019,0.5469122602371091,30.1,0.3525326180229138,89,sale_exec,127,1249381.4576016143,27,0.1952982586878561,0.07221035517575629,False,0.1758853860564854
11325,100,1184232.331230105,0.07695083053979515,0.5844730041875597,30.1,0.23923793713144992,67,vol_sale,114,1184232.331230105,14,0.047775167948016235,0.06590993872134873,True,0.0856019932313885
11556,100,694192.6921694669,0.08054318844588704,0.5803124990855316,30.1,0.16027102652602276,48,vol_sale,114,694192.6921694669,14,0.008587065989270403,0.08981490112992037,True,0.0894014122121084
16096,100,699425.7579367901,0.07576515400020883,0.7030233980336641,30.1,0.29037952897777264,77,cured,109,,27,0.21717953155190103,0.07229089845627605,False,
16951,100,759338.8718229206,0.08466704253489689,0.7536858938209244,30.1,0.23923793713144992,67,sale_exec,121,583842.8169957481,21,0.38285108044486094,0.05502847949987534,False,0.33665722609377435
18668,100,1147076.8681518303,0.0871551739960431,0.5344241596183601,30.1,0.20245329975652693,58,vol_sale,115,1147076.8681518303,15,0.13796006935029514,0.051223654005291414,True,0.10286618411073822
20185,100,695225.5864616886,0.0916104848012814,0.6730393269586786,30.1,0.28000530852436456,75,sale_exec,119,695225.5864616886,19,0.22933733492729416,0.05342829100351518,False,0.13454427883450804
21538,100,634762.6698140849,0.09197955202998162,0.6985081627677443,30.1,0.08701018925773063,31,vol_sale,109,634762.6698140849,9,0.002672162247781127,0.08713038880009921,True,0.06641346880440246
22498,100,821134.1670956666,0.09411346291880777,0.49634339176156517,30.1,0.32137945588705197,83,vol_sale,111,821134.1670956666,11,0.08747434855658891,0.06974824671627064,True,0.08234532622475843
22647,100,1491501.3998070133,0.09832702880094248,0.6630767312371766,30.1,0.34210304941188263,87,sale_exec,121,1491501.3998070133,21,0.23034501526661685,0.08454803900997082,False,0.15749118561639008
22812,100,418127.97724952636,0.09642087189723576,0.7436100119245707,30.1,0.24401484882587066,68,cured,103,,21,0.22445441729999532,0.04580641240894291,False,
24621,100,1112561.0651018792,0.07155705573942005,0.7188793816131279,30.1,0.050666978286539655,20,cured,104,,26,0.3230229145189973,0.07487435790896779,False,
24678,100,1315721.4698196938,0.07277993184272648,0.5410954745525833,30.1,0.2851947054108501,76,sale_exec,127,1315721.4698196938,27,0.31985300166021524,0.08544613760847755,False,0.15062989683161132
26647,100,421149.8056545964,0.07660696191439563,0.6375578892475754,30.1,0.23010644734684993,65,sale_exec,127,414459.3402527581,27,0.3411854701499066,0.08410803833355367,False,0.1712456908945431
28983,100,1333330.5053891134,0.09287730079823768,0.9577603509721611,30.1,0.050666978286539655,20,cured,107,,28,0.19693270992117834,0.043565303886471715,False,
29076,100,600743.8521959585,0.07717172013764406,0.6954527368921408,30.1,0.09067794927885453,32,sale_exec,123,585636.1628368644,23,0.2961533654918602,0.05212523887450676,False,0.15878567739573324
29435,100,319647.26862602076,0.07948445219102779,0.6641038247032746,30.1,0.11416950995758235,38,cured,105,,23,0.2534033849740479,0.05716570716061716,False,
29499,100,1064654.7079651954,0.07935455945383836,0.5743185341016196,30.1,0.23010644734684993,65,sale_exec,126,1064654.7079651954,26,0.30634706031368725,0.05695307408259142,False,0.1574892695039618
172,101,1701013.2677527205,0.08352789027100818,0.5724380238046474,30.1,0.33431697252520687,86,cured,108,,14,0.0238178979517472,0.07972177646727324,True,
869,101,2714511.733371126,0.07961493114157069,0.9581029304881561,30.1,0.03818803417143091,16,cured,106,,20,0.21665976461304418,0.04032515224227146,False,
975,101,550223.9011518096,0.07704768671878659,0.9163770095639998,30.1,0.06838787664975698,26,cured,108,,20,0.15922608753848388,0.06917876047778818,False,
1839,101,2824742.157835731,0.09979814792937124,0.7561424735593157,30.1,0.23250656595087982,66,cured,106,,24,0.1791846906729764,0.06902123351457536,False,
2390,101,1670683.702879539,0.0774047995289005,0.88883275698501,30.1,0.11221175257262916,38,vol_sale,112,1110854.9193872006,11,0.333292145502768,0.06594413772214985,True,0.38049193896436717
3899,101,556693.9763876373,0.07500754235345203,0.6900673231977805,30.1,0.19337892362999032,56,sale_exec,126,556693.9763876373,25,0.23667327006200217,0.06344419162936939,False,0.14425201770876106
4089,101,395862.63475257216,0.08767647463920038,0.6459597118581013,30.1,0.11221175257262916,38,sale_exec,127,395862.63475257216,26,0.10851677532898125,0.07801745880925123,False,0.17244116689654398
5929,101,1645705.4544893552,0.082284027710914,0.7238149589240225,30.1,0.061959335136167804,24,sale_exec,119,1645705.4544893552,18,0.16529840417340047,0.08386634591332011,False,0.1157405817011663
6393,101,1219486.564869667,0.07523630518650325,0.9128039493944797,30.1,0.022171862762719208,10,vol_sale,112,822491.5074663059,11,0.2990499152566129,0.07375534548254659,True,0.370354525055424
6419,101,604393.9806780921,0.07535147993624568,0.7626959140854491,30.1,0.0172583256219927,8,sale_exec,123,566018.7362303345,22,0.24504318425821758,0.06597075257517003,False,0.18397603319244882
6517,101,1241959.1409076627,0.07961946916761785,0.5398158341017574,30.1,0.20835556046225356,60,sale_exec,125,1241959.1409076627,24,0.2322213173232217,0.040386707707228145,False,0.14675878896174377
6573,101,716723.6776060619,0.07967846926663236,0.6814742457474112,30.1,0.1672866359527747,50,sale_exec,121,716723.6776060619,20,0.14072969617697434,0.059835736871306576,False,0.12397312705414798
6594,101,865364.190201193,0.08373210651436538,0.8497133185512372,30.1,0.061959335136167804,24,cured,110,,11,0.016740270126478926,0.057875566644488924,True,
7129,101,535290.7054378821,0.08299446137173404,0.8671799729815847,30.1,0.11221175257262916,38,sale_exec,127,511900.3651566356,26,0.12768924577993043,0.08154356208916844,False,0.20059079023736726
7625,101,526905.5585595781,0.07369765491268326,0.7644014989784244,30.1,0.0855192386116852,31,sale_exec,131,397004.02498000616,30,0.3981943099415968,0.07380317899379399,False,0.372966672363675
7754,101,826113.2343178863,0.08804848113541833,0.8609622083267887,30.1,0.01968461691114398,9,sale_exec,124,758285.4825612202,23,0.18539500376383414,0.04461280597194939,False,0.22416498084901082
8802,101,561163.8086417143,0.07436395524958339,0.6892052008949874,30.1,0.04387021365427812,18,cured,108,,20,0.1853488494788241,0.06542631017341421,False,
8898,101,395823.0297986886,0.09683168336289694,0.8872000328445201,30.1,0.07505680561330852,28,sale_exec,122,353680.63315249677,21,0.14316648239844906,0.08035706755682338,False,0.24523458373177665
9205,101,2250733.381164094,0.07678684536959278,0.6499321620384477,30.1,0.10816901215284602,37,vol_sale,113,2250733.381164094,12,0.1020303844883737,0.0830651742604508,True,0.07368618863716492
9224,101,1257994.4038080778,0.07606946596555968,0.6171795630331793,30.1,0.20111704539419928,58,sale_exec,130,1227546.6883742665,29,0.3725248436122695,0.08773255898448462,False,0.1875942838778114
9344,101,473760.5032255825,0.0865714740430926,0.8156231645161076,30.1,0.071692060068546,27,cured,104,,10,0.0493417647172795,0.08005569956831085,True,
9591,101,1087999.9430883233,0.07963269612605758,0.7456028471079943,30.1,0.11221175257262916,38,sale_exec,120,1087999.9430883233,19,0.163167689184807,0.07035367601552331,False,0.1180929286653346
9641,101,922094.8836162406,0.09197255890653383,0.7162872852724308,30.1,0.09280602237587443,33,sale_exec,126,922094.8836162406,25,0.1866652627833343,0.05259479847330823,False,0.17376739763882043
10090,101,1256959.5506304684,0.0911306592171594,0.5422930066103117,30.1,0.3921084207929104,97,cured,105,,26,0.10325471592462204,0.050875001500767805,False,
11924,101,1477266.178814598,0.08438032038977056,0.8328002599856521,30.1,0.12056483121122419,40,sale_exec,129,1073522.4472035416,28,0.36086733868808235,0.07248092648008912,False,0.40276605281947786
12076,101,844163.4539334134,0.09097150678508494,0.6955802111424223,30.1,0.0855192386116852,31,sale_exec,121,844163.4539334134,20,0.1277340727545287,0.06026244907204274,False,0.14019301996684208
12083,101,461194.3048670612,0.10056989740734187,0.6022395773406927,30.1,0.27209091743819447,74,sale_exec,129,461194.3048670612,28,0.29880410091222664,0.0536873181463034,False,0.20838903892571747
12127,101,791433.0395753431,0.09101770315410579,0.5249157771364698,30.1,0.2564444844415219,71,sale_exec,128,650623.3998885803,27,0.539082937484779,0.08809857204610766,False,0.32963396006164036
12442,101,2143862.814106201,0.07469166781097286,0.8556270773531822,30.1,0.0965445155642648,34,cured,110,,24,0.29823506094880997,0.06545785056152734,False,
12612,101,717031.1280205573,0.08819056374529487,0.6391762409397651,30.1,0.08913110601549157,32,sale_exec,120,717031.1280205573,19,0.2150096528958169,0.05451188222499644,False,0.12988026945521403
12829,101,447313.3192504092,0.08907661344444943,0.6772664595468462,30.1,0.10816901215284602,37,sale_exec,127,447313.3192504092,26,0.23102962458176232,0.07207636891892885,False,0.17492957481539406
14902,101,1023645.9432403857,0.06945739495354493,0.7721968700213563,30.1,0.12056483121122419,40,cured,110,,28,0.1420867781118566,0.05868376157140268,False,
16221,101,1701842.2543038954,0.08130259303214377,0.5302074010423534,30.1,0.2513711760407389,70,cured,103,,13,0.039752774186178494,0.047611894704313124,True,
16544,101,826907.3205438819,0.08190385133261191,0.4011154060269955,30.1,0.33431697252520687,86,cured,103,,19,0.1524578467882102,0.05688977821478915,False,
16676,101,1263359.0638014723,0.07888550700852796,0.9087567828196242,30.1,0.10421439629534412,36,sale_exec,129,1148708.9891991243,28,0.1531648509729257,0.061134192350758204,False,0.2431568289815329
17043,101,1568379.8241828717,0.07104923964564641,0.8774803006150688,30.1,0.0965445155642648,34,vol_sale,111,1568379.8241828717,10,0.03315611561925888,0.05248695933957456,True,0.05732444420883398
17116,101,450413.71109819826,0.08967618076917526,0.5775501132739063,30.1,0.22814092588864043,65,cured,106,,15,0.09663262643602656,0.07974916636476437,True,
18580,101,3122544.809457369,0.08326039009930292,0.5830479657544,30.1,0.2877023093087978,77,sale_exec,129,3122544.809457369,28,0.17642337268926242,0.04955316407572425,False,0.17601534519673956
19413,101,977608.3645400758,0.07312864264391199,0.5965922437792982,30.1,0.10421439629534412,36,vol_sale,110,977608.3645400758,9,0.1921211714234803,0.08813540136320194,True,0.05321196539988127
19682,101,685187.5769583478,0.08504149825154161,0.2984900950443262,30.1,0.37620619866389515,94,vol_sale,111,685187.5769583478,10,0.013839084276799075,0.08630716650147026,True,0.06818220492893412
20615,101,2206450.9080521152,0.07319014963809542,0.8348975675613328,30.1,0.01489261775571249,7,sale_exec,127,2097905.435833304,26,0.17055535345247022,0.07419864313456298,False,0.18823377488018977
20667,101,2628719.8429025123,0.08485299847903109,0.8069939188872459,30.1,0.07505680561330852,28,cured,110,,29,0.16115008748600765,0.07608803586179326,False,
21061,101,469144.9176680087,0.09511052840519997,0.8464430626291691,30.1,0.049724524031175665,20,sale_exec,120,362694.8522133342,19,0.2840374939527744,0.07295168025294821,False,0.33458733342315505
21208,101,1955646.5250592465,0.07657145064616598,0.7798657031705365,30.1,0.10421439629534412,36,sale_exec,122,1555021.652879178,21,0.3157172165673807,0.08966640637198531,False,0.3042783984883901
21367,101,946705.375493843,0.07913543005788583,0.8739870466919727,30.1,0.055753394083050356,22,sale_exec,128,827744.2443833735,27,0.2208638893291346,0.04972419008272025,False,0.2678383036236073
21948,101,1229619.8047615092,0.07654982434566758,0.9248965368003133,30.1,0.03541075668417171,15,cured,108,,19,0.3424437694252394,0.05472142795360592,False,
22142,101,1093934.6321923332,0.07850853621935154,0.7322000963402654,30.1,0.12928028356370747,42,cured,106,,21,0.2806593203924967,0.07635179442257589,False,
22680,101,1140986.0784442069,0.07066230615748197,0.7348366777705658,30.1,0.0965445155642648,34,sale_exec,129,1045778.4312438592,28,0.3156347981008518,0.05325967589061785,False,0.2223871623652034
23011,101,550903.9962700926,0.09711338861995382,0.7660549998627172,30.1,0.1808607258374315,53,cured,109,,25,0.200945197377835,0.052230986513926186,False,
23014,101,3418182.6761668785,0.10008078969090581,0.8108744829424633,30.1,0.31362655057142685,82,sale_exec,125,2970474.125622842,24,0.2564282726398231,0.06814537196327383,False,0.2880296141239099
23150,101,651878.7570857601,0.07045479791243184,0.8541396736465632,30.1,0.01489261775571249,7,sale_exec,129,581422.5864131144,28,0.2107189211440426,0.07034787387726697,False,0.24292621756369026
23190,101,534424.019450676,0.07409873780861975,0.6608621071763487,30.1,0.2877023093087978,77,vol_sale,114,534424.019450676,13,0.005423492834362804,0.08938734368924253,True,0.07690839978315367
23838,101,986161.9162925058,0.07901115072993278,0.5774626154339495,30.1,0.21982159529239875,63,sale_exec,127,986161.9162925058,26,0.15626322829027528,0.060774952925144475,False,0.156866276633557
24531,101,806940.9049086843,0.06895413431706511,0.6858119911014489,30.1,0.12487683213323186,41,vol_sale,114,806940.9049086843,13,0.006133105185900798,0.07294903528908672,True,0.07178000450054756
25379,101,1615936.785709223,0.07434392658394867,0.8361263017639718,30.1,0.10816901215284602,37,cured,109,,18,0.10787768875502872,0.05439212919834263,False,
25392,101,1182401.347507962,0.08509737216623531,0.7768764186603521,30.1,0.13836509211758052,44,cured,105,,30,0.2380828940161452,0.0644202673604116,False,
25395,101,889847.5324739367,0.08294724688720069,0.540371280446629,30.1,0.2825027871457251,76,cured,102,,28,0.2641614677655296,0.048854848495357636,False,
25422,101,849556.6035347746,0.08609782359576322,0.8487886387351062,30.1,0.14782657961683143,46,sale_exec,131,792956.7175745328,30,0.17853169106476663,0.08357834907223546,False,0.24679812535464385
26053,101,560316.6563045767,0.07545140075615932,0.6288460993328953,30.1,0.32395766155526684,84,sale_exec,128,560316.6563045767,27,0.2241652567603074,0.062115322408743415,False,0.15568883017523527
26569,101,1209369.6432265898,0.09942669526688185,0.91539773900111,30.1,0.07848259070446906,29,sale_exec,129,1146644.9791772435,28,0.12668310739133345,0.04533486738607777,False,0.2474582413103953
26734,101,882358.8586372529,0.07912083263241373,0.7970429140069323,30.1,0.17645121262339125,52,cured,106,,25,0.22711163646045815,0.043673265203875905,False,
27049,101,917240.21407463,0.07931215572808335,0.7341320874900148,30.1,0.1337760687289975,43,cured,106,,14,0.04711281380952865,0.058081761494473985,True,
27121,101,1828812.8805069646,0.08379383316805937,0.6428935277848994,30.1,0.17645121262339125,52,cured,102,,22,0.23729111193597544,0.05053314772381744,False,
28053,101,1203373.628752756,0.0884207462113812,0.6221165114757579,30.1,0.22814092588864043,65,sale_exec,129,1203373.628752756,28,0.16557913650740663,0.06488296410267504,False,0.18580768549903426
28198,101,758063.6051217775,0.0729041570803788,0.6670413550118092,30.1,0.2928972492290882,78,sale_exec,126,758063.6051217775,25,0.28990886930144144,0.04425919944199366,False,0.14051692656102044
28218,101,826458.2767040981,0.09002612503663295,0.8650230792633935,30.1,0.02733075563377918,12,sale_exec,122,793802.4272252755,21,0.10195523267686799,0.08641248874587902,False,0.17903313203137072
28639,101,588473.1562739216,0.08759656400175539,0.5532994491257714,30.1,0.3921084207929104,97,sale_exec,129,588473.1562739216,28,0.2557369467865292,0.05491553551777176,False,0.1842518340692484
28910,101,1981013.862078807,0.09525218952062539,0.572369704803118,30.1,0.022171862762719208,10,sale_exec,124,1981013.862078807,23,0.2722980410549241,0.08157667914793904,False,0.16627021671516262
29011,101,484942.7014160761,0.09378368472953305,0.9500250633743924,30.1,0.04387021365427812,18,vol_sale,111,422424.20423066174,10,0.09575259873358066,0.05381468533120273,True,0.1941599195414292
29133,101,772000.6534396656,0.07482269761934274,0.7943263202602774,30.1,0.12487683213323186,41,vol_sale,114,772000.6534396656,13,0.010164443216258253,0.0529392280464318,True,0.0776276261847838
29659,101,458737.2400806361,0.08428934295527786,0.4958418156943009,30.1,0.344721689859111,88,cured,102,,23,0.31445719881497786,0.08874847877447509,False,
29722,101,1468932.4264628172,0.07580826311779607,0.5079219180825454,30.1,0.2825027871457251,76,sale_exec,128,1468932.4264628172,27,0.24736766760539325,0.05995013764268231,False,0.15636224705762558
12,102,799694.9361178993,0.06866337620257673,0.3677942506538389,30.1,0.373531092696163,94,sale_exec,126,799694.9361178993,24,0.1874719400976391,0.06465626779060919,False,0.12797340480168728
260,102,1383930.4657737173,0.08585027557367242,0.7545256180013249,30.1,0.1143213444558171,39,cured,109,,29,0.32709730741615506,0.07845646172499324,False,
523,102,940302.3318731802,0.09111830745428189,0.7766068938726045,30.1,0.23047040687341935,66,sale_exec,127,718178.5584952517,25,0.38718466344733105,0.048825838258566685,False,0.36782938075191307
1556,102,1127889.1096240908,0.07212020829841176,0.4015001911983076,30.1,0.30054952782654687,80,sale_exec,125,1127889.1096240908,23,0.1316674257931743,0.05566604161624704,False,0.12874159729690593
2081,102,1011781.6674251956,0.07412902688131269,0.835281926244545,30.1,0.11027093595272541,38,sale_exec,128,797228.5407070752,26,0.3096166321971477,0.06717857268068582,False,0.3286371530543203
2792,102,686237.9963378117,0.08914861129322064,0.9589309459715409,30.1,0.040157221284446765,17,sale_exec,122,515022.4819687151,20,0.22116668532972628,0.06696325548044994,False,0.35276496150523495
2949,102,1269473.621970555,0.08662603117909495,0.7410761244766837,30.1,0.03193601913085997,14,vol_sale,111,1269473.621970555,9,0.10067511115874732,0.058815230035852345,True,0.06268525284606519
3048,102,655099.3964014171,0.07678699488181737,0.7419336276016895,30.1,0.19158200422058647,56,sale_exec,131,616095.0565493519,29,0.29777201370691786,0.05220021043938346,False,0.21836162614236332
3929,102,666088.4500635391,0.07175844915994566,0.7961311782409233,30.1,0.06716410322503208,26,sale_exec,132,666088.4500635391,30,0.10428103720972574,0.06081927558251324,False,0.16377860037620295
4150,102,1531260.5261380638,0.08271069458726742,0.5791641889717155,30.1,0.26928198630340283,74,sale_exec,123,1531260.5261380638,21,0.1355615553326778,0.06247850859117486,False,0.1343262458037755
4651,102,1010187.7052241785,0.07385063957823282,0.9403883607275377,30.1,0.019187814230500644,9,sale_exec,126,670732.728094772,24,0.3144850353905264,0.08318376532607252,False,0.4269425713102728
5727,102,1729560.2550689222,0.07937488270438349,0.7815731584620357,30.1,0.08052820667125515,30,sale_exec,128,1729560.2550689222,26,0.18358790071298242,0.05967815951536799,False,0.15752612382092945
5790,102,816061.9186601412,0.07630346905413234,0.6315154270204222,30.1,0.32129652583659185,84,sale_exec,132,816061.9186601412,30,0.2613724617646325,0.07175585938675652,False,0.17316882822479185
6650,102,1876298.9647029296,0.1,0.6850030134197108,30.1,0.26928198630340283,74,vol_sale,117,1876298.9647029296,15,0.08084262361529586,0.06310181347836373,True,0.11704588288057005
9206,102,474897.5989953833,0.08254505844959578,0.67838082928864,30.1,0.10243421150716547,36,cured,111,,18,0.29370212805560314,0.04060381081441186,False,
9299,102,2114002.22555629,0.07406564814787173,0.9759963128980689,30.1,0.024110671141536866,11,sale_exec,131,1331815.1435256256,29,0.33132324310940353,0.08855093961326495,False,0.472961681673265
9367,102,988758.8689392455,0.07742664020145573,0.7445833054349255,30.1,0.19958071890669782,58,cured,103,,23,0.14308041259151266,0.042440666006986434,False,
9793,102,1309405.4562024153,0.08574988462617436,0.7308376101617318,30.1,0.22213529655514286,64,sale_exec,122,1309405.4562024153,20,0.14408912447076064,0.07994729977663398,False,0.1327328914926147
10288,102,1817551.686698109,0.08296829363654845,0.7386531455719456,30.1,0.16950069133104573,51,sale_exec,125,1776563.2778352525,23,0.23777003129525212,0.07516795121599162,False,0.16580238303059136
10823,102,618813.9596474563,0.0801286381745735,0.6657965859732689,30.1,0.19158200422058647,56,sale_exec,129,618813.9596474563,27,0.16773179236143199,0.05068153801545045,False,0.1644709575363803
11007,102,832392.3401232067,0.0725615684213139,0.6497140976710905,30.1,0.08757820136722372,32,vol_sale,111,832392.3401232067,9,0.10920050901104421,0.08953736863637252,True,0.05281163612714668
11409,102,1133307.3812592519,0.0773920437428565,0.6196973517251874,30.1,0.3368478433313533,87,sale_exec,131,1133307.3812592519,29,0.2618650870246454,0.07964957513042212,False,0.1700835457416442
11594,102,890503.0647194884,0.07446705023088224,0.7511806583164231,30.1,0.22213529655514286,64,cured,104,,30,0.22754283537717093,0.064713840424095,False,
11676,102,360003.141621632,0.09051008986769589,0.6739070619104242,30.1,0.12701044655437554,42,sale_exec,126,360003.141621632,24,0.29344015788851063,0.04178764819857204,False,0.16501450046941313
12395,102,476511.6535198165,0.0817237471854317,0.6077482218512754,30.1,0.19158200422058647,56,cured,110,,11,0.031058050277213787,0.0651213291493262,True,
13101,102,611177.4100417844,0.07113040233053665,0.5091148489920483,30.1,0.24401098812664057,69,cured,103,,19,0.32451631250587554,0.05043739572723838,False,
14132,102,876346.2994396843,0.07569611499408695,0.7793832619507624,30.1,0.040157221284446765,17,sale_exec,128,774717.3354215934,26,0.3002093658885226,0.04491140908068527,False,0.2493052958207661
14361,102,1351138.6184277555,0.08234912281082912,0.6394092988248565,30.1,0.23935743373764828,68,sale_exec,121,1351138.6184277555,19,0.1923125149232904,0.06688991621060036,False,0.1218525533941488
15182,102,540684.824364726,0.07417361649484588,0.577629645273855,30.1,0.4054664303765394,100,vol_sale,113,540684.824364726,11,0.15717280089040392,0.06313523457921942,True,0.06553696461066272
15803,102,1084286.076529539,0.07483322902828121,0.9788029840232184,30.1,0.040157221284446765,17,sale_exec,126,762931.271670208,24,0.27505824913865645,0.055488904927608114,False,0.39390032492232563
16621,102,481052.1162006148,0.06455214981583919,0.5735384167906964,30.1,0.22623445431975964,65,sale_exec,126,481052.1162006148,24,0.22352801348817067,0.08532936368587334,False,0.12081355338924993
16786,102,432593.616122665,0.07574662375435764,0.6817260492315953,30.1,0.2640565402070145,73,cured,104,,12,0.11820135071160283,0.07110652115428355,True,
17242,102,902690.3292952308,0.09129497257136472,0.5511156147918136,30.1,0.3316526640966637,86,vol_sale,116,902690.3292952308,14,0.23420058039299554,0.0443912536254585,True,0.10067219865473209
17260,102,816628.8419798716,0.07415056301975512,0.9986982728542314,30.1,0.014507761150684528,7,cured,108,,22,0.15717572604987584,0.06985800613883063,False,
17430,102,554166.0622859576,0.09507137750864779,0.8051269886337448,30.1,0.08052820667125515,30,sale_exec,122,528201.5508408829,20,0.19393199664623972,0.05452491258540334,False,0.18601583831710689
18035,102,1388827.840547835,0.08279020340762906,0.7127158750681277,30.1,0.06716410322503208,26,sale_exec,126,1388827.840547835,24,0.23875352369463945,0.07133346639701182,False,0.15211633120061463
18347,102,832185.1952717497,0.08969288764474284,0.6411853052793612,30.1,0.2901447635747203,78,cured,105,,23,0.12349952266145793,0.04303999026892441,False,
18360,102,684645.1542761048,0.08998651633447699,0.578724371184707,30.1,0.37881652301946733,95,sale_exec,120,684645.1542761048,18,0.2309872941285518,0.06841240570058893,False,0.12582630917433524
18938,102,904155.6771020291,0.06596735005066047,0.7858867797443961,30.1,0.048761178402997984,20,cured,110,,14,0.14463683955396434,0.054731466457503285,True,
20413,102,807976.2670969745,0.08063107042258164,0.6227160787018847,30.1,0.24401098812664057,69,vol_sale,111,807976.2670969745,9,0.01321399574411304,0.05191001941871081,True,0.05849068820231962
20566,102,1658493.3038895081,0.07644870066864026,0.7233874932001327,30.1,0.09487880636630641,34,sale_exec,121,1658493.3038895081,19,0.15021299991442705,0.07204853953383605,False,0.11366459364112425
21037,102,1335887.6925666772,0.0689728527209678,0.979283763498162,30.1,0.03737467598552224,16,sale_exec,122,986597.0855267345,20,0.22981092706406275,0.05305745328815725,False,0.34145024560745896
21395,102,967461.3996117815,0.07612133378682802,0.8351416266542442,30.1,0.060842418066826554,24,vol_sale,113,967461.3996117815,11,0.002886754345750874,0.05758831357211641,True,0.067193508941644
21884,102,3216693.9558043466,0.07960732285118333,0.9475273459010631,30.1,0.04585017846289752,19,sale_exec,130,2361798.3870874997,28,0.27445150527407414,0.0652640925091224,False,0.3898605586467685
22629,102,734969.0177673292,0.08111243853514272,0.6421784869354416,30.1,0.15488735166952305,48,sale_exec,131,734969.0177673292,29,0.24367854808421183,0.05744933511958901,False,0.17746332286977062
22813,102,697572.3915465482,0.07602284876624281,0.7882454768974343,30.1,0.007936750911838208,4,sale_exec,120,679312.0975080805,18,0.18779533325065853,0.05486616458133858,False,0.1308157971213687
23561,102,555138.915258344,0.08051974870022542,0.7983592795120181,30.1,0.16473992843090657,50,vol_sale,112,555138.915258344,10,0.10233845386258239,0.08978309645489785,True,0.06468852186799012
23727,102,752958.9890697554,0.08742487799498239,0.7005094923164167,30.1,0.10243421150716547,36,vol_sale,116,752958.9890697554,14,0.06462232261789007,0.0838385041559083,True,0.09663260306458388
23865,102,693047.4586279059,0.07441670747138072,0.7330525058229251,30.1,0.22623445431975964,65,cured,110,,13,0.0077760061376475785,0.08786869199200432,True,
24059,102,617101.9443051303,0.07674596504680989,0.5351221947800257,30.1,0.24401098812664057,69,sale_exec,122,617101.9443051303,20,0.22328006304409387,0.07653531305645438,False,0.11970892005011291
24401,102,1402754.915523988,0.09135334979087469,0.8966492165766216,30.1,0.09862439055590899,35,vol_sale,111,1283061.8873694257,9,0.09708308727211916,0.06198537605234071,True,0.14567561253551842
25129,102,351588.89047340566,0.08392116047440983,0.5525177203432947,30.1,0.3368478433313533,87,sale_exec,132,351588.89047340566,30,0.15557384370633795,0.06510741597332835,False,0.1886637366434144
25383,102,1357903.4773508438,0.07189205628949666,0.5001977228521569,30.1,0.20708467097839134,60,sale_exec,126,1357903.4773508438,24,0.3475054276540568,0.046778314532597357,False,0.13355367771177418
25970,102,729361.813755247,0.08529718446374128,0.9343319589354877,30.1,0.05775589835946526,23,sale_exec,121,583961.3053426375,19,0.19319814159015666,0.06487321040887004,False,0.30016546547627077
26283,102,462907.11095775577,0.0875832603110578,0.6599548082110682,30.1,0.14052429044728787,45,vol_sale,114,462907.11095775577,12,0.01587917484350486,0.06183828919049915,True,0.0835659650132361
26401,102,1203798.392472816,0.06881403100034042,0.8436678525955904,30.1,0.019187814230500644,9,sale_exec,130,906579.3602443446,28,0.3486518287330281,0.05299027213284442,False,0.3583203152197679
27141,102,358179.23583032994,0.0672374399627672,0.678803227675775,30.1,0.1831005279224569,54,cured,106,,24,0.2481366603025625,0.057370949670285,False,
27740,102,1295923.7199105471,0.08582936006608907,0.7510777215638156,30.1,0.1314222502481448,43,sale_exec,130,1295923.7199105471,28,0.20963225507690336,0.04053159628597398,False,0.1809054030242645
28114,102,2144305.0544003462,0.08260986861660505,0.682980780153517,30.1,0.20708467097839134,60,sale_exec,120,2144305.0544003462,18,0.20206318690409927,0.06642714394895391,False,0.11616972022399907
28636,102,958924.6878650807,0.06770445303251717,0.7489938070515734,30.1,0.12701044655437554,42,sale_exec,130,939229.2823100174,28,0.24069340319843957,0.07901352477860434,False,0.16329689390112812
266,103,1022606.6091000118,0.07444190604644732,0.8945699037744499,23.3,0.08972979162394701,33,sale_exec,121,914396.5686663478,18,0.1454580563227365,0.06140933905859253,False,0.2000161353674157
550,103,1890218.854957678,0.06511067601538495,0.7484752747132436,23.3,0.12491132039139319,42,sale_exec,121,1753163.0395228853,18,0.2574119249567558,0.06499228946290753,False,0.15858730256266107
768,103,788148.6909507357,0.07165741623848489,0.7702644986880399,23.3,0.13817380215611097,45,sale_exec,133,632157.0843825525,30,0.34950319820081227,0.08968572457112985,False,0.32911640611740034
1959,103,1730597.1046446469,0.06499551842317715,0.8143995867754658,23.3,0.07922677654539156,30,cured,112,,24,0.2975701875489188,0.08941564627321183,False,
2117,103,628859.7634121778,0.07791834123610702,0.5752970926996414,23.3,0.1292400468653998,43,sale_exec,124,628859.7634121778,21,0.1410435341366441,0.06256459378227894,False,0.1270843141638628
2144,103,1827699.8873560932,0.07852526015171124,0.6780074201709246,23.3,0.18544109301046796,55,sale_exec,124,1827699.8873560932,21,0.28736421777987675,0.04913572455252374,False,0.12800495480992513
2302,103,1395004.8353403045,0.07775458043831412,0.7595091528752858,23.3,0.056800302483117626,23,sale_exec,123,1395004.8353403045,20,0.17486510455607035,0.06688824257834639,False,0.12117801943672846
2508,103,3367341.721584942,0.07315271584882621,0.8239098794467118,23.3,0.039426947024621795,17,sale_exec,130,3367341.721584942,27,0.12559145873658187,0.08226239850950315,False,0.15133771709996713
2546,103,1013941.6630913991,0.0703501155926138,0.8849272313423969,23.3,0.021204105627397496,10,sale_exec,125,594354.3679919965,22,0.41815707900707244,0.08318541148107127,False,0.48455442296635676
2995,103,694596.4292374238,0.0868164598887271,0.7466422619725004,23.3,0.07922677654539156,30,cured,109,,23,0.37129910959637724,0.08225830112192856,False,
3770,103,799161.3535454982,0.0800189498211883,0.6798941648138055,23.3,0.2205817518234685,64,cured,109,,30,0.31086239316481196,0.06789152503953408,False,
4322,103,1369232.5863597784,0.07763317476952285,0.8547693673112411,23.3,0.12491132039139319,42,cured,110,,19,0.23635661808349068,0.05420037531958338,False,
4668,103,551551.1710963371,0.08065332087267822,0.7594574429600108,23.3,0.09704483964015198,35,vol_sale,117,551551.1710963371,14,0.11798154291088607,0.08976029797492029,True,0.08951762503776406
4734,103,1232231.4322898334,0.07997034293316178,0.5233265173255298,23.3,0.13366057856955949,44,cured,111,,19,0.2267714378218964,0.0485744275494715,False,
5065,103,541577.5190818693,0.07955448298109281,0.4390124552827506,23.3,0.2665572631273869,74,sale_exec,127,541577.5190818693,24,0.19577314556670927,0.05258369092220103,False,0.14664861472000545
5449,103,466486.64814807824,0.07177591645549858,0.7060007377450899,23.3,0.15717210174114182,49,sale_exec,124,466486.64814807824,21,0.2442892779758559,0.07763587154289403,False,0.1177093077728103
5579,103,712329.1940818053,0.06871997184818289,0.8076451908950132,23.3,0.03397753070357479,15,cured,110,,12,0.061631326146706494,0.05844826293508681,True,
6115,103,1576329.605853779,0.0947064213710408,0.9365593172785062,23.3,0.03131560496105168,14,sale_exec,127,1146256.1005342864,24,0.27101951018376624,0.07279666035971585,False,0.39786123504318527
6196,103,1690884.5904142396,0.08747362319993109,0.9171147015096942,23.3,0.005837553024251596,3,sale_exec,130,1668491.8389143725,27,0.08749140712486861,0.05004663318218807,False,0.18895640271078729
6218,103,717230.9763694847,0.07601233797435414,0.5881383394248839,23.3,0.18974991258977036,56,cured,107,,25,0.24245915100455045,0.08265502541453153,False,
6266,103,732943.2634478044,0.08747865081216756,0.781547686708172,23.3,0.11246741996198151,39,vol_sale,116,727485.4310838628,13,0.15895667305869854,0.06438953476806165,True,0.0968793324258167
6447,103,520445.4174377153,0.08563798721051186,0.7657697122776503,23.3,0.03131560496105168,14,cured,109,,24,0.36502862965964306,0.047516542573841816,False,
7738,103,1429491.1013832337,0.0831053522811556,0.6490263968728314,23.3,0.246472054299119,70,sale_exec,125,1352075.1863732277,22,0.3490873941000497,0.07515853184021334,False,0.1873969779114577
8100,103,1676837.6572307681,0.07669098602051126,0.7865591480206657,23.3,0.039426947024621795,17,sale_exec,133,1676837.6572307681,30,0.1438522785036688,0.04088714001930598,False,0.1739643989802956
8149,103,844471.2585687457,0.06732809581117105,0.8093941492351604,23.3,0.16704417016587136,51,sale_exec,122,704492.4252309542,19,0.2585806281419321,0.08590624769389747,False,0.2498919364694543
9140,103,1026843.7180643458,0.08074367450857761,0.6711471658498873,23.3,0.20947268465304214,61,sale_exec,131,1026843.7180643458,28,0.18603732238168394,0.08961567290677608,False,0.1711954286993992
9354,103,353399.4163992174,0.07630678448731049,0.9113525097169758,23.3,0.03131560496105168,14,vol_sale,117,353399.4163992174,14,0.0024710609807923685,0.07360925041016339,True,0.08491903106229737
9453,103,647241.9812918904,0.08853126370856267,0.5741849992878683,23.3,0.2665572631273869,74,cured,106,,18,0.20262153521595377,0.07987435474802623,False,
9687,103,845847.7596623529,0.09335583796447026,0.7091626857467671,23.3,0.27702515172329156,76,vol_sale,115,845847.7596623529,12,0.07728563217021286,0.059128382873535175,True,0.0888015541103847
10024,103,703671.5562662075,0.07141756576933242,0.693219961405683,23.3,0.021204105627397496,10,cured,107,,15,0.02230772796087552,0.059695110405046985,True,
10704,103,911012.2937165935,0.084533335006541,0.9024265139669383,23.3,0.04504565636450386,19,sale_exec,126,812432.5866477401,23,0.1619683383111201,0.0581346445092103,False,0.24117012063277654
10710,103,1687927.2572551335,0.06805617937469045,0.7940678834307505,23.3,0.17181435143340473,52,sale_exec,131,1687927.2572551335,28,0.14677454370648,0.07412932627285965,False,0.14644828638146046
10971,103,277527.0820344415,0.0894325543382382,0.7280555889748834,23.3,0.1621628421744299,50,sale_exec,124,277527.0820344415,21,0.10929865949558663,0.06576947149061639,False,0.14437805279282812
11185,103,1422117.5414932987,0.07024857630726956,0.6595794583907639,23.3,0.09335566887542446,34,cured,112,,26,0.25806536350075326,0.07553929444878138,False,
12019,103,921901.0155176187,0.08461240390362418,0.8069126961465926,23.3,0.11246741996198151,39,sale_exec,121,687051.8484094277,18,0.3303588981864359,0.08491767446750549,False,0.3432825038940541
12501,103,1121546.3602930072,0.07650225535768317,0.7939460222229892,23.3,0.02363980810681854,11,cured,107,,30,0.21997240422148215,0.06888352839296683,False,
13059,103,1407520.7407362554,0.07063493224100012,0.7226873322981285,23.3,0.18974991258977036,56,cured,109,,26,0.2661406195882326,0.04032060728116272,False,
13111,103,1788236.7501165685,0.07749101277749684,0.55258068278481,23.3,0.24180929363671133,69,sale_exec,121,1788236.7501165685,18,0.25136694433386136,0.06606462967966066,False,0.10940261606544188
13396,103,887066.7608339622,0.08900897990628989,0.6103597101417888,23.3,0.18544109301046796,55,sale_exec,129,887066.7608339622,26,0.18788297843062732,0.04085514075537515,False,0.17480955135406384
14851,103,960566.4538308132,0.07211674594882025,0.630671279910568,23.3,0.287477407384199,78,cured,104,,22,0.24250624769917772,0.06456766121943344,False,
14930,103,529105.1566735528,0.08598297365388179,0.47817748194097054,23.3,0.3762483925764257,95,cured,112,,28,0.4432087564582071,0.06894444080761723,False,
15170,103,596458.1716808999,0.07331573891302308,0.896167132590745,23.3,0.028695169236960805,13,vol_sale,118,543484.5128673116,15,0.12211176430849331,0.05757515043587415,True,0.1683750788415671
15231,103,1789805.4677377185,0.07332546682991999,0.7480399547904657,23.3,0.03668121895165899,16,sale_exec,122,1789805.4677377185,19,0.09107706839546831,0.053680665510179124,False,0.10929802067709071
15328,103,885563.3562210707,0.071921141341543,0.6101464318929822,23.3,0.3551772140845635,91,sale_exec,126,885563.3562210707,23,0.2802140954746727,0.0445391383764992,False,0.12841109355390457
16248,103,945941.4435638394,0.0850263931087803,0.695052658184435,23.3,0.028695169236960805,13,sale_exec,122,923194.2075333684,19,0.28638720803876105,0.05537876392961277,False,0.14656975209124545
16518,103,905362.5387282476,0.07559566682137157,0.9457836076289369,23.3,0.04504565636450386,19,cured,111,,14,0.02067688745158359,0.07480688241816949,True,
16662,103,671682.7675126025,0.08210947193770096,0.6715957777072221,23.3,0.2286603526147566,66,sale_exec,128,671682.7675126025,25,0.19809119463215424,0.043890798360611355,False,0.15673904679145712
16762,103,1149776.9730773738,0.09926947210110831,0.739203268511411,23.3,0.10079783383708807,36,sale_exec,123,1149776.9730773738,20,0.14117929422518558,0.05949894404776047,False,0.1519100160842095
16911,103,859647.0002227895,0.0713617833293696,0.579626738066793,23.3,0.20577598354441728,60,sale_exec,133,859647.0002227895,30,0.13943396862734925,0.08229467778627995,False,0.16295385858783018
17284,103,1284728.5746260576,0.07552921718331752,0.657308535491017,23.3,0.313527533377824,83,cured,111,,22,0.21714361638462215,0.07093779397918905,False,
17780,103,739858.3022309294,0.07916343662631964,0.5530817271480264,23.3,0.2329046852869503,67,vol_sale,113,739858.3022309294,10,0.019232410103965866,0.05430353048683194,True,0.06363777407476401
19093,103,259334.2420273927,0.0818650771004922,0.6926329861973874,23.3,0.28225334852032957,77,sale_exec,124,259334.2420273927,21,0.2357326448383361,0.0715201174561259,False,0.1330529845804016
20064,103,1202903.6934088867,0.07914093360721701,0.8550433460881872,23.3,0.009930783975326207,5,sale_exec,125,917134.5602721131,22,0.29416956521725923,0.07795174664831617,False,0.34022394724582206
20519,103,1008005.5177064602,0.08906384510418172,0.7938774048844275,23.3,0.03397753070357479,15,vol_sale,114,1008005.5177064602,11,0.01033400477292347,0.05873148355151053,True,0.07812014812168444
20599,103,938310.7320341603,0.07429267078851014,0.7362694010091052,23.3,0.16704417016587136,51,cured,105,,21,0.08472762120073436,0.08153382409015596,False,
21088,103,728846.8308620997,0.09303811500934245,0.6739145765378327,23.3,0.13366057856955949,44,sale_exec,126,728846.8308620997,23,0.10284830968866844,0.06447272825680722,False,0.1627523056839989
21746,103,2342466.406195066,0.09027801045497175,0.8431301186440168,23.3,0.03397753070357479,15,sale_exec,131,2342466.406195066,28,0.10397624878975702,0.08238699939276313,False,0.18930248332296806
22745,103,1291475.9466811714,0.06783543032015751,0.9654286954354234,23.3,0.018829221564115484,9,sale_exec,127,1032513.0889523213,24,0.20922516238054462,0.04234369745341362,False,0.30168068924681957
23163,103,1580384.1941764278,0.08189126129453995,0.5965292629956378,23.3,0.3921695683750406,98,cured,111,,20,0.19840308968219897,0.057675018139058905,False,
23285,103,661275.999289404,0.0870260644449394,0.836206996878738,23.3,0.14278062562189642,46,cured,107,,29,0.3044134195097477,0.05723594033278573,False,
23720,103,1336480.3258277536,0.07577936655443662,0.629246874785896,23.3,0.05984849021358718,24,vol_sale,116,1336480.3258277536,13,0.010115592202832337,0.07057145596896229,True,0.07857711470419482
24459,103,1397972.482842842,0.07648935377327633,0.8172458791847795,23.3,0.1764716793684118,53,vol_sale,117,1397972.482842842,14,0.009732994088413847,0.050880863937420716,True,0.08511268748164802
24634,103,3010573.3111931696,0.08055091935302974,0.9166574239408719,23.3,0.009930783975326207,5,sale_exec,133,2434528.232349238,30,0.22556576549772692,0.08345849509948963,False,0.3383919472213318
25579,103,1288567.9136787315,0.08230438043768705,0.7599900922251914,23.3,0.08616668833436103,32,cured,105,,30,0.29514747354646886,0.0660288227476599,False,
25695,103,258453.63445054818,0.07285167262289499,0.7440412172711932,23.3,0.20195388727629915,59,sale_exec,131,249426.5295723859,28,0.26791548420851063,0.06482395332837818,False,0.1853732401144188
27070,103,1626246.2746384798,0.07550565577476664,0.6906096066683923,23.3,0.08266584970112256,31,sale_exec,130,1626246.2746384798,27,0.28223172138588287,0.06786089208685744,False,0.15579124799433997
27074,103,980003.4021502913,0.08038434119161839,0.5915496855649494,23.3,0.28225334852032957,77,sale_exec,127,980003.4021502913,24,0.17211255795692357,0.06498858241964989,False,0.1480544007802348
28787,103,396484.01679097203,0.0728482207544212,0.5012469788463564,23.3,0.3031224459752737,81,cured,105,,11,0.02896454760492381,0.08251901308649112,True,
28811,103,1092885.4083740555,0.07389428103595083,0.839656133623509,23.3,0.11246741996198151,39,vol_sale,112,1036617.3192251452,9,0.10214870268664326,0.08934171378744128,True,0.10247050856819317
389,104,1320784.01637994,0.08069412034460428,0.5509616540952669,23.3,0.32663752726790296,86,sale_exec,124,1320784.01637994,20,0.08962425782391568,0.08050539268826434,False,0.1254449421105146
1557,104,1536783.7143727115,0.07989765831494214,0.6089043606743513,23.3,0.21925155973952615,64,sale_exec,129,1536783.7143727115,25,0.3822546533275843,0.04906497413172375,False,0.15287055402114613
1671,104,709619.599387342,0.07809433595534408,0.7869040025193292,23.3,0.18344717246296338,55,cured,113,,28,0.11975764712906911,0.04362654247636426,False,
1806,104,1056003.9760284172,0.06741409182614111,0.5768895017085667,23.3,0.20825968464862732,61,vol_sale,114,1056003.9760284172,10,0.02537197501135311,0.0495178686192401,True,0.05448090714161635
1976,104,788467.636750989,0.07771420286111985,0.6266878880739305,23.3,0.33703552755378685,88,cured,105,,12,0.003328955572046173,0.07298816053605162,True,
2043,104,765344.3840990853,0.08459419716553895,0.7340476295865946,23.3,0.06827445027239554,27,cured,109,,10,0.20789525705287557,0.06529849976527083,True,
2314,104,2220005.12315517,0.0907771982038022,0.7124024182053965,23.3,0.025748338510811708,12,vol_sale,119,2220005.12315517,15,0.058672818617499144,0.0798544949083114,True,0.10688904611265504
2450,104,1571975.7618820933,0.0768994595246499,0.6786534730010516,23.3,0.13156609647129192,44,cured,105,,30,0.1782762524794035,0.040258810203866395,False,
2611,104,1328627.9822384084,0.07459190395967931,0.6637798025474064,23.3,0.1405182538351768,46,sale_exec,123,1328627.9822384084,19,0.268586331872916,0.0831772344122187,False,0.11107134138357322
3110,104,553182.1051305815,0.07433586148249816,0.8329950923650107,23.3,0.07806505244781259,30,vol_sale,118,514705.0066974387,14,0.15900156548444416,0.06593758168625133,True,0.14662054003121083
3183,104,881293.8736077115,0.08904315584624672,0.7738926194170288,23.3,0.06827445027239554,27,cured,107,,20,0.31399404432813716,0.04282496031183599,False,
3254,104,248653.76757843088,0.07593985712193069,0.4916908679533887,23.3,0.416559058295926,103,sale_exec,125,248653.76757843088,21,0.3497717392381435,0.0786817270791291,False,0.1240760573550641
4071,104,765737.6803393038,0.07157980909062601,0.6712550455299064,23.3,0.12722845352949208,43,sale_exec,122,765737.6803393038,18,0.2735426407050302,0.0640352976347436,False,0.10151992790919873
4344,104,690417.6277996488,0.07074494350562546,0.8329532840362343,23.3,0.02330761888308097,11,sale_exec,126,684509.3485326173,22,0.13318834371977686,0.07086807206798731,False,0.1288251834979719
4408,104,1723730.2361756943,0.1,0.8419192000452613,23.3,0.07474122016109574,29,vol_sale,114,1723730.2361756943,10,0.01954972652290844,0.0431793729413662,True,0.07963783440523198
4558,104,598314.6681446143,0.08778043240450614,0.5375412392384499,23.3,0.3110225797207671,83,cured,111,,30,0.17940101255544538,0.06883217447047944,False,
5921,104,2222413.34567076,0.07727440373951856,0.7217765108184547,23.3,0.16455670734820438,51,cured,110,,23,0.2599917867791206,0.056710762962788354,False,
6409,104,589557.747447882,0.08015822284531324,0.6554572608588949,23.3,0.32663752726790296,86,sale_exec,126,589557.747447882,22,0.1830066473350323,0.058083693673558576,False,0.1362467075617031
7006,104,538817.9943748789,0.08456579612274362,0.8238940697079079,23.3,0.15955568680675847,50,sale_exec,131,535999.7626951607,27,0.1781869489387703,0.0471576397223274,False,0.1770417889771212
7757,104,539880.0686337412,0.07821733344607415,0.49308223623042624,23.3,0.3737876760549652,95,sale_exec,128,539880.0686337412,24,0.17246589126879036,0.06555058161536219,False,0.1443783876895406
8056,104,2457040.22555313,0.08779926700037692,0.6384482796293754,23.3,0.15465231838749083,49,cured,105,,18,0.32976184102038714,0.05586063131034023,False,
8585,104,620048.7114295487,0.06920559703815575,0.5946483309209833,23.3,0.23544426707496324,68,cured,109,,25,0.19963803881278175,0.05210003385588527,False,
8834,104,2706468.774494989,0.09434011007118845,0.8267885738904194,23.3,0.12722845352949208,43,vol_sale,116,2455534.3010069756,12,0.15996790506614358,0.0885723849678065,True,0.1740917433856003
9421,104,711791.5195585361,0.07363598610239085,0.5228174925657083,23.3,0.24903958264590975,71,sale_exec,127,711791.5195585361,23,0.3121646327332739,0.047618322585541,False,0.13125390389001212
10270,104,982385.6572656063,0.0941126929240508,0.6980241490794807,23.3,0.05897713807615301,24,sale_exec,132,982385.6572656063,28,0.08043723441553151,0.06602083153600158,False,0.19646910413506624
11494,104,2131698.1488402956,0.07616511848756655,1.0102628497851056,23.3,0.012011076034189161,6,sale_exec,122,1596248.4445915648,18,0.19110833590800702,0.05381518594609389,False,0.33178773598852596
12081,104,810569.3756053712,0.07998279445492729,0.42843685960431677,23.3,0.40038682154569627,100,sale_exec,123,810569.3756053712,19,0.17928379942169662,0.0412141775254794,False,0.1185784260250301
12100,104,837518.4688479635,0.0776830473111266,0.8691811943182495,23.3,0.08144980700310511,31,sale_exec,131,608969.7584428147,27,0.3525046239732076,0.05103575170693717,False,0.3891465763110413
12862,104,452943.05042534525,0.0721557519517072,0.711119542957134,23.3,0.21554124473220848,63,cured,113,,12,0.12065456987592928,0.050605033197029,True,
12964,104,3544672.1325436593,0.07821161567044502,0.8099062281564481,23.3,0.10689051831373786,38,vol_sale,113,3544672.1325436593,9,0.04502952226073457,0.051729805270618046,True,0.05679193610328748
14509,104,1501018.7201420455,0.08793843512639536,1.0055619294737976,23.3,0.012011076034189161,6,sale_exec,131,1187083.3257151511,27,0.18240792638789666,0.058453035981270156,False,0.3506508527380163
14618,104,2276930.883751737,0.06598576742871566,0.7706533314702562,23.3,0.05897713807615301,24,sale_exec,127,1643966.0536756716,23,0.40676593620593887,0.06751089371097602,False,0.36354594673815444
15848,104,639649.4384052572,0.07497736479340136,0.5696902850473375,23.3,0.22309595038618246,65,sale_exec,129,639649.4384052572,25,0.3147121439896917,0.06366780862225184,False,0.14419854936708942
16225,104,679014.6983779431,0.06943231545289807,0.5470434664074635,23.3,0.26916616371580937,75,sale_exec,129,679014.6983779431,25,0.24774425404822054,0.06378586734003663,False,0.13431466259833513
16643,104,1205998.8119952725,0.08218635532866855,0.8462474425342845,23.3,0.033439946249805175,15,cured,105,,10,0.045336735468623296,0.07947832670238057,True,
16683,104,1162503.6005276844,0.07489989780735114,0.8280070093532935,23.3,0.1405182538351768,46,cured,105,,23,0.2244540455031174,0.07984853508428924,False,
17263,104,1298376.4167096242,0.07435223901216557,0.7345529707924131,23.3,0.12298193754102305,42,sale_exec,132,1298376.4167096242,28,0.15682473236733274,0.04033650201194437,False,0.15882310165051072
17660,104,1193897.08266428,0.08080774572015736,0.4375942786297156,23.3,0.23119119177239011,67,vol_sale,117,1193897.08266428,13,0.1481681135199265,0.07911189830897308,True,0.08355047700825169
17796,104,581961.1763700095,0.09200825540200037,0.6479157976157003,23.3,0.3527182976544121,91,sale_exec,125,495284.9193539112,21,0.4057660679168598,0.0807143888312842,False,0.27506323842901925
17815,104,1209377.7836990778,0.07936459961754863,0.7341538656390953,23.3,0.0559668828590949,23,sale_exec,123,1209377.7836990778,19,0.1791196584511589,0.060036329788099765,False,0.1177209566677595
18396,104,673539.7087357824,0.08831005667536738,0.6061237524877617,23.3,0.3685033733068601,94,vol_sale,116,673539.7087357824,12,0.004363210516942523,0.07056351679979396,True,0.08422694148896337
18832,104,819562.5510278109,0.07287905820032296,0.5184887993683193,23.3,0.3579686572621992,92,sale_exec,124,819562.5510278109,20,0.3540679229298733,0.061385160569978905,False,0.11405263658185005
19605,104,685239.5586911438,0.07509943573292013,0.9239808211067301,23.3,0.10689051831373786,38,vol_sale,114,659312.054493439,10,0.019829755346127083,0.07115535866485956,True,0.09603026100523326
20353,104,3100061.0120064206,0.07127368763557847,0.755814324757755,23.3,0.07147783968866195,28,sale_exec,125,3100061.0120064206,21,0.1460879678926813,0.05203270889869499,False,0.11693811983896107
20784,104,1568660.8506970694,0.09175303903285265,0.75488091358408,23.3,0.1405182538351768,46,cured,107,,30,0.13496338296603078,0.08491149137550887,False,
23018,104,996234.3987194758,0.07101613144316206,0.8532150938804138,23.3,0.06827445027239554,27,cured,105,,19,0.2289694522613621,0.06853104604806677,False,
23690,104,771607.4911654895,0.07598389241659242,0.6388532145971755,23.3,0.2848945804747389,78,sale_exec,124,742206.0330022275,20,0.33555347330275626,0.08988541856533419,False,0.1521823286934476
24070,104,1375432.9574562397,0.074774399256226,0.909618596348572,23.3,0.014150601309847355,7,vol_sale,113,1147645.6830014498,9,0.13473717278436473,0.08954163823566658,True,0.21097931717684582
24447,104,932060.8690697665,0.07351532756278055,0.8120946678783546,23.3,0.15465231838749083,49,sale_exec,134,821763.1965828204,30,0.2649223226268821,0.07629590333877559,False,0.2659465917550353
25010,104,737501.001636665,0.0737100724860918,0.6306115528127146,23.3,0.20442971548798927,60,cured,107,,20,0.21353561064377283,0.06552237622276756,False,
25602,104,2070836.2733274742,0.08016219194775358,0.8424283683888409,23.3,0.012011076034189161,6,sale_exec,123,1816749.5423535204,19,0.23202940809194988,0.04048142127377686,False,0.22694493464762444
25782,104,929312.883917316,0.07449539017915617,0.7459653234941412,23.3,0.012011076034189161,6,sale_exec,122,929312.883917316,18,0.1721594180129716,0.05016268450961147,False,0.10541706738521739
26750,104,1061474.4883699522,0.07423573744643032,0.6645166324557928,23.3,0.22309595038618246,65,sale_exec,122,1061474.4883699522,18,0.192322588897726,0.06496643191869327,False,0.10507072491773017
27000,104,1573107.8111183927,0.0708206332403741,0.518352895439449,23.3,0.016349681349796974,8,sale_exec,132,1573107.8111183927,28,0.16958634479070692,0.08369856265182855,False,0.1519048380707203
27033,104,3837148.4217239944,0.08614794659062727,0.5281060876850142,23.3,0.2588126597147258,73,sale_exec,128,3837148.4217239944,24,0.277945255758049,0.06959476683220148,False,0.15775167173143456
27037,104,421785.44800729176,0.08128354463590295,0.66659154639792,23.3,0.15465231838749083,49,cured,111,,12,0.07520518574230925,0.0621186241812142,True,
27077,104,1135477.8752214755,0.08069053948864058,0.6431660383035084,23.3,0.3058066648535398,82,vol_sale,113,1135477.8752214755,9,0.04675460570732916,0.04407585184163039,True,0.05853239990672665
27249,104,617239.9033531097,0.09160638716981508,0.7996985244237873,23.3,0.038816612526720196,17,sale_exec,128,522737.8244614621,24,0.29679227172943407,0.05920634845915262,False,0.2943914987539522
27282,104,1047047.4112176772,0.08389416073223108,0.48663349504835907,23.3,0.25385427691111806,72,sale_exec,134,1047047.4112176772,30,0.20455932329548407,0.08723600471315936,False,0.18860935041816362
27506,104,1120435.4866544465,0.07792759651336295,0.9989167050486959,23.3,0.014150601309847355,7,sale_exec,134,895892.9755772488,30,0.16485332998517033,0.08522373621062604,False,0.34153301766635946
27981,104,2064864.4947256132,0.08029628442102835,0.8448685732514295,23.3,0.012011076034189161,6,sale_exec,132,1871102.1238155542,28,0.22409449679799315,0.05739159900049582,False,0.24818945052590768
28302,104,935643.251471751,0.07437495099486735,0.7325425548455885,23.3,0.0443617893727124,19,cured,108,,15,0.06072175571267182,0.06444913515150054,True,
2526,105,1281401.8479658607,0.08117321575078265,0.5136103598612839,23.3,0.3398984791349957,89,vol_sale,115,1281401.8479658607,10,0.16188478668776488,0.053503974034273136,True,0.06519430593081121
2838,105,1274064.1649532556,0.07330489215243308,0.6634268923557572,23.3,0.24703174134091133,71,sale_exec,128,1274064.1649532556,23,0.19211577777343686,0.08123034113456246,False,0.13070578244558406
2865,105,1727555.6069627577,0.09617540383796437,0.7978057172579014,23.3,0.05525528225579257,23,cured,113,,18,0.12461032058718878,0.041351576006383915,False,
5264,105,753291.0459988249,0.07759901134390597,0.8900838111724126,23.3,0.05525528225579257,23,sale_exec,130,634722.1395647054,25,0.2001905373777475,0.0898309908461125,False,0.28280569750019413
6044,105,997976.579780225,0.071635312430932,0.6669464650131522,23.3,0.214559140260699,63,sale_exec,132,997976.579780225,27,0.2870974697507311,0.05235933311591071,False,0.14845273275949378
7699,105,576023.755374784,0.07869085231546222,0.9694887790602285,23.3,0.027944740750799113,13,sale_exec,132,412665.51170024957,27,0.25643234153557487,0.08657694864148238,False,0.3994971886233245
8830,105,1439846.267825503,0.0863664734655596,0.9514653959468524,23.3,0.04944061162601732,21,sale_exec,126,1140317.9435866254,21,0.22151692194967845,0.041468525891434356,False,0.3187522628576964
8970,105,1704231.213551243,0.0793186742416693,0.8202824784897859,23.3,0.07704252929779476,30,sale_exec,130,1704231.213551243,25,0.06426223573399859,0.06363704209341722,False,0.15185485792453224
8972,105,941680.7600563886,0.09068117518065621,1.0027172773107407,23.3,0.014178063111663475,7,sale_exec,127,801128.092854891,22,0.09102623829259834,0.07702720953687699,False,0.2791104093366058
12780,105,891217.1890245494,0.08228329433787758,0.5684763243633771,23.3,0.360876432287186,93,sale_exec,135,891217.1890245494,30,0.08944383991403124,0.050313856531853114,False,0.18535771702548876
13761,105,1551136.2487535016,0.08430852979391633,0.8263925388222959,23.3,0.041040997445541905,18,sale_exec,135,1238103.8746752406,30,0.3317637594484535,0.05939515875983842,False,0.35302072352395975
14458,105,1138994.3839754295,0.07833054117173933,0.8909185695372719,23.3,0.07704252929779476,30,cured,111,,12,0.0045197425182040086,0.07364401751997038,True,
14922,105,711224.0142995501,0.09433542890387125,0.8199527266904593,23.3,0.043798272719306475,19,vol_sale,114,711224.0142995501,9,0.0867857433998511,0.05569312820266529,True,0.06804888878985815
15426,105,424305.6435734231,0.08103836439274738,0.7235786401260298,23.3,0.12122140777366508,42,cured,108,,11,0.02154933467259533,0.07747986937787707,True,
15930,105,933777.7097975488,0.0923843502891463,0.6528144819333869,23.3,0.04944061162601732,21,sale_exec,123,933777.7097975488,18,0.1891743626221682,0.0842854372264038,False,0.1289412195728139
17410,105,482912.1809484664,0.08581010601599835,0.6890600645592528,23.3,0.17195219201625855,53,cured,114,,27,0.1515604399658204,0.04505048391809972,False,
17679,105,3048797.6319962153,0.08357010815813871,1.0162994743268088,23.3,0.010067618016120106,5,cured,110,,25,0.18977243193558388,0.0891966133914403,False,
19540,105,2502172.197026573,0.08345677649064173,0.6781037012421901,23.3,0.09073457871570789,34,vol_sale,119,2502172.197026573,14,0.010378576485510401,0.08985693438272288,True,0.09247051488812275
19553,105,1913308.6802212894,0.0980145802186805,0.62311798528382,23.3,0.22186230426269815,65,vol_sale,118,1913308.6802212894,13,0.009662122926638402,0.0626782633560558,True,0.10035151658526398
20007,105,1291346.7680479982,0.07665212112718424,0.6698800597168373,23.3,0.2981335547812667,81,sale_exec,128,1291346.7680479982,23,0.17993239273598297,0.04135239431267183,False,0.13623049845326674
20648,105,1438378.4468618317,0.07090653732110802,0.5900006865092864,23.3,0.03565281828441247,16,cured,106,,30,0.11585182826398795,0.07005021695295921,False,
21406,105,885716.2743471157,0.0828947777897717,0.8007396397276937,23.3,0.07704252929779476,30,sale_exec,126,885716.2743471157,21,0.0911832886228839,0.06944797879688547,False,0.13460316339771505
21422,105,4274949.722905679,0.07595849436138237,0.7941806187598603,23.3,0.025498794887883536,12,sale_exec,134,4168828.633262316,29,0.2286930737813105,0.05047377594359789,False,0.18789454290661123
22073,105,352561.15774556034,0.08343175070976154,0.8657113110486739,23.3,0.052326256919333236,22,sale_exec,132,212159.25958648854,27,0.44191755641757224,0.07315464546779132,False,0.5009049673066445
23149,105,433197.69407243887,0.08213066485228568,0.5131846913211489,23.3,0.3398984791349957,89,vol_sale,118,433197.69407243887,13,0.21272139869392634,0.05364371233983381,True,0.08485411310200575
23239,105,894876.4186846813,0.07456171961169177,0.7756330529651763,23.3,0.12122140777366508,42,sale_exec,130,840455.7128631794,25,0.2468606187915019,0.0683937032286155,False,0.19555098031571638
24472,105,302667.1845378983,0.09528383156162304,0.41238437973133596,23.3,0.39268377151653633,99,cured,108,,19,0.12455951459178229,0.05689325093268954,False,
25027,105,383143.93046467676,0.0872770958170301,0.7004471375341735,23.3,0.25171411131357413,72,sale_exec,135,383143.93046467676,30,0.17530298752682108,0.07301914500056303,False,0.19539443107118692
25140,105,322033.0957502437,0.06798884247307439,0.7573657564837369,23.3,0.15230773136501985,49,sale_exec,126,311021.98930104455,21,0.22486304190673254,0.07672885128546564,False,0.14224382078999165
25841,105,687519.3489273007,0.0625,0.4151957900336297,23.3,0.42503606535254557,105,sale_exec,134,687519.3489273007,29,0.23981093033116585,0.0668401884460264,False,0.13985103484319772
26132,105,1481672.8114429696,0.06999820332568495,0.5416784577890398,23.3,0.17195219201625855,53,cured,107,,30,0.11422296866379622,0.044739328588140004,False,
27266,105,570295.8454172255,0.07289779743409357,0.5981973102607279,23.3,0.35036462006445035,91,sale_exec,127,570295.8454172255,22,0.3299186781199429,0.0810661760226088,False,0.12474644824002601
28080,105,832177.9407386795,0.07960669063960607,0.8200084871385986,23.3,0.058227991105423094,24,sale_exec,131,674327.364035918,26,0.30829610830778437,0.0689261611754343,False,0.31767020173530225
29567,105,645935.1394331855,0.08813825364183729,0.7583148611618138,23.3,0.1814193487508664,55,sale_exec,130,586224.7126209103,25,0.29063576814925013,0.06312955261132598,False,0.24417561154848244
29787,105,604871.5488118278,0.07617510280801133,0.8274165057611147,23.3,0.12122140777366508,42,vol_sale,115,604871.5488118278,10,0.05568458086007089,0.04656524588559437,True,0.06131809847272651
1318,106,1087573.5526312857,0.07525195831828169,0.9810530832436172,30.8,0.020789762140091206,10,sale_exec,125,749914.9242507657,19,0.25781095258211406,0.075716645435756,False,0.3876930235952827
1616,106,619201.48026266,0.07260754269088589,0.7762550420592348,30.8,0.11563340576063941,41,sale_exec,128,619201.48026266,22,0.1903010945738789,0.04568800426701827,False,0.12428338058726618
2027,106,1416002.1305541126,0.07645374527919366,0.6859024514888148,30.8,0.05760072144864892,24,cured,109,,29,0.29689661455328037,0.04683775036688198,False,
2489,106,980002.6374170324,0.06880077579422908,0.555058828615381,30.8,0.259331933263947,74,sale_exec,136,980002.6374170324,30,0.11176886414708263,0.056671355525316026,False,0.15760877788330607
2671,106,3261840.778547664,0.08899609349070026,0.9866872725593023,30.8,0.025387924144845142,12,sale_exec,133,2218594.742343259,27,0.31418395317784986,0.049099666745183485,False,0.4428495836633405
4856,106,1900388.3215086272,0.07116756924707103,0.911307616133019,30.8,0.06667125391217299,27,vol_sale,115,1517504.946592942,9,0.16809458671948335,0.08950350158962457,True,0.24286125952329252
4951,106,436293.2974870811,0.0731477659220952,0.6722170849925615,30.8,0.15486888198025084,50,vol_sale,120,436293.2974870811,14,0.012608737550658791,0.08329710583405756,True,0.08156120651154475
5511,106,746270.5038209952,0.07500710414221312,0.5514181059104941,30.8,0.35336597732634,92,sale_exec,129,746270.5038209952,23,0.2237183843855005,0.07885841331944776,False,0.1335199345854794
6985,106,1180531.5452331665,0.06954738979135261,0.6963771583971397,30.8,0.07294137244736687,29,sale_exec,128,1162783.37494338,22,0.30011397315206745,0.046154571667336816,False,0.13262484885753312
7338,106,768266.9938945919,0.08978633248803118,0.8044712678015019,30.8,0.1078842085118985,39,sale_exec,134,713370.3705629396,28,0.2474122666392625,0.05722051908850217,False,0.24637331522355987
8431,106,1496581.629263495,0.07367315429514656,0.8321328353800025,30.8,0.0827747463827817,32,sale_exec,132,1458871.6941787703,26,0.17369975878739707,0.06250687907376097,False,0.16861095527079706
10536,106,450857.4910443034,0.07576493640450871,0.7998042095475646,30.8,0.06360344350470215,26,vol_sale,121,450857.4910443034,15,0.005265723968949973,0.050304971031500244,True,0.09008896475843542
10626,106,844273.9416403495,0.07490819009750546,0.4958558700823036,30.8,0.37978928001305734,97,sale_exec,126,844273.9416403495,20,0.249320193773125,0.04058786801685534,False,0.11702547415193754
10803,106,615152.9535224966,0.07647406850979248,0.6254446507128514,30.8,0.2172586525564535,64,cured,113,,12,0.15111149856505424,0.06463867489004171,True,
11025,106,1608699.2649744344,0.07785249428374494,0.711924174337121,30.8,0.17935789420604276,55,sale_exec,126,1608699.2649744344,20,0.18982973200837383,0.05732874580334113,False,0.12132049876049511
13315,106,706731.9432418334,0.08823923001092529,0.8731529582400658,30.8,0.06360344350470215,26,sale_exec,136,553989.2476045064,30,0.28364916830922615,0.08793785444093806,False,0.370794357443747
13663,106,869900.0816564147,0.09539034265207019,0.49950957732276796,30.8,0.2852459879350817,79,sale_exec,130,869900.0816564147,24,0.3004853602802987,0.08779072264454878,False,0.17306270038413074
14284,106,748022.2384451005,0.06666023239170309,0.6164910455038708,30.8,0.19307235779112908,58,sale_exec,125,748022.2384451005,19,0.16892482110464238,0.07326026160274332,False,0.09990349696988221
17959,106,2092929.1599559716,0.0730070776286679,0.8075627346509383,30.8,0.008428556689246802,4,cured,110,,9,0.11269670854557592,0.07765006932972437,True,
18878,106,1174404.7022149935,0.07261434107058143,0.6698595207701232,30.8,0.18861724448955397,57,vol_sale,120,1174404.7022149935,14,0.05117209411005023,0.07808206703728857,True,0.08099291010951037
19851,106,1126405.4991109702,0.07826793194225037,0.43096225136336686,30.8,0.3851079773753958,98,cured,111,,15,0.04450571743087371,0.08449995660808184,True,
20541,106,918604.9095964513,0.08004557284388039,0.41809190250341416,30.8,0.3219833532941381,86,sale_exec,126,918604.9095964513,20,0.10903628809254477,0.060466777463925425,False,0.12450540943784716
20894,106,1112252.0250257049,0.09156172686543643,0.6846841132391089,30.8,0.05760072144864892,24,sale_exec,136,1112252.0250257049,30,0.12912727435703655,0.07291135422517689,False,0.20390396040434378
21020,106,745226.442253601,0.08426382450335768,0.8159469004174814,30.8,0.10039413469023462,37,sale_exec,135,636984.1800339649,29,0.27208988284917296,0.08927807103835424,False,0.30223243750420636
26890,106,2135414.0712795686,0.0904033098371698,0.5435636002165906,30.8,0.023058597327223707,11,sale_exec,133,2135414.0712795686,27,0.2384541520442972,0.07166895868002143,False,0.18343199169497693
27748,106,775619.9248010217,0.07986184510254353,0.8518756704741463,30.8,0.14095850682383637,47,vol_sale,118,614133.3437852643,12,0.24174275353370053,0.08282479957573924,True,0.2687850458900486
28415,106,731795.9264678381,0.06640560710555675,0.6995012828394506,30.8,0.03274244598931575,15,vol_sale,118,731795.9264678381,12,0.0025253240141692103,0.08117913853538644,True,0.06407744326249387
28892,106,1520762.6462187234,0.09033307739874069,0.7961654386031435,30.8,0.19307235779112908,58,vol_sale,118,1404046.8454690538,12,0.1808631483583247,0.08770586483963673,True,0.15620697931853522
28951,106,1840056.7752735906,0.08185770601661692,0.9316407063900746,30.8,0.0461182472500552,20,sale_exec,132,1690180.7954425444,26,0.11030886506982462,0.07904608478367212,False,0.23027125210456834
29920,106,761291.3487321781,0.07343353967199008,0.7568700720679638,30.8,0.10410705445361979,38,sale_exec,135,761291.3487321781,29,0.214298286850123,0.07206926640948494,False,0.16215620614096993
1288,107,1173550.7003507048,0.07681077038616847,0.7422021663552257,30.8,0.11428746201875595,41,cured,110,,14,0.011815654306549496,0.044294587603442646,True,
8187,107,1362291.5694438417,0.07337050358910414,0.8291547979633256,30.8,0.14813991937353244,49,sale_exec,126,1169250.559520709,19,0.26194342337564425,0.04433124778799217,False,0.23556748009313766
9912,107,884488.6555158569,0.09761246540552435,0.7093755407103504,30.8,0.2394187913271575,70,sale_exec,137,884488.6555158569,30,0.166037414465704,0.08982588116468757,False,0.21576298800116023
12071,107,1445904.9363146222,0.076031856564976,0.8602577215600795,30.8,0.05709504371972263,24,sale_exec,134,1439077.815117628,27,0.12363432246016116,0.07570899074644621,False,0.1607653038079625
16448,107,1668365.4533939033,0.07380701978686645,0.8404369600205673,30.8,0.01075188921739434,5,cured,110,,14,0.017775739159437535,0.07139464121697467,True,
18003,107,1014859.3013338658,0.07066171936225746,0.8912219641819292,30.8,0.07224847822299374,29,cured,116,,13,0.11527274201106698,0.049161836692675716,True,
20679,107,914781.9985438258,0.08423295802685696,0.7349269848530611,30.8,0.18207503320390317,56,sale_exec,132,914781.9985438258,25,0.2223108953330612,0.0638608811454287,False,0.16043576893791656
23005,107,742873.5992797535,0.06629901715673854,0.7836019561451061,30.8,0.18207503320390317,56,sale_exec,132,598482.8049810539,25,0.33459866192470855,0.07938543516509994,False,0.29803441947603204
24093,107,798863.7020965238,0.08163804022942724,0.8880692246307872,30.8,0.09567741904446203,36,vol_sale,122,798394.2635580908,15,0.04742113112262466,0.06871067972601455,True,0.09723210729011822
27417,107,781692.4064654195,0.1,0.6718803610932884,30.8,0.01877397519578272,9,sale_exec,134,781692.4064654195,27,0.3040030115339732,0.08857320322777512,False,0.2007389582486775
28382,107,374300.2610302694,0.1,0.8000489668903286,30.8,0.05134087649636965,22,vol_sale,120,374300.2610302694,13,0.00814801912265792,0.08521840746138247,True,0.10226866467044637
28582,107,832388.9437820157,0.07754765287598268,0.5711981280658409,30.8,0.36704346416022027,95,sale_exec,132,832388.9437820157,25,0.1455386016634129,0.07414896967951973,False,0.14874013355013238
905,108,1517130.8061306796,0.1,0.5426185320167072,30.8,0.30712650280045395,84,cured,109,,20,0.2434079727067142,0.05161641316778679,False,
2609,108,2521537.8181281467,0.07413409870811166,0.5687886265324716,30.8,0.12488505681465023,44,sale_exec,137,2521537.8181281467,29,0.25555566203847924,0.051032586085123365,False,0.16356483655941656
3337,108,577843.6986679754,0.07428025885900018,0.8427696815425612,30.8,0.032603038763406644,15,cured,114,,18,0.4565889546188203,0.06994930301860221,False,
3924,108,1800168.5067903488,0.07800913049800852,0.7443917272851396,30.8,0.08785787245216814,34,sale_exec,135,1561124.2248072762,27,0.3413790230028019,0.06469183110760851,False,0.27197984981514456
7805,108,307257.5212808636,0.07493895743406136,0.5701290135867336,30.8,0.31766822144547624,86,sale_exec,136,307257.5212808636,28,0.2376774174387169,0.06738900437712367,False,0.15996678367373351
8459,108,463521.84068986867,0.08304677005690547,0.674067863592036,30.8,0.21923515369237156,65,vol_sale,117,463521.84068986867,9,0.03244390230841408,0.06816751804015202,True,0.060183412875415954
9923,108,724718.4081945231,0.07279981904813485,0.8253769973729245,30.8,0.023362841585502725,11,sale_exec,133,724718.4081945231,25,0.07570894622539283,0.05237824090576905,False,0.14033120726875592
11229,108,1167204.3879275552,0.07638416317368403,0.8553468075398454,30.8,0.0685965691841004,28,sale_exec,132,1051556.5196909362,24,0.20464394193136867,0.06590736176412333,False,0.22634108397983654
11557,108,2061834.7794563563,0.07819775471878052,0.7382568629718289,30.8,0.23032687568400334,68,sale_exec,129,2061834.7794563563,21,0.18209058255372493,0.05734713110340681,False,0.1275082853572388
12659,108,638166.3193775723,0.06687370638514598,0.6339596590469814,30.8,0.05961635067959814,25,cured,109,,26,0.21619403141714238,0.08459931689885465,False,
16022,108,962100.9742858591,0.08488283140727548,0.7574153728473596,30.8,0.09127337310394501,35,sale_exec,134,962100.9742858591,26,0.16825972892723826,0.06754056923792122,False,0.1674528254542904
16330,108,1459393.059264312,0.08506409841736326,1.0156810552007016,30.8,0.011162247657637625,5,vol_sale,122,1290379.4032054609,14,0.03589428685284878,0.05878521396028207,True,0.19906517860733486
18299,108,1600490.6041540483,0.07673933322004102,0.6529054597876242,30.8,0.17008874332328539,54,vol_sale,119,1600490.6041540483,11,0.004477517943405387,0.046998581627789686,True,0.06771845117145758
20067,108,1549043.532296427,0.06587838329281623,0.6120429877958301,30.8,0.011162247657637625,5,sale_exec,127,1549043.532296427,19,0.22973589363514643,0.061354683318688444,False,0.0987946797420064
21583,108,1243106.0430032092,0.08137835662106215,0.7526224646796467,30.8,0.08450384746860573,33,sale_exec,129,1243106.0430032092,21,0.19431516368043267,0.08443826310253033,False,0.13231923146514002
23195,108,1418045.2472072027,0.07580037954383298,0.7292371259012086,30.8,0.1130852118793686,41,sale_exec,126,1418045.2472072027,18,0.20241318733840016,0.08406716131079765,False,0.10715560975493366
26198,108,579541.4667257583,0.07179118241165618,0.4395696161207881,30.8,0.4131075159497406,104,sale_exec,136,579541.4667257583,28,0.21272812495986154,0.04053812490779929,False,0.15381195423109473
29510,108,923601.9170883356,0.07491551319405794,0.593912286346327,30.8,0.2510981657668474,73,vol_sale,119,923601.9170883356,11,0.1577115798995685,0.0640058984982489,True,0.06616832994990451
3601,109,1644571.8900948102,0.0710931252116854,0.5231368857805508,32.5,0.06818692558797013,28,sale_exec,136,1644571.8900948102,27,0.2139772652823461,0.044458043391791935,False,0.14741942709757427
6288,109,1277591.4490122236,0.07742690109125336,0.8387025588820637,32.5,0.03274240083411151,15,cured,113,,9,0.17782577928520263,0.06360090107240816,True,
6818,109,1052528.6069211273,0.07317056046290998,0.7968696523053452,32.5,0.07123201660146683,29,cured,114,,26,0.36190084773615494,0.045520508319321015,False,
7141,109,892074.426136691,0.09786557193110082,0.577569706603414,32.5,0.427477994276404,107,sale_exec,133,892074.426136691,24,0.24554358458359338,0.04946635258873128,False,0.17711376321980876
7504,109,693545.6380109658,0.08164917206612687,0.43105227313773586,32.5,0.1971424646635176,60,sale_exec,134,693545.6380109658,25,0.17946039306164036,0.08282419551896295,False,0.15593549254554429
17533,109,526292.0005126757,0.08276435092596479,0.8929777773190571,32.5,0.037618680970545215,17,sale_exec,132,505548.61160874873,23,0.11580819849230908,0.06640172127428234,False,0.17987550319027634
17917,109,510288.5335312837,0.08403638568792907,0.7330040984525696,32.5,0.07432183052545827,30,cured,114,,27,0.21530917178136197,0.047776355973478145,False,
18619,109,3126668.2960908078,0.07903287018301583,0.7530749176547933,32.5,0.10099943118472177,38,cured,110,,26,0.23818441824245404,0.08213572611203765,False,
21560,109,675277.2292289556,0.08635789555222761,0.7946459940882077,32.5,0.06222965045551798,26,sale_exec,133,625156.152408927,24,0.22620510095831536,0.08861606782016515,False,0.22059084272990592
22468,109,584647.4163052227,0.09780566462492134,0.4935773186848242,32.5,0.3630728387959574,95,cured,112,,24,0.3035301121749289,0.04610269810422568,False,
25203,109,629143.3849681858,0.07217336960493424,0.7399387452135132,32.5,0.16315204591429677,53,sale_exec,139,584596.1253510966,30,0.30519002849745486,0.07364539257371588,False,0.2237890470563938
25937,109,755594.7953156665,0.07337597600872972,0.45433467731787314,32.5,0.4165926203013428,105,cured,111,,27,0.2491089292980553,0.0432846582678296,False,
26236,109,313809.73950123234,0.07333582377831452,0.40785729184062874,32.5,0.427477994276404,107,sale_exec,127,313809.73950123234,18,0.30788376012509655,0.06118350898856352,False,0.1038692631259609
26478,109,1253929.3768323218,0.07855731336177996,0.9080787143746075,32.5,0.08387738099680098,33,sale_exec,138,1068924.011406131,29,0.2165079272721146,0.06534956184685319,False,0.2945064888579092
27615,109,2153116.2630033065,0.07497006627027358,0.5540149351354621,32.5,0.1583864910348911,52,vol_sale,122,2153116.2630033065,13,0.041451772167962156,0.05848250203753117,True,0.07777395736737414
843,110,1261323.0834265521,0.09020856352256201,0.8139388283163036,32.5,0.020179995515430926,9,sale_exec,137,1190796.238194571,27,0.23204825826949796,0.05295531312500084,False,0.228755022845612
5761,110,474297.42114715895,0.07139177037888668,0.8161915783409095,32.5,0.11110976685060048,41,cured,114,,30,0.18942760746812964,0.06373846776033434,False,
7133,110,1013305.8626734008,0.09901141596854775,0.960565459770422,32.5,0.01824862854607523,8,sale_exec,136,796082.7693956664,26,0.215388068024448,0.07399146188701572,False,0.36549796864036144
13675,110,2110830.7261193334,0.07937573331149593,0.7862184940493834,32.5,0.011982265844143747,5,sale_exec,135,2029643.2611865394,25,0.23906659922827042,0.05275877357517469,False,0.1845727963322863
19042,110,1543434.2138216714,0.08080017117141629,0.8585243961751828,32.5,0.11110976685060048,41,vol_sale,121,1543434.2138216714,11,0.05446300031764563,0.06277525897563548,True,0.07115980982919112
20761,110,2215546.643471023,0.07645488967741834,0.9600608461513414,32.5,0.04279928636927055,19,vol_sale,123,1868031.6189672067,13,0.11257171627503705,0.07446990403100559,True,0.22366976723448528
26978,110,1097296.5194915077,0.08365979366671586,0.801520301680906,32.5,0.1661149889364979,54,cured,114,,21,0.10558068317428092,0.07418356071926478,False,
27170,110,1479764.638095143,0.07349104739363872,0.7552883033959069,32.5,0.2291123107627373,68,sale_exec,131,1352913.1951219481,21,0.2743032738627165,0.0753619069498507,False,0.19574586577164677
184,111,1445393.6556163095,0.08822472439376913,0.8170508673338736,32.5,0.03573626407314734,16,sale_exec,135,1243479.5915235938,24,0.2842680192901599,0.055330869382224146,False,0.27839120026119724
4218,111,615121.4858875112,0.07269156845506813,0.9223769811060477,32.5,0.06192243734037217,26,cured,112,,11,0.009629887396757318,0.04592193163670369,True,
6395,111,1456278.5387805186,0.07050172603677003,0.7112946880540872,32.5,0.14186456105317125,49,sale_exec,133,1263861.5841523719,22,0.37640457909496194,0.04070805382907839,False,0.23706878816865673
7951,111,742601.801596721,0.07834401227814204,0.7326557151059644,32.5,0.22857622934754285,68,vol_sale,123,733889.3521502225,12,0.22702506538756584,0.056338090566634684,True,0.08596926016454765
10687,111,636147.3300668028,0.06866276610863323,0.5346570847536475,32.5,0.31182256084134563,86,sale_exec,140,636147.3300668028,29,0.36043398399660576,0.08619515632333359,False,0.1524980083614339
23915,111,284160.58892308176,0.09076782724111836,0.7346848824252061,32.5,0.24366196269529117,72,cured,116,,26,0.21390504925577256,0.08704552958859411,False,
24068,111,557405.0258365012,0.08784945312517474,0.5824922867527511,32.5,0.33836527358737145,91,cured,113,,19,0.1913646758210879,0.078504546028414,False,
3098,112,1739420.5030712562,0.07347956886322371,0.6000165309472597,32.6,0.1628376658715054,54,sale_exec,139,1739420.5030712562,27,0.2270863213858919,0.07860347690210973,False,0.15195782301261007
3108,112,1225005.0538556636,0.08066715871923746,0.6127785271618909,32.6,0.15822664216756865,53,sale_exec,142,1225005.0538556636,30,0.1466668060329324,0.07534900008885537,False,0.18208191414322272
5780,112,946758.1476388159,0.07577060725388467,0.9785399628092046,32.6,0.021669681439400845,9,cured,115,,26,0.09613979431032676,0.05760994906989834,False,
6124,112,714132.3571775813,0.08500149549557356,0.7749507615253935,32.6,0.04837275701807098,21,cured,114,,18,0.21571574370019142,0.041867693863688105,False,
8083,112,976954.780008356,0.08947663801845555,1.005489495672009,32.6,0.007905674634697712,3,sale_exec,131,694568.917270851,19,0.25051447606127375,0.05271502326479072,False,0.3826349349853432
11841,112,698104.2719878305,0.07655994774177788,0.8856471615595277,32.6,0.023690882792472223,10,vol_sale,127,698104.2719878305,15,0.03285940492525105,0.05444837187030709,True,0.0909870553618759
11979,112,705048.9642528147,0.0734482749723029,0.7996942442855142,32.6,0.04090692623656267,18,sale_exec,141,679393.243363044,29,0.21243473675161664,0.08787844338378271,False,0.19267271527804952
12558,112,2815828.403466654,0.07625512782586037,0.5592718940315238,32.6,0.15822664216756865,53,sale_exec,131,2815828.403466654,19,0.24347498333069506,0.053078601060074566,False,0.11339461680616358
14002,112,1941569.8294824115,0.08900694001804338,0.7143896077486553,32.6,0.03181566233991573,14,sale_exec,141,1929871.4862143667,29,0.29140785330937513,0.06504412082542653,False,0.19776181451127428
18469,112,3130872.2343191975,0.07925526607052893,0.8590231943707777,32.6,0.04582175665718258,20,sale_exec,138,2409170.469075603,26,0.3232885269765388,0.06193049372333084,False,0.3515590316883025
23830,112,1044348.4301575941,0.07701665364466732,0.606092970824725,32.6,0.08918008465688265,35,cured,113,,23,0.1027566240754798,0.0474359623237115,False,
28279,112,990337.0815941566,0.07474264002747452,0.8926146617993287,32.6,0.03399705713062029,15,cured,116,,24,0.33495510832485387,0.042949870306872084,False,
28879,112,363902.1195815897,0.08853915926372641,0.6161523677400769,32.6,0.31537663266264016,87,cured,113,,28,0.41418623285833106,0.06938953868502892,False,
89,113,868672.8646733593,0.0916041818832717,0.8599214652123915,32.6,0.02452025886546161,10,sale_exec,134,708710.184037716,21,0.2597860827369227,0.07517472094921882,False,0.3045655183184589
1993,113,675790.9260510207,0.07263483210083087,0.5387819702330979,32.6,0.26313582732662666,77,sale_exec,137,675790.9260510207,24,0.1877838037406805,0.047126325726515324,False,0.13483217949974213
2068,113,793198.9674758671,0.07320507573032305,0.8112507716369519,32.6,0.013210551757413702,5,sale_exec,142,700930.9587361485,29,0.2808560987699334,0.06359575138175674,False,0.25921106591581744
2753,113,1150062.390169548,0.0917779122469645,0.958646949494568,32.6,0.03688202937088225,16,vol_sale,122,947109.1077238513,9,0.15331567534233712,0.042427228869382085,True,0.23104952679623547
4982,113,1846650.7195419583,0.07973271586994149,0.7669145599948148,32.6,0.09549421496903743,37,sale_exec,131,1846650.7195419583,18,0.1357995324533812,0.06116702198619585,False,0.11237284395204905
7468,113,539603.1610962137,0.0899018031671605,0.4587075565070867,32.6,0.39378614805047074,102,vol_sale,126,539603.1610962137,13,0.12113999030247942,0.08169912693756064,True,0.09247176872316887
8241,113,1073085.428379183,0.08170127993015938,0.9159959580679417,32.6,0.08271331946910165,33,cured,122,,20,0.21026464208578266,0.07665433845891587,False,
14468,113,465925.9702691826,0.09651751201167144,0.8609215189834495,32.6,0.10222907518090762,39,vol_sale,123,465925.9702691826,10,0.017169453122357164,0.06803061000946056,True,0.07698475207257205
14660,113,662137.4639969599,0.08532753979063717,0.6913774969345085,32.6,0.08583624955179303,34,cured,122,,9,0.007274848830713242,0.055320605837260846,True,
16841,113,883454.3586059193,0.07295807725691299,0.6410829410969399,32.6,0.2976135750872011,84,sale_exec,132,883454.3586059193,19,0.07376272781972071,0.05260794523192179,False,0.10878288918651424
23020,113,1184446.8587955027,0.08747236559857421,0.9589907967815905,32.6,0.010717848878396996,4,cured,115,,12,0.014739694348124445,0.08461820633208626,True,
24851,113,2688200.8440056033,0.07468303745731493,0.8051129312563957,32.6,0.02452025886546161,10,sale_exec,134,2471349.0050802804,21,0.22749809844477492,0.07386633727377934,False,0.19297310125653255
741,114,301394.41771148937,0.06724903311728966,0.6460568743075644,32.6,0.2309070025599511,69,sale_exec,138,301394.41771148937,24,0.23479085653962475,0.04156262382387311,False,0.1255171526717176
3460,114,1238328.822025306,0.07441365767435157,0.78776024557081,32.6,0.07374423279786724,30,sale_exec,138,1238328.822025306,24,0.13700765811132695,0.058152530877274365,False,0.13788599856969386
3906,114,365220.2000703898,0.0831188131121744,0.7004986688492547,32.6,0.26240127371749833,77,sale_exec,133,365220.2000703898,19,0.18837982985112725,0.08528552198686527,False,0.12291476012962854
4900,114,1802024.6928143008,0.0843292608433699,0.6364894383465864,32.6,0.09863926790754807,38,cured,118,,25,0.38590940030789805,0.04632834496966038,False,
4926,114,893301.8938984823,0.0757780931764581,0.7575739447899925,32.6,0.0444298684980069,19,sale_exec,141,893301.8938984823,27,0.16107055859036284,0.06826301996422404,False,0.15630533645060396
8667,114,1667850.0836089514,0.06910301727462899,0.8910307351575688,32.6,0.07083583925585035,29,sale_exec,132,884486.2696995703,18,0.47491295709625087,0.07269265540310565,False,0.5217592086685107
9399,114,1328337.124816373,0.08819639034047999,0.6954595143401282,32.6,0.22672677689633747,68,cured,117,,30,0.1470947843668977,0.040802402517312354,False,
11198,114,581145.3000917243,0.06945036719171391,0.6923039978083341,32.6,0.19407763838551984,61,vol_sale,124,581145.3000917243,10,0.10643064161557472,0.0837013303317304,True,0.05607491192345482
17372,114,884957.3162652863,0.07560769101093553,0.610772420344267,32.6,0.2856388567482153,82,vol_sale,123,884957.3162652863,9,0.17988284814312525,0.08864955948100015,True,0.05495985769240663
20424,114,2804978.3353909473,0.07488221836501453,0.830518965166667,32.6,0.013619517456090025,5,cured,119,,22,0.4064797541602369,0.06840869888205187,False,
21154,114,3011948.295821104,0.08404428639317164,0.830842142116868,32.6,0.008393646844681246,3,sale_exec,142,3011948.295821104,28,0.10835312799309238,0.04781866708176734,False,0.1775106962883466
22904,114,785517.2103083933,0.07478241866981075,0.8076451781063936,32.6,0.1647926583647621,55,sale_exec,139,761197.3553512021,25,0.19607996059537383,0.07972559784307057,False,0.1703596348758386
23259,114,801307.7284661933,0.1,0.7806747163040454,32.6,0.14301750271383962,50,sale_exec,139,742650.2236371132,25,0.2544936074483493,0.07936283449146309,False,0.24684931054502113
1344,115,1005442.5597400194,0.0660780931460112,0.6005394221490153,34.4,0.27511988029872114,80,sale_exec,133,1005442.5597400194,18,0.2175745318713898,0.07620365963782025,False,0.09411711087711871
1620,115,268075.0969361671,0.07746302933238307,0.9513034861213873,34.4,0.02845861543026973,11,cured,123,,12,0.13621774629663447,0.056842596793062625,True,
2998,115,1413262.0597837486,0.0735371199891956,0.6832309362098979,34.4,0.15494044863664236,53,sale_exec,143,1397037.9378016375,28,0.30995970254779603,0.08818361990887291,False,0.16690643097744795
4499,115,900470.0901424781,0.07497185433549708,0.5180654279594225,34.4,0.3536913590619122,95,cured,116,,27,0.2868102125753799,0.08381739443133013,False,
10630,115,3240064.605670841,0.07778119111142925,0.6057944956235546,34.4,0.060149655275063996,25,cured,120,,25,0.24233419104748827,0.07624716792798356,False,
11201,115,1190515.2660673475,0.07444397350697411,0.6102128750730922,34.4,0.09544274289342125,37,sale_exec,141,1190515.2660673475,26,0.27634654361984895,0.0792552763315655,False,0.1485351200413232
17226,115,1530239.6628460158,0.07153559675619339,0.6446710743711607,34.4,0.060149655275063996,25,vol_sale,129,1530239.6628460158,14,0.1083348972661631,0.07567163498821984,True,0.07984249340853145
17800,115,298585.43236008956,0.07346620120389027,0.6793263780802224,34.4,0.2346394187978189,70,vol_sale,124,298585.43236008956,9,0.09325586954138199,0.06577935968493853,True,0.053450177520990794
20810,115,2935157.2968648844,0.08352150484074249,0.865267289979121,34.4,0.01410978219252046,5,sale_exec,136,2144480.5331259677,21,0.3548837948575312,0.0430975116495755,False,0.36841328093299064
21711,115,381350.5959668802,0.08096681183228162,0.6111926354511211,34.4,0.29988544066459144,85,sale_exec,142,381350.5959668802,27,0.10027964598042005,0.0586717049433232,False,0.1660347026832587
22639,115,1413954.0355118692,0.08122345723731149,0.8456925334755727,34.4,0.0430119232609012,18,sale_exec,136,1177233.4024228847,21,0.27007749381120966,0.06310854383169431,False,0.2773896298536247
23472,115,754171.1684769484,0.08160655392661874,0.5493196427329723,34.4,0.21712644042612705,66,sale_exec,136,754171.1684769484,21,0.3405913342956365,0.06214744736096128,False,0.1326633301895731
24456,115,715119.8356958107,0.08553805647816112,0.9333319080401427,34.4,0.0326158949126929,13,vol_sale,126,662205.2260301841,11,0.06712723965362066,0.0660744361992454,True,0.14359026976108746
25561,115,797141.8872573436,0.09270766387510307,0.8710803991314793,34.4,0.07408287990653872,30,sale_exec,137,611137.8696795689,22,0.28502998123285483,0.08863218309738109,False,0.35274891365537064
4645,116,1513440.7639295973,0.07135525866472978,0.942204087243178,34.4,0.02245513039747493,8,cured,121,,22,0.3013580438855525,0.07661844374749936,False,
12540,116,1665240.3328129025,0.09161004834577713,0.4987930891253025,34.4,0.12295301191052799,45,cured,125,,15,0.2288381477624262,0.05979858043472798,True,
12622,116,1759374.3265902742,0.07054396238316979,0.5136946690201838,34.4,0.22101310709427802,67,vol_sale,129,1759374.3265902742,13,0.171679245055551,0.05577095588060274,True,0.07336809193825433
12910,116,1288183.6730664966,0.07295417868329529,0.586000061952506,34.4,0.2619204485041762,77,sale_exec,135,1288183.6730664966,19,0.24031386089291842,0.06922358723051857,False,0.10877742116056999
13178,116,336220.26110565517,0.0740153029473016,0.7101433000816892,34.4,0.24266169492300782,72,sale_exec,137,336220.26110565517,21,0.24095114583398888,0.06518118958921935,False,0.12113937815158238
18357,116,1339232.2385825643,0.08042401006844277,0.7042056803926677,34.4,0.12663679048131504,46,sale_exec,141,1339232.2385825643,25,0.2749876895879241,0.08570673819854999,False,0.15379282093681546
18846,116,849699.4001419516,0.07267397408552236,0.8672185248897792,34.4,0.02489381673107105,9,sale_exec,145,783555.7018450001,29,0.2001533571028563,0.06461024866049836,False,0.22596607607090946
20298,116,1066234.525463307,0.09424157953722673,0.6267844192853502,34.4,0.22558964488222633,68,vol_sale,126,1066234.525463307,10,0.08190895539919467,0.07457801361936973,True,0.0752463212688359
26156,116,702002.8799595755,0.0857519173050782,0.6286323091235619,34.4,0.03591336150815594,14,sale_exec,143,702002.8799595755,27,0.09593606352436404,0.05017632599786576,False,0.1749041356645843
140,117,835452.3140406783,0.07661681318489971,0.7677562434196771,34.4,0.11952048449288766,44,sale_exec,138,717207.4516407978,21,0.32703853320898346,0.05266186487809363,False,0.24893369758879436
1601,117,802370.9692730188,0.0765481644607651,0.5317973553153736,34.4,0.17598661166771068,58,sale_exec,138,802370.9692730188,21,0.2954635640080578,0.07060376002971314,False,0.1250021345441511
7220,117,1456214.7337521594,0.08599295936067056,0.7531130624674529,34.4,0.03733571926048418,14,sale_exec,136,1456214.7337521594,19,0.21783668779602394,0.049326445054663055,False,0.12686927013864346
9453,117,644353.8094399708,0.08853126370856267,0.5510490164202729,34.4,0.31384508953083823,88,sale_exec,136,644353.8094399708,19,0.288951979589526,0.0471793535269506,False,0.13034609254275598
11154,117,1879495.956691688,0.07472091590662094,0.8007647030156784,34.4,0.08112684366223277,32,cured,121,,15,0.1948807022554736,0.0891683274150258,True,
13795,117,1432712.061612087,0.08153254683713011,0.8014022398511008,34.4,0.01808456592174368,6,cured,119,,27,0.19882110277416884,0.08932516028310448,False,
13927,117,2488022.8248205814,0.09453016918347439,0.6418991342784441,34.4,0.3192763550446607,89,cured,118,,26,0.23054545497179554,0.0674247454255887,False,
16415,117,467916.08555903414,0.08528792846224222,0.5985634409150796,34.4,0.3787157245768469,100,cured,119,,19,0.23890841949790806,0.08908568342616945,False,
18993,117,934573.6256545661,0.07978392876609,0.5709688533966553,34.4,0.1625146859812403,55,cured,121,,13,0.098819601197581,0.07574707011370019,True,
20039,117,1287626.3615427432,0.06667514267776298,0.7172004554503703,34.4,0.09941869590284957,38,cured,119,,18,0.19052891594986124,0.059418811894998036,False,
23781,117,1179945.1046657031,0.06864610664577345,0.6962308675760733,34.4,0.025884541935260685,9,cured,121,,12,0.0014304489111028088,0.060287954934539194,True,
27307,117,1428372.5715549714,0.08061019767541473,0.7456407141532508,34.4,0.072581825511572,29,sale_exec,146,1428372.5715549714,29,0.19280224999555148,0.05530633885007658,False,0.1764710542946255
28623,117,747978.7731439916,0.08398486758805256,0.8938644429378394,34.4,0.08112684366223277,32,sale_exec,139,566516.5189890944,22,0.30853654198867425,0.04989404184150892,False,0.35033881895325947
28719,117,702476.2846204874,0.07827183709567467,0.5787132811875219,34.4,0.38410368368295544,101,sale_exec,136,702476.2846204874,19,0.40464937203260676,0.04611975292467776,False,0.11620308790708578
3923,118,1031094.0741270042,0.07981215488349584,0.6602943667536443,34.9,0.05582641899527707,22,sale_exec,145,977853.8022054347,27,0.3836329661718125,0.043517067357102646,False,0.20705256884766565
6182,118,2286046.722998762,0.07279783966956056,0.7750903584916076,34.9,0.10010959811379805,38,sale_exec,148,2280383.0910497014,30,0.2317985476411689,0.06547049409578798,False,0.16800208189810262
7663,118,533840.6150419513,0.07694870274372041,0.8761321566956592,34.9,0.0708526734443824,28,vol_sale,127,533840.6150419513,9,0.013528969557464153,0.06351620163272947,True,0.05590386473544895
8469,118,2408178.394509639,0.07573146685364933,0.6319725210899507,34.9,0.02434799277956623,8,vol_sale,132,2408178.394509639,14,0.00046173395644666084,0.04310784043115657,True,0.08430848801066493
8809,118,750649.617325883,0.09197759037821283,0.49947482156085027,34.9,0.44368664042127715,112,sale_exec,141,750649.617325883,23,0.29340141382638235,0.06655253537291186,False,0.16106177030403412
11577,118,568243.2297697422,0.0743190571304795,0.8881653251876871,34.9,0.02695735476983474,9,vol_sale,127,558237.4744619108,9,0.04027312015663597,0.08445214489752181,True,0.0707082048776565
12038,118,1584338.6021856188,0.07545911726321335,0.7175700610396792,34.9,0.0409815322052034,15,sale_exec,146,1584338.6021856188,28,0.1854304083247861,0.0486890755040617,False,0.16097937713042276
15618,118,425716.134406554,0.07808586709013284,0.5803335127643995,34.9,0.41071445272732787,106,sale_exec,139,425716.134406554,21,0.25259757537625904,0.07679774182802704,False,0.12733853730680567
16307,118,707273.8914963156,0.09497872847660592,0.5583993929121231,34.9,0.2666093489245991,78,vol_sale,132,707273.8914963156,14,0.20378394883888473,0.0513239243514331,True,0.10449931984829353
5302,119,937480.3501661369,0.08440677307186654,0.6437847202029494,34.9,0.04687391544866726,17,sale_exec,137,937480.3501661369,18,0.22222750493060706,0.06650452958840056,False,0.1185323311469022
6889,119,1637324.3125281623,0.07569034084336089,0.6972861809673097,34.9,0.04687391544866726,17,vol_sale,130,1637324.3125281623,11,0.07053925410190023,0.05316445629653807,True,0.0668272232619469
10161,119,796777.2184035927,0.08630193862245501,0.8318048251669096,34.9,0.04687391544866726,17,sale_exec,142,737401.2187008566,23,0.20096504702319118,0.08108743997526865,False,0.21515030749468456
12402,119,1403576.5002377396,0.07538840328813295,0.434089338500801,34.9,0.3506189001390625,95,sale_exec,140,1403576.5002377396,21,0.18504298510216208,0.07481500325999929,False,0.1232356456590108
13568,119,349015.37256470957,0.0951021666775312,0.6075430190208869,34.9,0.25980311680839696,76,sale_exec,147,349015.37256470957,28,0.22264455878331987,0.05309859258326347,False,0.19830765558240626
15374,119,2142379.5904028118,0.07419420711379367,0.6585525306687526,34.9,0.2712638968667085,79,vol_sale,128,2142379.5904028118,9,0.04276939719847043,0.06846051000370434,True,0.05396369826960912
18252,119,1956522.2435609251,0.0800839593683077,0.7246975454782713,34.9,0.050906056843190495,19,sale_exec,149,1956522.2435609251,30,0.2215027829411726,0.07664318369450479,False,0.1808964670010218
19691,119,627501.0251200293,0.08603996628700306,0.6468744110989417,34.9,0.13855725002192454,49,sale_exec,145,627501.0251200293,26,0.15037303717194653,0.04691916970660196,False,0.1695227880382132
28152,119,3437815.842795265,0.08096313493055603,0.8011345747124929,34.9,0.03327328858027756,11,vol_sale,134,3437815.842795265,15,0.14343721807856294,0.06145475480211725,True,0.09594405893752267
28597,119,2670734.123285542,0.07241594214153044,0.971013546104052,34.9,0.013807670989976373,4,sale_exec,141,1746093.296655788,22,0.3352198584919293,0.06098783458302312,False,0.42726724832259555
61,120,1983577.4530566651,0.09439245671151672,0.555667793999046,34.9,0.061468399699750265,23,vol_sale,130,1983577.4530566651,10,0.04744079397478689,0.06187995365225135,True,0.0753616775301773
1024,120,883330.0665721671,0.08111909208338351,0.50106285422973,34.9,0.45454842798340556,114,sale_exec,146,883330.0665721671,26,0.19536666812299275,0.06518450852856011,False,0.16068285555446826
3360,120,1813337.2339826901,0.09375701523533923,0.8733575858973626,34.9,0.052881686436782926,19,sale_exec,142,1020285.0603610794,22,0.4946714802325282,0.04131758273174331,False,0.525885637543857
6645,120,2305880.5942521505,0.07659019693898741,0.7365363858135103,34.9,0.04881350899457937,17,sale_exec,145,2071042.968068075,25,0.3334543442992974,0.056261298810718494,False,0.233918080582055
10527,120,1841126.1132847783,0.08402692018499776,0.6465630086640219,34.9,0.09605800191119873,36,sale_exec,146,1841126.1132847783,26,0.11355431291881354,0.07770891015597708,False,0.16591826572599544
11898,120,1110704.8806483103,0.09262315931171883,0.8854605729342394,34.9,0.04881350899457937,17,sale_exec,150,883790.7454070449,30,0.284248458488334,0.06968799926109774,False,0.36821025263335394
17977,120,1679952.6615354118,0.08827315825961105,0.8172512879781394,34.9,0.023711829921274408,7,sale_exec,141,1642409.1810129948,21,0.18627627205864825,0.05790995747573002,False,0.1618130050559834
18722,120,1391248.8178560506,0.07444794844368456,0.7704218853105192,34.9,0.037235628035126034,12,cured,126,,21,0.2149737385970782,0.08151727799003397,False,
19864,120,687101.4597063346,0.08653684674141146,0.721814141955011,34.9,0.03468381860939784,11,sale_exec,145,687101.4597063346,25,0.21612681404703846,0.06609553773957234,False,0.16442749258296796
24217,120,783589.1384036205,0.0881750328200876,0.7642432526545675,34.9,0.11811753570545314,43,sale_exec,146,611948.8877194575,26,0.3771277631464645,0.08136017810233098,False,0.35440537752619017
26485,120,819637.0401349941,0.09563620791023572,0.7093381601664729,34.9,0.14292332660904372,50,cured,127,,14,0.11400220035720607,0.04466586429506356,True,
27302,120,4524966.902981947,0.08506202447570012,0.9264263446116305,34.9,0.04881350899457937,17,sale_exec,144,2325595.470073684,24,0.4741485282477744,0.08269288837423955,False,0.5661940919611731
29115,120,264673.240687431,0.08823392101611213,0.40450996940464184,34.9,0.4769883820987939,118,cured,126,,21,0.16935310410850887,0.04458546338661293,False,
723,121,1649923.3593080041,0.0779968440653791,0.7677047075446145,35.3,0.08052491256446737,30,cured,126,,22,0.19485324704614118,0.05736498262755514,False,
1888,121,577228.0658349886,0.10028310846240641,0.5885903821616727,35.3,0.4050081880656695,105,sale_exec,146,577228.0658349886,25,0.35494294518868386,0.05930477815341215,False,0.18783763211809712
3965,121,953470.1211811214,0.08563253123851412,0.8727420470169092,35.3,0.024858679552833385,7,sale_exec,147,720967.6378784652,26,0.30195947459589695,0.08934668536859054,False,0.3714829481885933
4291,121,4274707.550000628,0.09234429656866748,0.8894073457946446,35.3,0.11281377293954464,41,sale_exec,143,3298351.0614258125,22,0.2759046443759161,0.07784806180607795,False,0.34815131440408564
4659,121,814767.7175389151,0.09558625690688272,0.6966916908180503,35.3,0.06801920727342337,25,sale_exec,147,814767.7175389151,26,0.20984109074541085,0.06622207134731797,False,0.18639726034564996
6048,121,912254.821387629,0.0887325914181016,0.6272447429885064,35.3,0.2388280786808339,71,sale_exec,141,912254.821387629,20,0.26242940414536464,0.06355262837270878,False,0.1370025682907945
9370,121,1084719.2821227133,0.0745488100467427,0.8401550519461608,35.3,0.04626755369716418,15,sale_exec,150,800150.0317830782,29,0.36451606863991665,0.06889673907286509,False,0.3836125746278969
12849,121,2202782.8954951246,0.08376313897505136,0.7836257656078175,35.3,0.03346098137470621,10,sale_exec,144,1952109.357332805,23,0.2820398381831366,0.07302427023979091,False,0.24482010570172164
13160,121,545337.7115917278,0.105,0.572613565071954,35.3,0.1845348716553279,60,vol_sale,134,545337.7115917278,13,0.07812421195785485,0.0576056328631103,True,0.10707726769750892
14280,121,521631.24733743945,0.0953465553988525,0.5434793786276441,35.3,0.3076287753478719,87,cured,123,,26,0.351651075447339,0.07803588288317384,False,
14461,121,430415.0629457222,0.08920480866227533,0.6183107697158324,35.3,0.09451957942828049,35,sale_exec,149,430415.0629457222,28,0.18349467583917262,0.06135920806061991,False,0.18728494824637232
14896,121,1445786.111946562,0.08303766218782516,0.7432812435201958,35.3,0.048593016519211885,16,sale_exec,140,1240621.3863120822,19,0.33841234740964315,0.060512907539425835,False,0.24728176764127163
15015,121,1251948.4504861508,0.09106420848165402,0.8561225231566011,35.3,0.03346098137470621,10,sale_exec,147,1006216.7925737812,26,0.28442183044738206,0.07984534648636352,False,0.33970228051018625
16389,121,1520074.678954801,0.0904796867634402,0.9361964689616222,35.3,0.03881676022902858,12,sale_exec,144,1133931.1561358937,23,0.25536254521292434,0.08676474691564667,False,0.372390956521758
17544,121,2775387.0864630225,0.0763807086699394,0.9174488294738236,35.3,0.04386258422188383,14,sale_exec,150,2203742.9192165066,29,0.26886853369804165,0.05573924739583312,False,0.33941847097337363
17759,121,1238268.3000459722,0.07561607710272017,0.8967714593993008,35.3,0.07039301591440661,26,cured,129,,24,0.26978188638893486,0.0666909905064425,False,
18642,121,726743.2342365894,0.07658669259825127,0.7726762720287244,35.3,0.10653331961843393,39,sale_exec,148,565752.7618493414,27,0.39732498662628274,0.04852543508369651,False,0.3443895927089209
18887,121,757726.3783636203,0.0924517385837122,0.6107369317155242,35.3,0.1551913868829704,53,sale_exec,140,757726.3783636203,19,0.22519374965290936,0.08197858225045006,False,0.1356875236074303
20178,121,1501505.7322721286,0.079251205402501,0.8383990646876257,35.3,0.03881676022902858,12,sale_exec,142,1168353.0043418373,21,0.33797819294963316,0.042847498113632816,False,0.3223382449786305
22086,121,685755.8510208351,0.08717032096085951,0.5924576423134952,35.3,0.12594998941262125,45,cured,129,,15,0.0008160878718073774,0.07719847357052835,True,
24538,121,1199768.2961443274,0.07644659220977798,0.6081885692605784,35.3,0.3447111756959329,94,sale_exec,149,1199768.2961443274,28,0.2214140319529815,0.052100919400127156,False,0.16289821488694456
28188,121,611177.4829363794,0.0806877754677932,0.57845757922399,35.3,0.3076287753478719,87,vol_sale,136,611177.4829363794,15,0.0012504058647249787,0.06081688103669175,True,0.09563491253034118
28369,121,934188.4571662841,0.08742082857600522,0.6477062523187374,35.3,0.05508607908562024,19,sale_exec,151,934188.4571662841,30,0.21038389326008278,0.04758814160433289,False,0.19568141100343683
29201,121,998964.562370905,0.0860654302655587,0.6519263148786583,35.3,0.09451957942828049,35,sale_exec,141,998964.562370905,20,0.18734472143959005,0.07513914596753674,False,0.1331856351758831
29836,121,748031.4142067528,0.09793359243290338,0.8621266240467678,35.3,0.08321898640027436,31,cured,124,,11,0.005778977798575066,0.048501407733825275,True,
938,122,475618.9266024766,0.08525614067161996,0.6191242815961149,35.3,0.16395812391442455,55,sale_exec,150,395483.4485830969,28,0.4628069509929708,0.0898695977987945,False,0.31800685748861135
1913,122,765615.9354546943,0.08085846738600594,0.8148590003016221,35.3,0.015749844927639867,4,sale_exec,141,659776.1847681414,19,0.257862308573067,0.07780289606851531,False,0.24147270311178126
4285,122,2109294.6060495647,0.07520714126222033,0.804995462011836,35.3,0.022738687624007214,6,sale_exec,142,1762308.215040088,20,0.315522538867936,0.04488404832255107,False,0.26264308948302784
4649,122,1298414.6488165888,0.0792689111690615,0.7888104255647834,35.3,0.04048131481778361,12,vol_sale,132,1298414.6488165888,10,0.031972527023548546,0.08644023265617105,True,0.06371953274553177
5957,122,2294563.1637539784,0.07731800106250976,0.8538299657798943,35.3,0.10500706323788522,38,vol_sale,131,2294563.1637539784,9,0.0401053721383199,0.048800724250736255,True,0.056163648759411156
15583,122,403454.86531440396,0.09743938525683951,0.4068957044805395,35.3,0.4496252671733829,113,vol_sale,131,403454.86531440396,9,0.05926535305113048,0.05421769481439056,True,0.07019875832023148
17553,122,1564495.4334974594,0.09484526169821808,0.8830493341794164,35.3,0.07245552136495825,26,sale_exec,149,1215884.8884781161,27,0.3132369485128683,0.04639424066459964,False,0.37164762736441714
19228,122,1162308.0359486355,0.0876907583419252,0.7770212836362085,35.3,0.04313177385475897,13,sale_exec,148,1162308.0359486355,26,0.16681029992528304,0.053691564146265136,False,0.1724665920319065
20504,122,934866.2869664754,0.07546983091248446,0.5412843448603437,35.3,0.10500706323788522,38,sale_exec,147,934866.2869664754,25,0.18968508086743013,0.05445846106882574,False,0.1450706624923045
24191,122,2104897.065647161,0.08714840793745071,0.6674624658643045,35.3,0.05294863853779441,17,sale_exec,148,1735734.4089062926,26,0.43102628822140715,0.07547332551126382,False,0.3168051387790316
24763,122,1073063.143056951,0.08052279415794279,0.712759609166095,35.3,0.05946867184102511,20,sale_exec,151,1073063.143056951,29,0.18261308396527354,0.08683231255368494,False,0.1762982462170588
24990,122,922345.0134243956,0.07495709649140099,0.4794845971193613,35.3,0.388893579242509,102,vol_sale,135,922345.0134243956,13,0.23056854829851228,0.045821339062403606,True,0.07776107989850833
25690,122,360815.89918068267,0.09482401905744163,0.8216075021839457,35.3,0.04313177385475897,13,sale_exec,148,335092.6126713993,26,0.22518231208999978,0.0670550035802703,False,0.2431615492443906
26407,122,724647.0577214373,0.08265339497170883,0.7839431846517599,35.3,0.07483919027872754,27,vol_sale,133,724647.0577214373,11,0.004526709928291825,0.06525071851073048,True,0.0727257176856535
27531,122,1866701.5504405268,0.10416300022876171,0.9910241009126206,35.3,0.03494979749253657,10,cured,124,,23,0.18975614340055036,0.05817034129370119,False,
28517,122,1077280.7023324533,0.09594216783891527,0.9538299283196644,35.3,0.012030824540088192,3,cured,124,,15,0.04144634414268234,0.046753291895421274,True,
29235,122,1524546.4683248233,0.08526957298219834,0.5452445459489556,35.3,0.32830325236312974,91,sale_exec,148,1524546.4683248233,26,0.18431324117269737,0.04775513423894173,False,0.16814525087671817
29883,122,1209334.0205046139,0.10511561447639309,0.7993695087466683,35.3,0.04048131481778361,12,sale_exec,140,861674.3536162537,18,0.38381708044150525,0.07972190942237804,False,0.390998482194023
2061,123,1172444.9761811355,0.10151766006327251,0.8808412927233825,35.3,0.059754245422756425,19,cured,130,,21,0.15587535715044926,0.06786033952002243,False,
2064,123,4909513.22412675,0.08051667840472687,0.673089186101867,35.3,0.03652139278394673,10,sale_exec,149,4909513.22412675,26,0.24264491936365223,0.040932334636372046,False,0.15959397688354293
5285,123,3972388.1622415874,0.088815317933629,0.7853664984566676,35.3,0.12225551788184363,43,sale_exec,153,3520484.7432299103,30,0.29870558539186604,0.06538747997850637,False,0.2896442784597816
5611,123,701606.5259876723,0.0837263207347111,0.9466912702420298,35.3,0.0527193080643622,16,vol_sale,138,683915.235399416,15,0.03488972824527147,0.06036136192961286,True,0.12175812450707812
6576,123,4185221.108925296,0.07346767929408973,0.8729071879651259,35.3,0.05514468266845385,17,sale_exec,147,3319671.2122754552,24,0.29614751625694963,0.0520161975517021,False,0.314893641593016
7113,123,1699075.2254994866,0.09607072580704973,0.9438520176941673,35.3,0.0527193080643622,16,cured,128,,11,0.013018925638094463,0.05356350906310495,True,
8194,123,2569813.160975905,0.0901920741212459,0.7861267678049728,35.3,0.03941340821474282,11,sale_exec,149,2569813.160975905,26,0.14776137169600645,0.08771977801767605,False,0.17690647460086295
10025,123,777096.5435947145,0.10259965244380238,0.726078930804863,35.3,0.01639558856107226,4,sale_exec,149,766563.5016755182,26,0.29052230353528624,0.043853694560265125,False,0.20943022274644563
11046,123,904289.3317307943,0.07550850941616774,0.9264660043326665,35.3,0.057489876039648724,18,sale_exec,147,567499.2114800711,24,0.3723520570007549,0.08256187043751467,False,0.46014456120377567
11353,123,2224522.4430875387,0.09170327647331927,0.7376720091032991,35.3,0.10380610602833884,37,sale_exec,141,2224522.4430875387,18,0.14141629585010576,0.06172378640402424,False,0.12805766249561823
12593,123,1845371.4998031298,0.08737894860938228,0.8491707771863354,35.3,0.07475040523615206,26,sale_exec,144,1776745.9373766403,21,0.16461890483231434,0.05847895828047365,False,0.1732526804454405
15196,123,1298100.0251633003,0.08173327463494155,0.8471000362612751,35.3,0.059754245422756425,19,sale_exec,149,1056837.8327149153,26,0.2938482996958473,0.06482341431264566,False,0.3175792012652232
16671,123,1038490.1322825074,0.08781631610040729,0.6655013643505578,35.3,0.07248303424208413,25,sale_exec,144,1038490.1322825074,21,0.2123443124859772,0.08963922712500942,False,0.1419723635500143
16698,123,1212214.5026062473,0.07900360788056414,0.7389592197409544,35.3,0.05021441229098578,15,sale_exec,141,1212214.5026062473,18,0.10953816355763607,0.044666736024475906,False,0.11140793425393614
18565,123,1001937.5943500001,0.07593572117606877,0.6581193873256658,35.3,0.033554163459972974,9,sale_exec,142,1001937.5943500001,19,0.29893286480175413,0.07465241002293614,False,0.11294894977050218
18853,123,891708.065106364,0.08596929686009,0.5937547582310487,35.3,0.31392132487916014,88,sale_exec,147,891708.065106364,24,0.23519343059666686,0.07321081559493894,False,0.15745282665516058
22468,123,574370.2515929048,0.10530566462492133,0.4628549288543454,35.3,0.4279969146802829,109,sale_exec,152,574370.2515929048,29,0.27631476371618524,0.08541402929213077,False,0.22382599466442576
23201,123,2162017.2079155976,0.08300949510776356,0.9382115956742624,35.3,0.0527193080643622,16,vol_sale,133,1961964.4595833165,10,0.0884559397065227,0.05863217090345301,True,0.15298074604928236
24099,123,562908.447343211,0.09374834725572387,0.5472346137561535,35.3,0.23932757825966777,71,sale_exec,152,562908.447343211,29,0.3009277414382584,0.0740544969336209,False,0.20202507924347013
24841,123,1069284.0733812472,0.07894935143818643,0.8003753624777841,35.3,0.14972310378263698,51,sale_exec,146,1069284.0733812472,23,0.18393817786653613,0.06525553392110571,False,0.14000094493986415
25672,123,2392811.0408133077,0.09282278731864205,0.6972630016636803,35.3,0.020130648624478997,5,cured,127,,20,0.2472824737648317,0.0725646016703739,False,
27217,123,1529858.8231610858,0.09569277089313774,0.6678509028475313,35.3,0.05514468266845385,17,sale_exec,143,1529858.8231610858,20,0.1279380367731001,0.04017282677167351,False,0.14688029045831252
27730,123,1184676.9987972758,0.0829733367681688,0.5904230539400909,35.3,0.296181125981138,84,vol_sale,134,1184676.9987972758,11,0.07830450240463029,0.07074335569533724,True,0.07299576543673447
28579,123,714492.2076967179,0.08246552357368968,0.8054193666087313,35.3,0.09519237042769624,34,vol_sale,138,714492.2076967179,15,0.009218376068583469,0.068351572386827,True,0.09762880835603038
28956,123,1747759.2723945656,0.07911116437658433,0.7311139656806188,35.3,0.01251286005326091,3,vol_sale,133,1747759.2723945656,10,0.10225802703093381,0.07233299377927192,True,0.06359725229082192
1113,124,636414.7018913302,0.09255881272946587,0.42660919687316196,34.5,0.43995935812690257,111,cured,131,,13,0.10331817610942737,0.0420219416866777,True,
1267,124,819763.9028850115,0.09177657398947595,0.7852887122012401,34.5,0.111715968125087,39,sale_exec,149,629540.9157145385,25,0.3652293814935821,0.08055860531931516,False,0.3652342663344218
3278,124,1070260.1206995798,0.08545370241815602,0.5332125948216847,34.5,0.39002224648010886,102,sale_exec,148,1070260.1206995798,24,0.41867198187071747,0.05873226851140642,False,0.15658972127736515
3945,124,2074830.2759935178,0.08928336127675521,0.9391628248562844,34.5,0.04406135202661643,12,cured,133,,26,0.31683452331126616,0.06552050054356216,False,
5742,124,925504.8450918723,0.10073578975780229,0.7634860178625613,34.5,0.15119590874085542,51,sale_exec,147,784585.5131122111,23,0.3331603366989489,0.06370865150171665,False,0.3005457062949892
7977,124,921616.4267206582,0.0924748073692896,0.8587057134072331,34.5,0.10874199459729117,38,cured,125,,11,0.02313493931417013,0.04699551735025421,True,
8144,124,1998880.3373930566,0.09450846680272919,0.8663866716128644,34.5,0.08930394791606533,31,vol_sale,136,1998880.3373930566,12,0.005162042356803503,0.07621797505932251,True,0.08984307467056118
9485,124,1043872.3112933227,0.08581423968043243,0.5583281693943785,34.5,0.3019772577184794,85,sale_exec,151,1043872.3112933227,27,0.21483628042399097,0.06743525924756594,False,0.17501900580289753
9725,124,1679879.332016755,0.09488954249348937,0.7261355593469988,34.5,0.02094060361372807,5,sale_exec,153,1679879.332016755,29,0.17082240485264635,0.05312377344319186,False,0.20420565767323806
12028,124,483839.70364417986,0.10388333488388057,0.7071035280871953,34.5,0.10008974096449141,35,sale_exec,152,483839.70364417986,28,0.19994221184392508,0.07582801045883718,False,0.2144343650498478
14687,124,1010225.9639338665,0.10008006308261017,0.7916355421656965,34.5,0.1548643193407211,52,sale_exec,150,1010225.9639338665,26,0.1790825619382892,0.06771100659860857,False,0.1942170850060092
14808,124,731548.2825523944,0.09297492821837922,0.7372019778988715,34.5,0.15119590874085542,51,sale_exec,152,699534.9585621418,28,0.27280984704548306,0.08765732997267371,False,0.22960572306258653
16549,124,557275.3711763324,0.08724509438574904,0.7011576005871958,34.5,0.0843019254967241,29,sale_exec,154,557275.3711763324,30,0.2545975054628771,0.06989169054088772,False,0.19533052192204647
17540,124,1458594.523452358,0.0968773738908192,0.7005683157389873,34.5,0.17827737159433532,58,cured,126,,28,0.37318850739546255,0.06763567504755687,False,
17683,124,3137640.5879963287,0.09461417506940348,0.6868424175319908,34.5,0.14405466401923905,49,sale_exec,151,3137640.5879963287,27,0.25609696950221117,0.06777136778978453,False,0.19107335854866925
18271,124,3569767.2409002525,0.10450188624177453,0.9481883521327301,34.5,0.03174273723972454,8,sale_exec,151,2302306.0366579075,27,0.38024026610463857,0.04495187039203133,False,0.4896714212973192
18850,124,1646235.3462996664,0.09338276185812604,0.6851409325324935,34.5,0.07506439882373739,25,sale_exec,147,1646235.3462996664,23,0.24213928516376482,0.04932361678827159,False,0.16330092635843851
21326,124,1902593.0665559135,0.09110747598845877,0.9315161043370008,34.5,0.06879608714562901,22,sale_exec,153,1585152.7425999963,29,0.20503543195237153,0.0722829530460489,False,0.3309401377894625
21509,124,1033241.0300128316,0.08501419775400461,0.6979620004101623,34.5,0.11473539222701001,40,sale_exec,147,1033241.0300128316,23,0.2952776474894391,0.04791699616653779,False,0.14987289161291728
21945,124,3541818.249707696,0.08778346068207547,0.8863542959463763,34.5,0.03174273723972454,8,sale_exec,148,2837717.534242603,24,0.2580356588551918,0.0749692678324683,False,0.32737550092622536
23572,124,1345635.0715432328,0.10107203144261649,0.8347472633504549,34.5,0.08189727109230405,28,vol_sale,134,1266276.8498219629,10,0.16039480808151022,0.058968462947855016,True,0.13468273461695968
26291,124,1113464.9757837844,0.0981001100298287,0.685753567847106,34.5,0.05986297200326596,18,sale_exec,143,1113464.9757837844,19,0.1864111557613493,0.07025446972537208,False,0.14332248030972927
952,125,1290835.0378862012,0.08581172639065626,0.8489032856494106,34.5,0.05450166623066832,15,sale_exec,155,1248276.426567335,30,0.1617617583644894,0.08084157268057619,False,0.21908696813429462
2441,125,740424.1649036754,0.08552010340113057,0.8387391222426355,34.5,0.13907411004749726,47,cured,127,,25,0.4157857428774051,0.04360611532340677,False,
2791,125,1920186.971497846,0.10167550665841302,0.807362705142854,34.5,0.07374487543892916,23,cured,134,,26,0.27206082778807245,0.05370894809846216,False,
7161,125,396588.0687181199,0.11028235946876191,0.5573883262106198,34.5,0.22463211218139612,68,sale_exec,146,396588.0687181199,21,0.14854489960918632,0.06059453175007105,False,0.17478613695352463
8420,125,2531038.354953524,0.09125012711032544,0.6164269559932612,34.5,0.05173734609299796,14,sale_exec,155,2531038.354953524,30,0.24349427454609116,0.08021000255591976,False,0.20328825223758473
9042,125,616132.4940347184,0.08250925078996621,0.4788124444147305,34.5,0.41873537355230117,107,cured,126,,9,0.012210301710623997,0.08752936794565983,True,
9278,125,3010539.991635362,0.08733008493892987,0.9271692033934421,34.5,0.07162484620786813,22,vol_sale,134,2566052.724210175,9,0.1397716854961099,0.06581926822031085,True,0.2014925911414993
11718,125,1490582.4832392656,0.0998354088274161,0.6567020184284849,34.5,0.06713698552853686,20,sale_exec,144,1490582.4832392656,19,0.24755537798750565,0.0810342475159284,False,0.14565381866672888
13941,125,509102.2701570309,0.0995488062882857,0.6635325562199941,34.5,0.25574537413899523,74,vol_sale,135,509102.2701570309,10,0.20260431172897375,0.042381711390331124,True,0.07929457258744865
14086,125,688639.9932110712,0.08746509770710767,0.43265609048731024,34.5,0.4522415736277776,113,cured,128,,13,0.029357284912583305,0.06919761792225972,True,
14644,125,233984.5540928098,0.1089706130235203,0.7684582405258582,34.5,0.17562050756251324,57,sale_exec,146,225586.69742065348,21,0.22448682895180916,0.08090856473878516,False,0.20259173232742966
27483,125,1789364.2897278916,0.09740676317518711,0.7695225722428661,34.5,0.06713698552853686,20,vol_sale,136,1789364.2897278916,11,0.0884836591329395,0.041066585183129486,True,0.0850895526801887
28794,125,735267.6488811466,0.08691802215300566,0.738994416295774,34.5,0.12297626960142582,42,vol_sale,140,735267.6488811466,15,0.006270296584906048,0.06008768397996927,True,0.1026021141127148
29754,125,812191.7778151389,0.08009376830585416,0.4130046463684234,34.5,0.4354335210186251,110,sale_exec,152,812191.7778151389,27,0.16139160806189556,0.08182746015307651,False,0.1644058364527884
630,126,1189690.463459414,0.09346316268139715,0.7719695750647658,34.5,0.09453874938210638,31,vol_sale,138,1189690.463459414,12,0.18606394170336696,0.05415413899103011,True,0.08889858769694159
5321,126,2411319.591991535,0.09427213734834064,0.6846880415940404,34.5,0.11625307547232944,39,cured,127,,27,0.203039707578654,0.08909505184024394,False,
7047,126,878590.2532210023,0.0980284622813251,0.7620697918774083,34.5,0.18124998677772997,58,cured,127,,29,0.2645338285051655,0.07428992628986084,False,
7391,126,1563074.8769953256,0.10182485580433832,0.51324553680438,34.5,0.32296782486718545,89,cured,131,,10,0.1204528657321492,0.057312524456998304,True,
8954,126,922132.8608361189,0.09450345186673945,0.8081658416942873,34.5,0.1479067875749831,49,cured,132,,11,0.1278535261236834,0.04547594494148091,True,
9845,126,1635031.5677987193,0.11263031076999955,0.8042424310694232,34.5,0.05391826727772098,14,sale_exec,153,1499697.6646376033,27,0.24419055746434704,0.07051715500324329,False,0.28725737310988764
12178,126,1145520.4074878532,0.09405097259025878,0.7441958799215695,34.5,0.220676215828137,67,cured,131,,11,0.04885862829430604,0.05703843433986157,True,
13095,126,1007745.176734619,0.10477984549040024,0.752187283974046,34.5,0.030579237384337432,7,sale_exec,154,813340.578817099,28,0.37162725026925475,0.07310963586909389,False,0.36729169210447976
16558,126,1139277.8846080413,0.1035378875267986,0.6200955864420304,34.5,0.05955116577092823,16,sale_exec,156,1139277.8846080413,30,0.38288945386082907,0.04693076136614235,False,0.2271995581270061
17280,126,478037.65220217285,0.0971091477992136,0.5867912010270865,34.5,0.2159163802877755,66,sale_exec,154,478037.65220217285,28,0.2974415915021283,0.05778981779931593,False,0.20202347896644413
17602,126,425802.28099162737,0.10427094332470455,0.3350946484924206,34.5,0.40875008060128737,105,vol_sale,137,425802.28099162737,11,0.029487065949542743,0.059179149225690855,True,0.0907805744015211
18646,126,1731745.1817880503,0.09290808280419902,0.9962015017342629,34.5,0.022557820453520616,5,cured,127,,26,0.2953826051553179,0.08917318896035506,False,
26617,126,1220195.1899755753,0.0973280495225174,0.8787695386677138,34.5,0.0788865214206429,24,sale_exec,155,1076464.4091760232,29,0.2098626351106111,0.06741756176804659,False,0.30203728062237534
27528,126,968798.105645657,0.10149945429783475,0.8064429657998212,34.5,0.09211139279200875,30,vol_sale,141,968798.105645657,15,0.05028188987521057,0.07759298459797234,True,0.11868551643876135
29860,126,691309.9454539175,0.09611693306313435,0.6712504753845806,34.5,0.05955116577092823,16,sale_exec,155,691309.9454539175,29,0.224728949945071,0.05922089960649434,False,0.2065440578068325
29994,126,1224480.5214559732,0.0873046075625011,0.735997693746159,34.5,0.022557820453520616,5,sale_exec,151,1224480.5214559732,25,0.10031114428156089,0.06501807520111776,False,0.1657533280709369
155,127,908157.799874178,0.09791756125103462,0.6675758387234109,33.9,0.2572841668989301,74,sale_exec,153,908157.799874178,26,0.26175432396993575,0.07538958738787274,False,0.19046383109533793
4496,127,820596.918420615,0.09050421571402834,0.8058833121438589,33.9,0.049750245239374324,12,sale_exec,146,639523.0598898842,19,0.3431963969004338,0.05663849493979593,False,0.3243431898051111
5499,127,2104710.8295439263,0.09431393181289616,0.5495696145904766,33.9,0.08184853384791269,24,sale_exec,148,2104710.8295439263,21,0.20175999052197127,0.07839432736281704,False,0.15160093374537054
6050,127,622136.2409273341,0.09915080638901291,0.6967942622756437,33.9,0.12450251868059903,41,cured,129,,9,0.011090780464184142,0.0825406502968529,True,
10116,127,1888482.6065467484,0.09376064033559171,0.9619336029315011,33.9,0.06177129980718665,16,sale_exec,148,1309707.2038169731,21,0.29987459732580074,0.057606111225500065,False,0.4110496973842491
10465,127,924218.7332230094,0.091129967378906,0.8719362519643555,33.9,0.05890245497324309,15,sale_exec,145,780513.6030487904,18,0.2122340077476958,0.07922322873551166,False,0.2630057004622214
11222,127,447424.4547829702,0.08937492078254859,0.5263066050508651,33.9,0.12153205679051915,40,sale_exec,147,447424.4547829702,20,0.35916602893737987,0.06909159721270795,False,0.1379191564295551
12190,127,1442596.5288821282,0.10359376112968782,0.42418211490729557,33.9,0.16031714994721646,52,sale_exec,157,1442596.5288821282,30,0.33736672558257985,0.05790074702165994,False,0.22730657490830586
16359,127,2485253.4149647932,0.09035766612547341,0.943681552559045,33.9,0.02314378681819984,5,vol_sale,141,2276260.2577062445,14,0.07344957289156273,0.07408180740458374,True,0.17540518467108435
18986,127,852390.7231897891,0.0878920740290367,0.7625687151844509,33.9,0.1828452273471819,58,cured,136,,19,0.20535346202180868,0.07941590998323918,False,
21766,127,1343944.2308409258,0.101216299821765,0.7388821426042844,33.9,0.07245784102564179,20,cured,128,,29,0.2790759839379914,0.08829119285216214,False,
23641,127,2044778.8155541664,0.12,0.9270876506487389,33.9,0.018750043634682356,4,sale_exec,152,1604813.7901365277,25,0.22435505088584878,0.08815271971038754,False,0.38801050709703844
23643,127,1229862.9486877602,0.09405831324334162,0.7122015014565498,33.9,0.18683635133011678,59,sale_exec,154,1228076.2355051974,27,0.27017797462977455,0.07607211746454098,False,0.19124555813257926
24023,127,2100794.685633972,0.08915638414413828,0.7440634672677087,33.9,0.11289236061543662,37,cured,130,,20,0.3089046297028834,0.062482947412987294,False,
25617,127,1104315.0985189497,0.0894748562138627,0.7885704302562415,33.9,0.052933349123655216,13,sale_exec,151,927179.5480107636,24,0.3080133839090672,0.07363934768359987,False,0.2975065712334116
26412,127,1413025.7314913701,0.09420175169428005,0.806127082658993,33.9,0.11860707562334749,39,sale_exec,154,1193150.8222130989,27,0.31690163135759725,0.04423438181324624,False,0.3163178014470087
28574,127,599838.2096791526,0.09027802734022786,0.8378451642889742,33.9,0.049750245239374324,12,sale_exec,155,504306.26127715467,28,0.274705929671659,0.06922965783969545,False,0.3184165145245125
29545,127,492091.7667326219,0.0945763567023421,0.6724959414911302,33.9,0.2572841668989301,74,vol_sale,141,492091.7667326219,14,0.008824032901278022,0.08112629087997913,True,0.10408213865662619
150,128,1878060.943885558,0.11143961293605213,0.7619726492618654,33.9,0.09543794471705325,29,cured,135,,28,0.29064411077366964,0.06787328822786104,False,
860,128,922022.3725503582,0.10661979988761794,0.8929473672544962,33.9,0.08234875851981882,23,sale_exec,149,832362.3837943844,21,0.15160571245998114,0.07603242053217245,False,0.2502850500838322
1709,128,1724686.0450578753,0.11021266501213593,0.8259502791952931,33.9,0.0321914617671768,7,sale_exec,154,1089764.1969045182,26,0.4432396422943007,0.07174699992571387,False,0.5018170392276167
1919,128,1178163.0823279715,0.0956978756927842,0.8093055116889033,33.9,0.07994843565024423,22,sale_exec,149,1178163.0823279715,21,0.07046837108826166,0.07439174595705828,False,0.15363708575857027
2813,128,1749195.2198057142,0.10072842693266253,0.9225092342797703,33.9,0.07490226722525262,20,sale_exec,148,1566943.009991359,20,0.1594540268649668,0.04013971230223855,False,0.24210410573309082
2989,128,489189.2232327978,0.11915443105017287,0.564649643579048,33.9,0.2684610000733778,76,sale_exec,155,489189.2232327978,27,0.1818700540774409,0.051004561987970876,False,0.23415476605856878
7408,128,1169260.3118395586,0.11865102197473185,0.5423765624699044,33.9,0.4615654700758447,114,sale_exec,146,1169260.3118395586,18,0.385024408968214,0.05182017979507018,False,0.16230600907090176
8205,128,2726209.361399112,0.10780576808372598,0.7891832715866077,33.9,0.08905084226158566,26,vol_sale,139,2726209.361399112,11,0.007248268008321621,0.08614772027004891,True,0.09369618804561997
11734,128,698750.3335679359,0.10132843106765095,0.8512344023510902,33.9,0.11530858897576857,37,sale_exec,158,550726.0162553126,30,0.32164877679337467,0.05120454300200381,False,0.38756569468178326
14575,128,1384517.592319331,0.10963468309524552,0.8319415596817954,33.9,0.07994843565024423,22,sale_exec,157,1321927.364060601,29,0.1891056868006991,0.06964809505418218,False,0.2665592462569879
15088,128,779024.21253668,0.11929138550434276,0.5302452242030472,33.9,0.4389590943396473,110,sale_exec,147,779024.21253668,19,0.21767255603962488,0.07915446991390657,False,0.17134004040721051
15908,128,860999.5961612125,0.10173758232287257,0.9885129943710365,33.9,0.0235074425234858,5,cured,136,,13,0.04104649361885516,0.07843761969840661,True,
17126,128,543787.5696350371,0.11291275231439521,0.7755936916795025,33.9,0.1964578178640337,61,cured,129,,10,0.15098145207043678,0.06974260562002761,True,
19064,128,885507.6803754582,0.1194448462352869,0.5779109100958544,33.9,0.072257790249044,19,sale_exec,153,885507.6803754582,25,0.14743333124632094,0.07910287405342559,False,0.21933809730451725
20123,128,1733906.7822784437,0.12606478569078083,0.8442568340045827,33.9,0.04411131121346523,10,vol_sale,137,1423147.0772085371,9,0.258005179406622,0.04759059964316344,True,0.2529041973727296
21024,128,5002637.430317107,0.10434219315506915,0.9304502288944545,33.9,0.06088735984917881,15,sale_exec,156,3117799.9097910565,28,0.36807479387165515,0.08900453295890323,False,0.5109303617147579
22944,128,1577524.1104801071,0.10135402431108827,0.5970916568848572,33.9,0.08234875851981882,23,cured,132,,30,0.2875394420417114,0.07695532501613803,False,
23020,128,1185790.9649095836,0.11497236559857421,0.9049773731764343,33.9,0.072257790249044,19,cured,129,,15,0.07542008371287157,0.05904777444587103,True,
26247,128,501563.674892784,0.1056383648660637,0.7103928526923636,33.9,0.23217635458624053,69,vol_sale,141,501563.674892784,13,0.08972339348787668,0.05773705246968177,True,0.1076891967994239
28992,128,1724597.635548756,0.11343868978045599,0.7319306819832142,33.9,0.06088735984917881,15,sale_exec,157,1724597.635548756,29,0.18577551095411682,0.04367858573628484,False,0.23879748456269068
2645,129,1720592.6635482959,0.116772653770126,0.9036041766487002,33.9,0.04508463924934758,10,sale_exec,153,1133771.0508383922,24,0.3732873840999034,0.05991062105933899,False,0.4777118429558561
5381,129,1543896.7255476506,0.10180624711006195,0.9251144887531512,33.9,0.041092315819811986,9,sale_exec,155,1302204.925102595,26,0.17741753932117152,0.08260441736343092,False,0.3228756964037286
6751,129,1832839.254417065,0.11061197059657399,0.8843763455193052,33.9,0.09828577730092025,29,cured,131,,20,0.1574576272630266,0.08003025549738418,False,
7493,129,5335207.790525689,0.11063380997320947,0.9824958659865523,33.9,0.04508463924934758,10,sale_exec,158,4200618.659151777,29,0.20303766585109653,0.06312049255012077,False,0.39663689448093853
8150,129,3423094.0061982507,0.10095009981125526,0.8021718432400078,33.9,0.01893091486837961,4,cured,131,,15,0.18107956533388458,0.06503552979681168,True,
8434,129,713374.0940905245,0.10323005572318009,0.7999167829591142,33.9,0.08492747553495472,23,sale_exec,156,700548.4334118316,27,0.20371347763373338,0.05712857212346169,False,0.22074483398246492
11912,129,1955299.717561955,0.1029150736342003,0.6441142955871598,33.9,0.16755420281877664,53,cured,136,,27,0.15981907055149858,0.041439001594669005,False,
14116,129,871194.4195038186,0.11407606183057807,1.0119710788407383,33.9,0.023648815171185555,5,sale_exec,149,632858.2507321446,20,0.23658870449747696,0.047163050012159966,False,0.3988119229711282
15740,129,2147107.5330605945,0.11062688693983416,0.9087938994189392,33.9,0.05614223053691991,13,cured,138,,10,0.0019475086575046902,0.05171709061956756,True,
18268,129,480972.9694380943,0.1132530579071494,0.5667129530440707,33.9,0.10508659441296286,32,cured,131,,26,0.2999046648193298,0.0486990335615889,False,
21482,129,2303576.544147898,0.10768275052680633,0.7386810044646572,33.9,0.09191168494226987,26,cured,132,,9,0.008019762308089368,0.0754931387367698,True,
21844,129,983298.7532800685,0.10740437653958793,0.7384975594213996,33.9,0.18988869290389254,59,sale_exec,155,945671.2251120267,26,0.28963934743055386,0.04007341117076332,False,0.23714878382330618
23863,129,607000.5254358281,0.10256839244000952,0.3998194251933301,33.9,0.46260759080424707,114,sale_exec,153,607000.5254358281,24,0.30281259464438753,0.07613714602889382,False,0.18475374586756432
24123,129,1969037.1531505499,0.12118075806195688,0.721072692545048,33.9,0.07720137285734419,20,sale_exec,154,1969037.1531505499,25,0.2409244535476849,0.05042871081312209,False,0.22212832436918728
26056,129,512078.7153243072,0.118941098298995,0.8455712307799893,33.9,0.13196433653351192,42,vol_sale,140,439687.7881050215,11,0.23095386672461507,0.04655744696369798,True,0.22964667021599783
27389,129,1623143.3326975843,0.11089169014845701,0.49084548170317477,33.9,0.32857837104766396,89,cured,132,,11,0.0015926308751999213,0.05978935286108364,True,
27531,129,1940193.912665309,0.1241630002287617,0.9974628780180758,33.9,0.0687521659680721,17,cured,138,,20,0.3420896311079818,0.06337053602971876,False,
29446,129,2522530.4216282256,0.1067490813079833,0.6122201223681336,33.9,0.06577851974487703,16,sale_exec,153,2522530.4216282256,24,0.1835444308330248,0.08318048771676043,False,0.19148346048278841
29873,129,3222809.8854043274,0.10331134682880577,0.997879400909725,33.9,0.028226264469418894,6,sale_exec,158,2699269.0097600115,29,0.16243021728145776,0.04246272354277621,False,0.3468007699958674
808,130,913602.5561790103,0.10634124375963426,0.43201339205061384,33.7,0.44648096733083964,111,vol_sale,140,913602.5561790103,10,0.06820772816339839,0.05189545123105613,True,0.08444730032172187
902,130,685876.0851394353,0.11512612657033916,0.50329813335002,33.7,0.38351575831189844,100,sale_exec,155,685876.0851394353,25,0.17856440842771948,0.06685570055726496,False,0.21235112623368335
1695,130,1868216.6425103073,0.10730551818939965,0.6793034343419949,33.7,0.07935424186632112,20,vol_sale,139,1868216.6425103073,9,0.05364640959113919,0.058096303698836144,True,0.07699575201182118
1698,130,516656.41594499117,0.10709547446105391,0.6759819313425014,33.7,0.29543231850237617,81,sale_exec,156,516656.41594499117,26,0.23677038799603672,0.08815554988996618,False,0.20626916876301793
1981,130,770792.836070107,0.12708259440115777,0.6020008608808753,33.7,0.180078285608952,56,cured,133,,26,0.28106368407294413,0.07739041926624088,False,
2731,130,1711706.062989177,0.12998211557060504,0.7984034988875579,33.7,0.10113560562674473,29,vol_sale,143,1711706.062989177,13,0.01703094119050539,0.07646271160397355,True,0.13069112885070255
3759,130,1573149.530002087,0.12088720603016215,0.699367654068098,33.7,0.23389383405980224,69,sale_exec,156,1496163.1398722094,26,0.30834700148357297,0.07663285333163165,False,0.2671304318420521
7286,130,816738.9957230934,0.12024333368153077,0.7461155938605308,33.7,0.0990509764957701,28,sale_exec,159,795340.2914073495,29,0.26695585705182584,0.05372514488377109,False,0.2707154817985882
10413,130,2480798.780597016,0.10455545382132332,0.5968937789367458,33.7,0.0706288848488843,17,sale_exec,153,2480798.780597016,23,0.174222632188202,0.06663123908856917,False,0.1808843220910984
10627,130,901411.9107083981,0.11749330733407616,0.8365828052240727,33.7,0.05740211378837401,13,sale_exec,154,893459.056490485,24,0.1302854679386861,0.08408719301172929,False,0.21549747889378468
11129,130,1978719.083347226,0.12175837771756887,0.553166628937028,33.7,0.16936123564613936,53,sale_exec,150,1978719.083347226,20,0.13858566406536268,0.054689608398120225,False,0.18282991220568967
13804,130,1048162.4187634586,0.10869134505108842,0.46237450533299645,33.7,0.22469596175424522,67,sale_exec,154,1048162.4187634586,24,0.2622342845382448,0.07224193866976975,False,0.19459023858928404
16053,130,2323837.2537354752,0.10913295382130532,0.7564861715429227,33.7,0.04166948866224418,9,sale_exec,155,2323837.2537354752,25,0.2029058116304275,0.06428090712008508,False,0.2025472485490335
17382,130,1134584.985504223,0.11513232870569978,0.7217998995116154,33.7,0.04583033384621338,10,sale_exec,154,1134584.985504223,24,0.22444595866064718,0.0899452419748379,False,0.2048043160531744
17540,130,1480150.7157963624,0.11937737389081919,0.6913514395030254,33.7,0.21163139667929465,64,cured,137,,21,0.3233032830010368,0.06532329888250361,False,
18398,130,1253298.5724036477,0.12275265406223804,0.5159033662656777,33.7,0.37250178191111694,98,sale_exec,152,1253298.5724036477,22,0.2937605819561324,0.06573052046479513,False,0.20060755071983094
19165,130,1473470.484666449,0.11340105159182139,0.8664258825966713,33.7,0.0873598043400583,23,sale_exec,160,1191438.6521305952,30,0.2839072276409839,0.05749959766050484,False,0.390203760071135
19240,130,2525474.0699980026,0.11439124254798952,0.8893609527384376,33.7,0.06433668308843377,15,sale_exec,160,1837848.7554364987,30,0.31390372204851846,0.08068951878618227,False,0.4525349811838766
22555,130,1475312.2651425963,0.1159293284150888,0.7802791110864408,33.7,0.09228735133236765,25,vol_sale,143,1475312.2651425963,13,0.06246315090754494,0.05266926554403835,True,0.11749192122641028
25053,130,1247556.8981033405,0.11717083073043184,0.8684759207691385,33.7,0.1101158508251956,33,cured,134,,15,0.06270543244275628,0.061095000728116855,True,
27239,130,1116001.986457496,0.11205267507296675,0.9361984425454066,33.7,0.06433668308843377,15,cured,132,,11,0.08466675264197517,0.06146682125629991,True,
28542,130,753501.3348460208,0.11935892308438169,0.9805063355801197,33.7,0.03290572901088873,7,sale_exec,149,600872.5143204227,19,0.1514465336746227,0.0859985841224116,False,0.3392629147095426
28745,130,1130242.8361294558,0.11445816315395854,0.9419216004219831,33.7,0.060948740824902536,14,sale_exec,155,972628.3896976135,25,0.14971933552179284,0.07535236223808889,False,0.32125527289100675
28886,130,2411884.7927423907,0.10844526329641137,0.9038217579200036,33.7,0.08477248314516261,22,sale_exec,152,2157368.674530716,22,0.13617328955075161,0.08912171073674799,False,0.2661440849837948
29161,130,1145217.394697053,0.10866924407745442,0.6696928685488648,33.7,0.10113560562674473,29,vol_sale,145,1145217.394697053,15,0.05945270542110819,0.08015677612963515,True,0.12648081904770203
29775,130,473377.5081262614,0.10275090382546741,0.8835310964048947,33.7,0.060948740824902536,14,vol_sale,142,458824.2248479664,12,0.1017298898114007,0.04549593425150005,True,0.12500708786156545
1217,131,2926323.8500340716,0.1202671515614615,0.832121000512134,33.7,0.018449093514676163,4,sale_exec,161,2758814.65345437,30,0.21573550577064243,0.04234025354583413,False,0.30100874464617355
2855,131,423861.45227556454,0.1062497552468721,0.7352863723684827,33.7,0.13924436216770109,43,sale_exec,161,423861.45227556454,30,0.19884569123153456,0.054642513060794914,False,0.23237607368387792
4693,131,1797649.659307437,0.10156606738271307,0.6949741509852337,33.7,0.10398739945837021,29,sale_exec,154,1797649.659307437,23,0.26484749629677784,0.06818900903987998,False,0.17621779177193708
5834,131,762958.1549684219,0.13292047394040385,0.8736942024833262,33.7,0.07543764906875872,18,cured,139,,18,0.1263476830014916,0.07314301848386584,False,
7370,131,1071694.954236011,0.1026644596742288,0.6194032306401024,33.7,0.1746134594088833,54,cured,136,,24,0.19598853197606542,0.06425634351613008,False,
10324,131,788088.8727058572,0.10547346772096516,0.41463929427390467,33.7,0.353747386350725,94,cured,138,,27,0.13869900318944745,0.07657593801285645,False,
10443,131,708465.7669325122,0.11892212385144284,0.8022569940090546,33.7,0.06911718568084968,16,vol_sale,140,708465.7669325122,9,0.031029567973413576,0.08862476634046158,True,0.08492800981560322
10979,131,424782.4193519713,0.11904278207597978,0.6381978847793212,33.7,0.33653960006720385,90,sale_exec,153,424782.4193519713,22,0.24962529672137482,0.07273321297934163,False,0.1952066043479913
11535,131,1555598.0059237934,0.11628824481090598,0.39014927761513163,33.7,0.4472546960807562,111,vol_sale,146,1555598.0059237934,15,0.07983602540744253,0.04551393877173301,True,0.1346839843968507
11813,131,1289913.087325058,0.11660995311185472,0.8847178581546333,33.7,0.09954278051803334,27,vol_sale,146,1079885.0321357213,15,0.22789565000703801,0.04177109704812984,True,0.2758661525596817
12058,131,2181546.3812015713,0.10434156396491466,0.7064471293358455,33.7,0.08964477379365299,23,sale_exec,149,2181546.3812015713,18,0.23401161225841524,0.05460554510064472,False,0.14430032996485387
12623,131,672458.2800462806,0.113777912783986,0.46378765165209324,33.7,0.39550249259148673,102,cured,132,,11,0.0018698617243769055,0.06395375163809401,True,
12699,131,3581428.8138457127,0.11974836379179422,0.7357869959404729,33.7,0.10398739945837021,29,vol_sale,141,3581428.8138457127,10,0.022305041727644557,0.07240864921028195,True,0.09452506759092161
14936,131,1434809.4682611509,0.114299209420597,0.7172905936836351,33.7,0.06911718568084968,16,vol_sale,143,1434809.4682611509,12,0.009889497948908874,0.04573615661581866,True,0.10752635508323283
15632,131,1054377.254228664,0.10916628755599028,0.48818426946628757,33.7,0.1225538391427381,37,vol_sale,143,1054377.254228664,12,0.054500499856798106,0.07352641067014079,True,0.10297605737176752
16620,131,1487392.4605908985,0.10936877664100073,0.876681476914479,33.7,0.06571402636520407,15,sale_exec,154,1079573.5137870526,23,0.3221999624204082,0.07027168662043722,False,0.4108841847066095
16791,131,2396672.5286877914,0.11209682746242794,0.8735671812094167,33.7,0.07843824538796462,19,sale_exec,154,2356750.673910697,23,0.10220455170276782,0.07489272426334173,False,0.20598461369408427
19714,131,1783186.5408281728,0.11212441769196246,0.6952032358374568,33.7,0.08136001780852853,20,vol_sale,146,1783186.5408281728,15,0.14177623926125157,0.05735190518904812,True,0.13021114032187597
20145,131,794660.1737084013,0.10673996998598166,0.424610160194223,33.7,0.4586947154717185,113,sale_exec,154,794660.1737084013,23,0.20069619923050216,0.04747310444872656,False,0.18427697444943214
20250,131,2102641.1230118712,0.10443425241483759,0.6899877747595383,33.7,0.09224371602527137,24,sale_exec,157,2102641.1230118712,26,0.12138767912824701,0.06309315717654125,False,0.20171952704670515
20780,131,1112557.82478882,0.1068539261567063,0.6858738985314768,33.7,0.26430443215389743,75,cured,132,,28,0.22799628897019142,0.061672232270569984,False,
21628,131,734975.9903757102,0.10779558670345765,0.7267512200165765,33.7,0.13631143199791773,42,sale_exec,161,679890.1511937666,30,0.3125358905752502,0.06365626818721329,False,0.29262359101217705
21935,131,1561305.6618933596,0.11422351331960948,0.711596835842785,33.7,0.12000378496307751,36,sale_exec,149,1513105.2570511953,18,0.27626461943980724,0.06445957139356057,False,0.18280979554379628
21982,131,823588.724427951,0.11658836058068958,0.6283156688491142,33.7,0.21707347823573464,65,sale_exec,154,823588.724427951,23,0.2836688586031709,0.07104727140664835,False,0.19939089920457498
22409,131,1157604.5177565475,0.10760102039342608,0.3653288602698613,33.7,0.5456899030529048,128,vol_sale,142,1157604.5177565475,11,0.2635779032389399,0.08095977490714928,True,0.0935275855016563
22436,131,1114449.9742331235,0.11510110527832457,0.7041581951763564,33.7,0.018449093514676163,4,sale_exec,150,982592.6249823183,19,0.33001710819515373,0.08794388629696136,False,0.2645675604823352
22691,131,1073549.0232453772,0.11295557591721696,0.830107554497632,33.7,0.07235901494635866,17,vol_sale,146,1073549.0232453772,15,0.07036767764377347,0.04383327294548578,True,0.13110594880703275
23533,131,1191740.6148484654,0.10833265234632565,0.6482034665815927,33.7,0.12517050459199086,38,vol_sale,146,1191740.6148484654,15,0.058795531456183464,0.06748198068278415,True,0.12611651221694054
26022,131,512462.4977316104,0.12964747096051676,0.6078204659425133,33.7,0.16774918349161827,52,sale_exec,151,512462.4977316104,20,0.3029356610588567,0.08064849875843541,False,0.19339419799402047
26060,131,2606510.4658902846,0.11637705528521108,0.674874560780894,33.7,0.10823951924729491,31,cured,138,,19,0.21235074953471011,0.06808160740268689,False,
26072,131,849534.0357740055,0.10490507464323874,0.8833162236378864,33.7,0.054556220349826434,12,sale_exec,156,779312.1663526006,25,0.17507216033536824,0.048788104840025465,False,0.26204968600676726
27595,131,2290573.9490679936,0.10513840061359674,0.7178799755663288,33.7,0.06571402636520407,15,cured,133,,14,0.014390340638129316,0.04136567807191741,True,
28081,131,1117279.2373657587,0.0975,0.7016312632811752,33.7,0.08696402726961616,22,sale_exec,160,1117279.2373657587,29,0.2408335024721237,0.04044825967345319,False,0.20917053371879524
29411,131,852260.487258166,0.10949729662214926,0.7274717831773639,33.7,0.11046210234298748,32,sale_exec,158,852260.487258166,27,0.13231575538506837,0.08243343082801406,False,0.2174924266351601
29728,131,2289532.1657296787,0.10998792214155848,0.6400849597650935,33.7,0.10398739945837021,29,sale_exec,149,2289532.1657296787,18,0.24920566570379765,0.0756691471629618,False,0.1514534953625316
41,132,548507.5415993708,0.12525539565645052,0.7799209070961569,33.7,0.14728566223306627,45,sale_exec,160,486582.1466129084,28,0.2790135823928665,0.0730420333267919,False,0.3367100804274862
1513,132,1153464.0545268469,0.11846721423988192,0.5658073909674454,33.7,0.0832179044179655,20,sale_exec,151,1153464.0545268469,19,0.1113570584154363,0.06725004594184482,False,0.1702686060265144
1521,132,302004.9772860337,0.13394380293666083,0.3913945672584895,33.7,0.5525404304097588,129,cured,139,,22,0.1750508896889619,0.053204806302124374,False,
2098,132,1103610.2864114563,0.11811041390193136,0.6809803710962502,33.7,0.05098561606578933,11,sale_exec,151,1050000.3022928361,19,0.32325191485970245,0.05959403100482298,False,0.21013265462646769
2268,132,3374057.1619915348,0.11930557798079701,0.6912009234862998,33.7,0.0802040093982046,19,sale_exec,150,2272657.218833336,18,0.4822079616938055,0.08648180072131978,False,0.4363043517983892
3224,132,2491611.576596047,0.11195428202762114,0.6960014084646982,33.7,0.11315125809578919,32,sale_exec,161,2491611.576596047,29,0.24198359390946567,0.06530175964143145,False,0.23608740182777233
5886,132,1408786.7311396976,0.12578834314951456,0.8460032588644734,33.7,0.14134758610323517,43,vol_sale,145,1408786.7311396976,13,0.015299488666948712,0.05438439896565441,True,0.12677448784195278
6035,132,1449685.1544025596,0.11070837191532422,0.7303502085622702,33.7,0.16622669476805418,51,vol_sale,145,1449685.1544025596,13,0.005963861158764882,0.04043030509387461,True,0.112533239365604
6697,132,1381476.3185230985,0.12640042710364272,0.6175123699098395,33.7,0.13561614090599972,41,cured,135,,19,0.09993290535876978,0.041184491929083036,False,
7413,132,569008.1904498708,0.11365672331630043,0.5464743211677368,33.7,0.4421537412565302,110,cured,135,,15,0.09545170742242942,0.050186211942389695,True,
8007,132,3900317.6206540144,0.11492772758659398,0.812204988922968,33.7,0.11315125809578919,32,sale_exec,154,3113134.182910414,22,0.3234092806815396,0.05579245672213894,False,0.3528170468171097
8546,132,1182344.395468953,0.11313390786150385,0.7485586221782776,33.7,0.202050780452397,61,vol_sale,146,1182344.395468953,14,0.044388765793379414,0.08353691805860222,True,0.12310783667705294
8771,132,1589942.9290128206,0.10422380446705082,0.5991904677763963,33.7,0.3552017455222376,94,sale_exec,156,1589942.9290128206,24,0.0888013873181397,0.04176665043743389,False,0.18742543740324935
9331,132,876197.9176380429,0.10898894127160527,0.7779589207908412,33.7,0.16955126871936277,52,sale_exec,158,840142.9756000699,26,0.22463724359324022,0.07214336618149558,False,0.24201879948341054
9773,132,1146877.1395343845,0.1105166360436176,0.8430690256933108,33.7,0.0917814727287729,23,sale_exec,154,962015.5355479802,22,0.27231151956379723,0.04602350057009337,False,0.3143952000885515
10965,132,2813189.2418432627,0.10237392657259974,0.857755081212415,33.7,0.0917814727287729,23,sale_exec,159,2335827.4539565584,27,0.24016812296279932,0.0879260943754628,False,0.3398689815638568
11121,132,2435890.0075385133,0.12255100408993637,0.6177750586358479,33.7,0.3508067068741636,93,sale_exec,150,2435890.0075385133,18,0.22223659458277636,0.05069783633883191,False,0.1671437132723782
11654,132,1009630.9240314396,0.1335027929867205,0.6603664739955486,33.7,0.21824293591007904,65,vol_sale,146,1009630.9240314396,14,0.04611435075768262,0.07981493338970677,True,0.14349338299641168
12356,132,2376480.0265609724,0.11305192091974638,0.7069352608138004,33.7,0.07711173071020605,18,sale_exec,157,2376480.0265609724,25,0.19058678340188873,0.06855719054471442,False,0.208972317853654
13186,132,559673.3460284814,0.10828225004122558,0.8925124343139335,33.7,0.02296287947064668,5,sale_exec,150,418985.3353588437,18,0.2728816298436828,0.07794948726155634,False,0.3631443901108635
13592,132,779191.5486971083,0.12449898192321616,0.6206751238015615,33.7,0.2915571529095351,80,sale_exec,153,779191.5486971083,21,0.24528000107325362,0.06045015197256879,False,0.19486939071840248
13864,132,1584041.1097767728,0.11141803427266006,0.8916753697794791,33.7,0.0832179044179655,20,sale_exec,154,1147231.481838702,22,0.31009473280379946,0.06892121662785816,False,0.4090072616889249
13978,132,1328079.2271870016,0.12431509655537554,0.5700365457126831,33.7,0.2546118361698104,73,sale_exec,158,1328079.2271870016,26,0.2664477535303794,0.07198980293445725,False,0.23506450005673574
14186,132,936474.024389904,0.11512435084882246,0.8151256997373721,33.7,0.14429351507589883,44,sale_exec,161,797774.6802601276,29,0.2920742794484334,0.05185313966299898,False,0.354149142723834
15006,132,2037857.2241544663,0.11408435082328458,0.7659198155967584,33.7,0.09447410037292547,24,cured,140,,11,0.11354062882818344,0.06365784676940126,True,
15248,132,1118935.989403249,0.11822311487422708,0.8988025533929144,33.7,0.07043729141195021,16,vol_sale,146,1111269.7607832674,14,0.03193676891986889,0.086818884994352,True,0.1342221330787683
17200,132,1793868.3788075787,0.12042274972614414,0.7546147062517183,33.7,0.09447410037292547,24,sale_exec,156,1755962.4767816404,24,0.24143408745375528,0.05647034862097226,False,0.2297208683129448
19772,132,1040437.2099305533,0.12682839351371689,0.9417619316051876,33.7,0.055183673594232596,12,vol_sale,142,799518.1662010612,10,0.21950924584286272,0.05140632285093236,True,0.30824453083625003
20156,132,1866142.653120124,0.11932168703669742,0.8228553334298944,33.7,0.08615262619005071,21,cured,137,,15,0.061662411868455544,0.07209697489941827,True,
20296,132,685829.7210447843,0.11019400166614904,0.9242562476764467,33.7,0.07385553359508767,17,sale_exec,154,510861.4801554499,22,0.2745282555349063,0.059772386504462344,False,0.3908137974705814
20532,132,795203.3383153004,0.10813305673509944,0.6429082555398388,33.7,0.23564897874715185,69,vol_sale,142,795203.3383153004,10,0.006148635303733386,0.08826948364037883,True,0.08580127221328415
22051,132,778058.7871145057,0.10999116758046755,0.8771755242923641,33.7,0.07385553359508767,17,sale_exec,153,504523.8029688333,21,0.3883368507664544,0.06463833086834078,False,0.4646287300042595
24568,132,947679.9049639987,0.12054500832543574,0.7768293245050973,33.7,0.17981936883581073,55,cured,133,,25,0.24427902413248542,0.04106640294101797,False,
24827,132,673401.146553704,0.10417241595912996,0.6221170028037895,33.7,0.09447410037292547,24,vol_sale,144,673401.146553704,12,0.020456321430332,0.056988838040070953,True,0.09852489669455111
25105,132,1595791.998278167,0.11183493886870946,0.7861407077305644,33.7,0.027800673021756817,6,sale_exec,161,1440523.7624855824,29,0.2569808656988036,0.08081709466864483,False,0.310217908530357
25430,132,705822.0941403469,0.1275139098446625,0.9125637459232472,33.7,0.055183673594232596,12,cured,135,,27,0.20013732495470876,0.07356641131605687,False,
26770,132,787528.2376960595,0.1036431618944755,0.6305280189947804,33.7,0.0917814727287729,23,cured,134,,24,0.28830446482882044,0.0588507077589497,False,
26865,132,1132716.55979704,0.11496565271483097,0.7141997796324111,33.7,0.13285285164090865,40,sale_exec,152,1132716.55979704,20,0.23880148738265494,0.07108476508573368,False,0.1736173759287888
27020,132,1151818.510832843,0.12493858337273744,0.8169880644793631,33.7,0.059230033785870884,13,sale_exec,153,1031023.1401743039,21,0.23533731649157805,0.061990799685709266,False,0.27985486753215305
27894,132,494752.76527989283,0.11843993147388675,0.5324920639912305,33.7,0.34656090042888166,92,sale_exec,156,494752.76527989283,24,0.23979634121087176,0.05808023316308321,False,0.2099969691672705
28203,132,523030.5289529575,0.110166088560986,0.7143770879460021,33.7,0.194370443288868,59,cured,140,,21,0.2250815478462352,0.08792613177923383,False,
28500,132,2282417.3005924863,0.12063297173836951,0.7380043154292486,33.7,0.13285285164090865,40,sale_exec,157,1890261.3786365637,25,0.3684783336973893,0.05511618224302056,False,0.35505088567295306
29119,132,1867331.782568683,0.11947024450672757,0.7306078854547329,33.7,0.0917814727287729,23,cured,136,,24,0.1329660812374461,0.05212864697444278,False,
29658,132,890866.6676057016,0.11038696914801968,0.8143465636967494,33.7,0.0917814727287729,23,sale_exec,162,878444.8933568693,30,0.18366395414600306,0.0589767583576993,False,0.2507986065933878
1581,133,1109804.4248964477,0.10498084349090692,0.8320421989206842,32.9,0.08795423930818203,21,sale_exec,157,1089022.2763135678,24,0.16602394525781072,0.04885675420723567,False,0.20383760509926163
2061,133,1196831.3211166314,0.1315176600632725,0.8590448286336119,32.9,0.10924499801558185,29,sale_exec,162,1115145.432924572,29,0.17893312285627663,0.060312676585381045,False,0.32077167075493385
3730,133,1258920.63258026,0.12187854151904888,0.4429253797642738,32.9,0.34833304560083667,92,sale_exec,160,1258920.63258026,27,0.11048607791494987,0.07893581380539759,False,0.23878807564180826
6998,133,1553045.6249085173,0.11093996462387444,0.8071642911027797,32.9,0.03723785896526999,8,sale_exec,156,1071665.4047739168,23,0.40790015834480375,0.06219281432827348,False,0.44159014250815687
7056,133,812011.4921341819,0.11730530027557615,0.6169449056870897,32.9,0.1249414817374428,36,cured,142,,23,0.27696022955734984,0.05764539634621805,False,
7812,133,910768.6497659916,0.12471938905986878,0.9835850822226905,32.9,0.03229469787859007,7,sale_exec,161,569662.8263871878,28,0.34350540357324827,0.06604922998276253,False,0.5317506288453395
8542,133,414876.00923800474,0.11989110334836958,0.5447435680979882,32.9,0.2651141682121356,75,sale_exec,155,414876.00923800474,22,0.29448239700917034,0.05734067707085782,False,0.1964449719350334
9980,133,1580159.127989929,0.12549956416000668,0.7692866670613262,32.9,0.08795423930818203,21,cured,139,,30,0.1396941357417237,0.07618084069635797,False,
11261,133,636225.8295205937,0.1200234064966384,0.7352901531392174,32.9,0.01796681583584614,4,cured,135,,24,0.17977254410730967,0.06831188802867516,False,
12650,133,1719199.7364000576,0.11411428494611575,0.797631749528075,32.9,0.03723785896526999,8,sale_exec,151,1453234.7416632723,18,0.3012104663294169,0.042094210394793476,False,0.28711107505135225
12903,133,1635342.3553198401,0.11317760582798687,0.8025499089307279,32.9,0.10924499801558185,29,vol_sale,147,1635342.3553198401,14,0.08249235957969853,0.047691320237918965,True,0.12315212275124132
13385,133,2246843.4782517673,0.12151184754350972,0.7973937620534577,32.9,0.11372883567520553,31,sale_exec,159,1842458.2971971107,26,0.2978313961517276,0.08879388873279082,False,0.36895446694284806
13450,133,706595.8333539868,0.10749339433400229,0.8670912721209071,32.9,0.09090179305531643,22,vol_sale,146,706595.8333539868,13,0.029853915278240845,0.055614435672165174,True,0.10946484480567376
13759,133,344377.4928013027,0.11412314975340095,0.4474252668423341,32.9,0.4773266449557907,116,sale_exec,152,344377.4928013027,19,0.07481830602584469,0.07157786376820732,False,0.16459711026912982
13790,133,1331696.5002308863,0.11471527386385308,0.6424919839599359,32.9,0.15535409004429934,47,sale_exec,163,1331696.5002308863,30,0.3344616617238033,0.06313382020878476,False,0.24830608634084816
15016,133,2695036.4837993016,0.12688174900068022,1.0013123600732923,32.9,0.01796681583584614,4,sale_exec,162,2013921.4783580103,29,0.21615324591390825,0.06525530680892584,False,0.44918103945495
15085,133,1118899.8859350872,0.11987469833395141,0.6606667643735443,32.9,0.1018815275601852,26,sale_exec,158,1118899.8859350872,25,0.18954462072899314,0.04324103245588201,False,0.22002999055008088
16136,133,2348869.3876112783,0.10399096181615798,0.6839452332078134,32.9,0.03723785896526999,8,sale_exec,161,2224112.9393171193,28,0.33103984465320635,0.06648089706982009,False,0.2563436032916835
16783,133,446461.80587599834,0.1255151225370008,0.4459922973425109,32.9,0.36569267107436687,96,sale_exec,157,446461.80587599834,24,0.18542906612596738,0.06633820263110014,False,0.22098617891710493
17040,133,1596853.0373890237,0.10583535745162964,0.8362640090504433,32.9,0.12988654760981122,38,sale_exec,156,1409053.3575936172,23,0.23286486593074826,0.058300185722612606,False,0.2789728830748156
18937,133,1725565.4365153327,0.11102812915747497,0.6786676805203571,32.9,0.14633809112708818,44,cured,140,,11,0.06922547897443684,0.06575099398983586,True,
19735,133,1227511.6354252007,0.11242254874265387,0.848779504562065,32.9,0.08492716613093387,20,sale_exec,156,1001037.9318831314,23,0.2545141148478961,0.08516569051144514,False,0.34191759960007617
19778,133,1447891.3904693667,0.12509513353731475,0.8875683288825229,32.9,0.09925965261213077,25,sale_exec,155,1132607.227782691,22,0.25135560462637624,0.08072122478927557,False,0.3773308470070519
19957,133,985885.9939947737,0.10535901782264966,0.8359690107280432,32.9,0.11152986109463603,30,sale_exec,151,841788.5910055619,18,0.24812486831640587,0.05717799833410248,False,0.2704742390136654
20472,133,522278.4129461893,0.11009262486962172,0.8174157539109602,32.9,0.03723785896526999,8,sale_exec,155,415127.8983757793,22,0.3264605617442599,0.04818492955337346,False,0.349835832412844
20968,133,962977.9058604125,0.12996338336345986,0.54070439361079,32.9,0.16479350155018868,50,sale_exec,160,962977.9058604125,27,0.24327241564046295,0.06425521485212055,False,0.25236880016485863
21183,133,1749345.2512628415,0.11388226040989573,0.5320441881110873,32.9,0.12988654760981122,38,vol_sale,147,1749345.2512628415,14,0.023444023476428398,0.04452741857648562,True,0.12386593011372271
21221,133,3667635.1146635115,0.10667767150579287,0.7801851697661845,32.9,0.10924499801558185,29,vol_sale,146,3667635.1146635115,13,0.02618443229602996,0.054257874387472066,True,0.10868449803702662
21927,133,2488459.8295085244,0.10619412580652167,0.9791266899829821,32.9,0.03229469787859007,7,vol_sale,143,2200957.04085792,10,0.04017793121508247,0.0844824109204527,True,0.19012674831141252
22105,133,2030636.4169233933,0.1102811355139418,0.6638730810934607,32.9,0.13245910312431763,39,sale_exec,153,2030636.4169233933,20,0.22483587455932139,0.05196318197395965,False,0.16720057592067117
23491,133,691194.048068509,0.11103945100452962,0.9864178929744198,32.9,0.027435751233264583,6,cured,140,,13,0.08404275742859585,0.06913328319110588,True,
23493,133,1806727.593658923,0.1347462994782488,0.8175250419282833,32.9,0.08492716613093387,20,cured,136,,30,0.187226174973403,0.06688651126590628,False,
23529,133,1032576.1913226042,0.10852398148591809,0.6555531592252767,32.9,0.26009758542588735,74,sale_exec,159,960665.0129137471,26,0.35593141163690095,0.08362613574647111,False,0.2638083254397412
23729,133,335270.4208627661,0.1225280127960605,0.4359388560234998,32.9,0.5474380469560882,128,sale_exec,153,335270.4208627661,20,0.25448172487055176,0.06836755622884907,False,0.18386689654176502
23825,133,2762559.1304320265,0.1016585603958367,0.8447442635940982,32.9,0.07152375114109133,16,vol_sale,144,2762559.1304320265,11,0.0013998231236997682,0.04127660760766892,True,0.08861923914113001
24464,133,1613994.861155281,0.1148294384730971,0.9408253566021623,32.9,0.07152375114109133,16,sale_exec,151,995286.6636454673,18,0.3491253980301736,0.08408393992087365,False,0.4804863171017357
24811,133,1307781.9685698994,0.10066253304934633,0.6543582164644944,32.9,0.08795423930818203,21,sale_exec,152,1307781.9685698994,19,0.24648397244608328,0.04370074228018613,False,0.14676269196092273
24895,133,1987624.195788166,0.11910900396137236,0.8180451335250161,32.9,0.10442016768314066,27,cured,134,,29,0.21600216316239934,0.05612081798125233,False,
25667,133,819392.1838793188,0.1375,0.520557251098206,32.9,0.20341542153019465,61,sale_exec,161,819392.1838793188,28,0.3026605609905513,0.08723875842033063,False,0.27313109955701576
25762,133,1925556.2128034711,0.12161253989568359,0.4975512783707455,32.9,0.22781277079038875,67,sale_exec,155,1925556.2128034711,22,0.3069376512822526,0.07028950908727297,False,0.19895178216961917
26707,133,2239632.544948175,0.1109768825294309,0.3826941977616742,32.9,0.5356277207922067,126,sale_exec,158,2239632.544948175,25,0.18574549985853375,0.08399629461313567,False,0.205577067318235
27117,133,2537656.3382696956,0.1046311059918721,0.5886118502722968,32.9,0.0597974297262609,13,sale_exec,161,2537656.3382696956,28,0.2657290725657932,0.08341439772847452,False,0.21579203899748267
29587,133,1776939.8731283462,0.10453328892193996,0.6601183074066582,32.9,0.06777097067225002,15,sale_exec,158,1776939.8731283462,25,0.18018848693487774,0.04590148315018099,False,0.19493689689030125
170,134,1043091.7146090807,0.11206036910602951,0.6750463937542558,32.9,0.2655322307651684,75,cured,138,,23,0.21176403186727577,0.0745511441735213,False,
716,134,2129830.233917318,0.14250000000000002,0.8083374328311146,32.9,0.07237613506292884,16,sale_exec,159,1832746.4256484825,25,0.2659981212803553,0.07261717698183401,False,0.3594017602016478
779,134,835785.7463683041,0.1079448863649659,0.7835758981339087,32.9,0.0984863414564201,24,vol_sale,147,835785.7463683041,13,0.14275804504206077,0.08565884159060995,True,0.10989644030862367
3763,134,1316353.060105254,0.11427849358202731,0.557808781757361,32.9,0.19729292411997745,59,sale_exec,158,1316353.060105254,24,0.16249608748510605,0.08898218083093924,False,0.203458103081814
4558,134,579983.0277056743,0.13028043240450615,0.467736124611821,32.9,0.46051721904358556,113,sale_exec,154,579983.0277056743,20,0.3087814278463215,0.0852331154403756,False,0.19423555919575164
5637,134,1647961.2958810374,0.13580616905357756,0.628954126121188,32.9,0.38121315544294676,99,vol_sale,147,1647961.2958810374,13,0.1481016462039455,0.07508690861096397,True,0.13609897169975294
5751,134,1704930.3910498086,0.11580967240713447,0.7784683854949331,32.9,0.08960632307486227,21,cured,139,,22,0.24391028169882717,0.041501728178605014,False,
6321,134,1718869.2873143281,0.11377901263359598,0.49538177061457356,32.9,0.3233360489355557,86,sale_exec,153,1718869.2873143281,19,0.19071224937740544,0.0573983407631939,False,0.1641460729361175
6557,134,628208.8709523106,0.10500000000000001,0.41107520150413696,32.9,0.4836981724140321,117,sale_exec,161,628208.8709523106,27,0.42582348844837214,0.0624547150844872,False,0.20960495081779817
6907,134,368235.5547576955,0.12227124189953748,0.44198480437493887,32.9,0.5660540556096303,131,cured,138,,29,0.23235023518835324,0.0783845970764694,False,
7052,134,1004816.5118370092,0.12067620620628614,0.788594700240072,32.9,0.10128455898252442,25,sale_exec,161,929497.8162611708,27,0.22731430944809344,0.08576416923531116,False,0.29395835906010803
7440,134,3085151.1079190075,0.11110743217725355,0.7287377238018554,32.9,0.07614510081068837,17,cured,138,,14,0.024920850606256695,0.05303537554300527,True,
7647,134,2270514.48884711,0.11674884676522437,0.9099117469188445,32.9,0.07975459360438886,18,vol_sale,145,1806125.5245133666,11,0.23097207326797217,0.04197093752328144,True,0.2848943772437752
7909,134,1108382.6554879243,0.12143657000831226,0.816315280530218,32.9,0.02707069978641874,6,sale_exec,164,1071892.1210274408,30,0.16951163548430145,0.08817719276970434,False,0.2850495523382509
7966,134,1279798.2188644672,0.11764798248650564,0.8992723356324036,32.9,0.0557482636281601,12,vol_sale,148,1245107.4468969824,14,0.06501674564934017,0.06696214753341122,True,0.15131578520176436
8241,134,1073331.506621746,0.12420127993015938,0.8408596695893445,32.9,0.17973127897090668,54,cured,139,,15,0.014169765136972177,0.048823422530664795,True,
8346,134,2316770.285505767,0.13081191779310927,0.5396312767932653,32.9,0.1603369896175546,48,sale_exec,162,2316770.285505767,28,0.20007338188063445,0.07363644954135384,False,0.26182633032990454
10843,134,855309.0347168613,0.11767314696599646,0.7307498199170854,32.9,0.07975459360438886,18,sale_exec,157,795363.6903176265,23,0.3057923764278836,0.042241763809527884,False,0.25703393340306857
11294,134,1822667.2439616201,0.11699162092807125,0.7450154715306895,32.9,0.02707069978641874,6,sale_exec,161,1822667.2439616201,27,0.2272996850501054,0.04766854893388737,False,0.2304553222078063
11569,134,1460330.2587222196,0.13651636204489523,0.588891489551588,32.9,0.17973127897090668,54,cured,137,,10,0.07152036185496304,0.08909340283556891,True,
11858,134,723973.15510315,0.12512607155697475,0.7128334028333708,32.9,0.09560671782766073,23,sale_exec,152,655861.5270156849,18,0.305258980889029,0.07962679978428804,False,0.2483781621815183
12416,134,1789987.3231674922,0.12939840764935173,0.8278090484289279,32.9,0.11632375217810176,31,sale_exec,158,932425.5778799471,24,0.522062261989791,0.07117474179015203,False,0.5973090619310806
12754,134,461588.2434602624,0.1123336654525702,0.8236844294987555,32.9,0.11632375217810176,31,cured,135,,26,0.20580456809012584,0.08285018607590976,False,
13476,134,661216.0704331673,0.13017188389381787,0.5776147017531812,32.9,0.42557350899755453,107,sale_exec,157,661216.0704331673,23,0.29049414855128497,0.08797201713265054,False,0.21975912584738388
14442,134,254380.37892955486,0.11421065545241209,0.63912485124033,32.9,0.2246572116947183,66,vol_sale,146,254380.37892955486,12,0.05367230150881546,0.06405005215213055,True,0.1074480649535311
15071,134,510090.2469519529,0.12604327701083226,0.4856077437403972,32.9,0.39683006984530556,102,cured,135,,13,0.038289956671009824,0.06375785000627011,True,
15292,134,3105736.803879262,0.114405597657731,1.0132820942039331,32.9,0.02235718105454887,5,sale_exec,164,2272714.372313066,30,0.22315709722780674,0.06343556497900274,False,0.44950384392938425
15727,134,848483.2434024053,0.12675763659136344,0.651125444499026,32.9,0.1666092883102499,50,sale_exec,164,848483.2434024053,30,0.2842075849019476,0.07891805960127851,False,0.27038048092615574
15889,134,264582.15329017857,0.11875460575222704,0.441346508177182,32.9,0.41388795632279196,105,sale_exec,162,264582.15329017857,28,0.3101681311250857,0.042815148161050934,False,0.24098365555122325
15897,134,1543311.309999621,0.12584886759070896,0.8872479856271104,32.9,0.06844978574637328,15,sale_exec,157,1272017.257572664,23,0.21271424529089827,0.08382177270973422,False,0.3516214335725393
16145,134,728005.0520234309,0.12853454679148146,0.7446466681248453,32.9,0.22053890274421195,65,cured,137,,24,0.12956352399678703,0.08814429006469084,False,
16837,134,652003.2020725292,0.12069467015820892,0.40300771487827514,32.9,0.5481750996969534,128,sale_exec,152,652003.2020725292,18,0.10653327514845999,0.08135054522379928,False,0.1648447256767156
17549,134,4752350.819907236,0.11595888446143099,0.8396946707721,32.9,0.041711337814169136,9,sale_exec,157,4752350.819907236,23,0.12542812845523715,0.044399111050120704,False,0.1984336653633949
18595,134,977429.8603771847,0.11667382457333274,0.5574963198655721,32.9,0.2863162077442698,79,cured,137,,9,0.027366756777382904,0.06632811440773913,True,
19323,134,1368327.0198868064,0.10620096855138426,0.46563238133275753,32.9,0.518678199929949,123,sale_exec,163,1368327.0198868064,29,0.15098036154962305,0.04555563099080321,False,0.22548890992117443
20731,134,2046177.7724464382,0.13033124036987026,0.8842068908528794,32.9,0.11632375217810176,31,sale_exec,155,1695136.2325806946,21,0.20415173419328242,0.08847208216364735,False,0.3396996208895994
22726,134,1820368.1294719598,0.12447405387178971,0.7055440900932015,32.9,0.11402903476663151,30,cured,142,,28,0.21839826760230216,0.08012863834462502,False,
22785,134,1022178.312691355,0.10947980292298772,0.6092556715144447,32.9,0.14835685117009145,44,cured,141,,26,0.2808203000993936,0.06051135524382226,False,
22936,134,1339494.0002775146,0.12319562148452899,0.8200114570749863,32.9,0.09264645164506158,22,vol_sale,146,1228378.587303967,12,0.19456975589151582,0.05932558261960006,True,0.1887381368050851
24117,134,821934.1185483937,0.12058988441381038,0.7575017160444716,32.9,0.22053890274421195,65,sale_exec,161,763712.5254512554,27,0.2617663830265618,0.07621247960380945,False,0.29067523829378694
24161,134,1016224.6349691689,0.12741204080985857,0.6450429130323142,32.9,0.17307315933831147,52,cured,136,,27,0.42315939772300426,0.056812506694324166,False,
24174,134,1793142.0738154047,0.12219864952179012,0.4757998469470898,32.9,0.2164912498459053,64,sale_exec,160,1793142.0738154047,26,0.13726834546212824,0.0482415844326793,False,0.2315845559413907
25596,134,1042472.9268220587,0.12476573296135553,0.8903301548888918,32.9,0.041711337814169136,9,sale_exec,163,731406.9960510014,29,0.33652260467310857,0.06995145911786789,False,0.48021573200458645
25662,134,1493897.9609296739,0.13411288540924823,0.7215114269532368,32.9,0.10663380657210864,27,sale_exec,160,1222119.7163351832,26,0.3817087319875268,0.06428584244390914,False,0.3872315320452785
25819,134,754422.0759336081,0.11556712266172689,0.5652894198904976,32.9,0.07975459360438886,18,sale_exec,158,754422.0759336081,24,0.30525449545737127,0.06075562464600357,False,0.2054889300624505
25820,134,1132398.4806420584,0.12268643969884967,0.6094333751745055,32.9,0.0557482636281601,12,sale_exec,156,1132398.4806420584,22,0.31909291421798375,0.07201823691728254,False,0.20051148665352236
26548,134,522711.4942876886,0.10829425476238089,0.466652351197169,32.9,0.391466360640339,101,sale_exec,154,522711.4942876886,20,0.2605611092474517,0.08780245208501027,False,0.16446318766839274
26697,134,736961.0815226507,0.12451220297334817,0.7576505405266395,32.9,0.11164869682591183,29,sale_exec,159,736961.0815226507,25,0.2047357029212896,0.04456591439183252,False,0.22745412633752515
28290,134,2994789.117745239,0.13569571079768739,0.705502000317737,32.9,0.08648712856915952,20,sale_exec,155,2994789.117745239,21,0.23461911761155735,0.07963812793918709,False,0.21032585409991766
28385,134,243713.0548277751,0.1183286468219211,0.43896382062766126,32.9,0.3541482395880522,93,sale_exec,157,243713.0548277751,23,0.17893380470691064,0.07214433776018656,False,0.2020311210372151
28831,134,1493571.5153749497,0.14032206167006875,0.8788316009636775,32.9,0.13224305449948792,38,vol_sale,147,1493571.5153749497,13,0.06470197099328055,0.05172304873127595,True,0.14026720196532128
29406,134,810213.6672320846,0.13615765073342645,0.527508655664926,32.9,0.2917787025314915,80,sale_exec,160,810213.6672320846,26,0.24225715967710598,0.04697408632685064,False,0.2542367924288381
274,135,282353.07590169454,0.1226750835858394,0.4382287201758366,32.9,0.5908772212976479,135,sale_exec,163,282353.07590169454,28,0.2833806565927674,0.04248026610045749,False,0.24782678544926584
407,135,717287.4902525665,0.11994847600452185,0.7228195366850755,32.9,0.11876727528058661,31,vol_sale,147,717287.4902525665,12,0.0036160055727445573,0.06501475052001118,True,0.11250550127604542
857,135,392893.43791646155,0.12035580824594792,0.7652016316134161,32.9,0.12107175269172266,32,sale_exec,163,392893.43791646155,28,0.09992616992925157,0.045319181502291445,False,0.24378628508906708
1730,135,434639.8473729347,0.1237812107348511,0.5312173524065605,32.9,0.3728118736652861,97,sale_exec,162,434639.8473729347,27,0.3119053880527512,0.07962964647421378,False,0.24200698512364316
1862,135,975331.6455205478,0.1148600449781509,0.642652669574919,32.9,0.1532410963619879,45,sale_exec,158,975331.6455205478,23,0.26340970050013823,0.08853382241706978,False,0.1967598154178385
1933,135,1507347.0639398661,0.11741238631460339,0.8116706186384652,32.9,0.05098588758617395,11,sale_exec,164,1507347.0639398661,29,0.10483738791724595,0.040096772933431675,False,0.2460034215261625
2530,135,503200.7946629281,0.11739351664047218,0.8624518080694596,32.9,0.11134059335483437,28,sale_exec,160,405513.2061707707,25,0.28345785240095095,0.04597570548434678,False,0.36822194639422323
2866,135,1434550.9031209964,0.12080146282185146,0.7912796182869897,32.9,0.05098588758617395,11,sale_exec,157,1272270.471657285,22,0.2440596269669974,0.08660818202844453,False,0.2885220086223238
2918,135,5996064.900702286,0.11772192373839299,0.9158982819430105,32.9,0.09110822655657014,21,sale_exec,160,4669961.658052997,25,0.22978302880173468,0.08338334206514271,False,0.38982615479199256
3010,135,1009788.4725586334,0.1265121845365006,0.92419832186218,32.9,0.0807222116008246,18,sale_exec,164,869010.6375457052,29,0.17896737511275657,0.056971628992276716,False,0.36509389568488926
3717,135,1185028.2836764327,0.10784097399485408,0.6997544066929046,32.9,0.0807222116008246,18,cured,140,,11,0.043217094800356515,0.08297795813434851,True,
3789,135,1175388.8536845061,0.12004035111626332,0.8682722180611703,32.9,0.07693721551126576,17,sale_exec,162,1010252.4183152759,27,0.22378480532001835,0.06049886207026542,False,0.3430501777005588
5328,135,2246626.640472599,0.12409806669828669,0.9131205224136248,32.9,0.08434705645848051,19,cured,137,,28,0.21107243688862684,0.08894625955568558,False,
5903,135,1194462.4377746086,0.12467611210997698,0.7433286110136226,32.9,0.16527218929589904,49,cured,139,,19,0.12139942982288024,0.08168457993749575,False,
6256,135,1022015.4809469498,0.11892821953001985,0.9264852050634175,32.9,0.09110822655657014,21,sale_exec,156,887939.1753242487,21,0.12990793953866112,0.08603644112392521,False,0.29370938795185453
8598,135,912215.7941924043,0.11566506420937285,0.5495889036302825,32.9,0.2709148517744884,76,sale_exec,161,912215.7941924043,26,0.35129386737837576,0.08292138048457949,False,0.2207376964808757
9318,135,1048982.2743399178,0.12104128231758726,0.9373166474932961,32.9,0.06889522596482567,15,sale_exec,161,897630.0088740848,26,0.16664313877558376,0.05759957847150655,False,0.3408209120081285
10852,135,1685854.6477699473,0.12149840512705626,0.8264423115735298,32.9,0.12328960429737879,33,sale_exec,155,1416701.9777885673,20,0.2680069030523886,0.058121681223835694,False,0.31299939428037626
11395,135,1015535.1493731956,0.11761215595739212,0.712737604191141,32.9,0.06889522596482567,15,vol_sale,149,1015535.1493731956,14,0.045605262513022916,0.04883818878054986,True,0.12763391812332592
12089,135,3800651.2189700794,0.11871311439847212,0.6117669439818995,32.9,0.041156397818620905,9,cured,136,,24,0.4155778435789626,0.05146788495944755,False,
12114,135,616965.7921888308,0.11919337931285737,0.9162229797258388,32.9,0.08434705645848051,19,sale_exec,163,528886.9834451257,28,0.19901289884949672,0.04407347536740888,False,0.3500010521581758
13291,135,679158.4604674918,0.1256039211925525,0.5711249896365289,32.9,0.2023853065113621,60,sale_exec,155,679158.4604674918,20,0.3460558541757894,0.07420413771411777,False,0.18799751182609747
13961,135,868501.9426614775,0.11660426783497704,0.5573159792638968,32.9,0.12761606849205132,35,sale_exec,156,868501.9426614775,21,0.2100771873332279,0.08392465413702155,False,0.18378087879904115
16107,135,2327321.1036729435,0.11501587159279571,0.7774693914020541,32.9,0.17806252909075648,53,vol_sale,150,2327321.1036729435,15,0.026098025313651668,0.05529960190819963,True,0.13331979131915017
16637,135,2426864.350024441,0.12508796731869523,0.9902553255096779,32.9,0.026705518542916362,6,sale_exec,158,1298510.723812908,23,0.4167374493926903,0.0664182081637775,False,0.5784820807924889
16748,135,1077146.873591483,0.12124885535345181,0.8432248004583286,32.9,0.0807222116008246,18,cured,138,,15,0.07675349925562762,0.07262306395275045,True,
17723,135,1024707.5551021424,0.12406272368130221,0.8274952879982871,32.9,0.08434705645848051,19,sale_exec,160,781323.6635859923,25,0.3180615960323551,0.08246820644432817,False,0.41039952086985476
19198,135,2567483.83609258,0.1289053854351559,0.9066273722721953,32.9,0.04614199330934787,10,cured,143,,12,0.08717374699872092,0.08424542011269254,True,
19282,135,808359.8245918103,0.12142923554326238,0.7198038816884228,32.9,0.2023853065113621,60,sale_exec,160,808359.8245918103,25,0.14895020959274813,0.06276538604966604,False,0.22252686659748566
19967,135,990706.2316816584,0.12590312562100706,0.5126333761105331,32.9,0.5133769640890202,122,vol_sale,146,990706.2316816584,11,0.03515314274909022,0.05038887302110781,True,0.10846444240191877
20728,135,1879505.561772807,0.1218723155512726,0.7287892744304075,32.9,0.13459850495158632,38,sale_exec,160,1879505.561772807,25,0.14051788249821143,0.0403780154327223,False,0.223237012144042
21023,135,606033.6074830679,0.13383755771791925,0.6505729643868625,32.9,0.3083402533165105,83,sale_exec,155,606033.6074830679,20,0.11557858053780948,0.0590648975356573,False,0.19894674265847412
22054,135,1345135.2297512116,0.13210349043913508,0.7491669378800048,32.9,0.14218066111242655,41,sale_exec,157,1332282.4625994028,22,0.22996029309688443,0.0569400850938678,False,0.22156305779693886
22230,135,889337.8489554346,0.11547978803309063,0.8289119754638662,32.9,0.11876727528058661,31,sale_exec,153,649800.2819793604,18,0.35021360212159813,0.06068907644755956,False,0.38504344491343834
22926,135,1470187.2851453458,0.11132270727663963,0.7767495630219354,32.9,0.12328960429737879,33,sale_exec,158,1470187.2851453458,23,0.16152113172980467,0.048987439381371053,False,0.19134661504564654
22964,135,985385.4854961646,0.11260394958217285,0.46866302673640875,32.9,0.5369486951540627,126,sale_exec,155,985385.4854961646,20,0.12056569811182827,0.07247254910898664,False,0.1703888550383581
22984,135,1165943.550167716,0.13753525092450003,0.8574860665999147,32.9,0.05568558004152058,12,cured,142,,28,0.23567083314049275,0.08230563578130119,False,
24793,135,4852175.4996635895,0.11617209535336534,0.4923705940304889,32.9,0.3559056624167489,93,sale_exec,164,4852175.4996635895,29,0.22531127027051875,0.0638326337832567,False,0.2437618735057605
26759,135,1399780.8475522436,0.11574908909344538,0.8302464746886811,32.9,0.11876727528058661,31,sale_exec,160,1367794.368323343,25,0.16119324644829502,0.05872684066885956,False,0.2313384683416233
27631,135,395350.1406218671,0.1235882969319043,0.592308405125284,32.9,0.28113907890808276,78,sale_exec,158,370899.6624674819,23,0.43121435888879894,0.04246692256759808,False,0.2588159514558308
29464,135,3964963.242873535,0.11741695105500798,0.7942730831379846,32.9,0.11876727528058661,31,sale_exec,156,3539787.939031308,21,0.2616039389402915,0.0524406697518393,False,0.2723322007137814
1694,136,1179063.2129837843,0.13299640700508386,0.4649981578155225,32.9,0.43175034344456376,108,sale_exec,154,1179063.2129837843,18,0.21434034564838714,0.08397962708351449,False,0.1799559401613957
2277,136,928794.3716086845,0.123444700253379,0.7614866716209517,32.9,0.13461574113699326,37,sale_exec,162,862460.8292546825,26,0.2668508595057159,0.058098072784205416,False,0.28836832460325956
4100,136,3264581.912898691,0.11969115479278339,0.8450787332647619,32.9,0.06011268010071413,13,sale_exec,160,2884601.9070397834,24,0.2137873644643848,0.06629538991212641,False,0.30367666036689234
4676,136,546357.5746852917,0.13159590566075038,0.8354389801666213,32.9,0.11600108706588053,29,sale_exec,163,527696.533973916,27,0.1762322791424038,0.04648864205208193,False,0.2805234420254171
6242,136,1008556.4506173346,0.1282215086797939,0.6602624264357077,32.9,0.04552256861564108,10,sale_exec,165,1008556.4506173346,29,0.23650721189819873,0.05801401003565736,False,0.26524991082605953
6637,136,420309.8475410006,0.12056468153467739,0.445577182766729,32.9,0.5853664245656525,134,sale_exec,155,420309.8475410006,19,0.11892455108934513,0.05405940895148796,False,0.17299248126135547
7715,136,2261034.2559582056,0.11542234795951876,0.7309320403389362,32.9,0.05539327911743053,12,sale_exec,157,2261034.2559582056,21,0.1528112045793648,0.05514881746356272,False,0.18210709535473257
8086,136,806295.7341047855,0.12627116950663786,0.8022988341795441,32.9,0.09237153202631676,21,vol_sale,148,806295.7341047855,12,0.06704991195002113,0.0649902866055277,True,0.1180425291691709
8166,136,1499908.4031042405,0.12417917386746269,0.8576375842807444,32.9,0.02634020736420828,6,cured,144,,27,0.4538154829862624,0.08888395495576067,False,
8446,136,628089.2074128147,0.13155374904274109,0.9015748201411008,32.9,0.09882947168591505,23,vol_sale,146,526157.4935967424,10,0.1582242031246935,0.08261401136294297,True,0.24882241085662848
8905,136,890712.106652399,0.12828898249759374,0.7919471335712842,32.9,0.08145343596617649,18,cured,138,,21,0.15185431241482952,0.06235601188977792,False,
9169,136,3921536.574982931,0.11773109703286419,0.7251600421759207,32.9,0.08525430473291218,19,cured,141,,19,0.21038855353563304,0.05991541901538899,False,
9593,136,2033680.037656192,0.12172072315793646,0.5911107875215915,32.9,0.3345376405409095,88,sale_exec,161,2033680.037656192,25,0.19724762869736243,0.06673695985955894,False,0.22299412370490135
9888,136,319646.6887936609,0.11764100153750773,0.4976035468991048,32.9,0.4904227548112785,118,sale_exec,164,319646.6887936609,28,0.19072045772490231,0.07625372002485437,False,0.23902814194373878
10094,136,1501473.1261816605,0.13049308633557016,0.8022783675709444,32.9,0.13013974581506638,35,cured,145,,25,0.24897906264509517,0.07441359638933151,False,
11417,136,2080378.1413156288,0.11811145037986943,0.36060644015192345,32.9,0.5672669877622314,131,vol_sale,145,2080378.1413156288,9,0.008421869699680685,0.0757820183143699,True,0.08437691667393132
11956,136,1376280.9601296447,0.12786255133490015,0.7605611001784289,32.9,0.18971730481953641,56,sale_exec,166,1376280.9601296447,30,0.1657945801339996,0.06890823238971745,False,0.27237201891041607
13679,136,756957.0712181241,0.12247733466043631,0.6984078221297911,32.9,0.18971730481953641,56,sale_exec,159,560170.2211391942,23,0.4355339773382098,0.08355085547979785,False,0.4141105626909176
13982,136,319599.72941662016,0.12054891787437856,0.7418667607631709,32.9,0.15807730310999335,46,sale_exec,166,318538.63931327715,30,0.23788990993469653,0.06376469989347003,False,0.26154431495369546
15117,136,1455732.6696509125,0.1475,0.6847621435014516,32.9,0.07749385143202114,17,cured,140,,21,0.2655728590419887,0.07553406075848318,False,
18108,136,802065.0470530057,0.11895503136213453,0.6767913955682239,32.9,0.2435460189168126,70,vol_sale,151,802065.0470530057,15,0.13135386060914991,0.07667424452657214,True,0.1375357921002076
19585,136,688814.3201574804,0.1475,0.7566198816067621,32.9,0.17015884937323533,50,sale_exec,161,644123.2200176124,25,0.2662542128021443,0.05691438851051056,False,0.310990443125987
19785,136,728138.7623114549,0.1217139981560567,0.8204147296888671,32.9,0.14964406554669885,43,sale_exec,162,728138.7623114549,26,0.11471220126003982,0.046728946011188335,False,0.23078536250946446
20975,136,679363.449216807,0.1317527684626854,0.7764854508848986,32.9,0.05539327911743053,12,sale_exec,155,646280.8413942369,19,0.22138344405752228,0.061630387656909494,False,0.22693625803399353
21040,136,3184879.071749787,0.12830689058148925,0.8461254167634866,32.9,0.10189533391514871,24,cured,142,,24,0.2438937349638238,0.06332247191135125,False,
21093,136,1545313.2938448961,0.14035041073658475,0.7430147389965815,32.9,0.08889435066102624,20,sale_exec,162,1545313.2938448961,26,0.1727694919306812,0.06213707401403336,False,0.26090439002672106
21504,136,487869.93744562275,0.1235514703082274,0.8262690835640297,32.9,0.10778465641651791,26,sale_exec,155,378050.2181541888,19,0.30542020154228916,0.07426414660837674,False,0.3621453014311553
21513,136,832984.9147690012,0.12611817235232434,0.8808635735569043,32.9,0.07337772170750179,16,sale_exec,158,716594.2926336818,22,0.20218810471712484,0.0607602525980947,False,0.3164912097054654
21579,136,2210995.155186833,0.1411982662819114,0.7708791078109004,32.9,0.08889435066102624,20,cured,143,,21,0.10686984642676062,0.077608201438399,False,
21703,136,1036085.1064004372,0.12178395623172332,0.5057441868902964,32.9,0.3531272993845187,92,sale_exec,163,1036085.1064004372,27,0.12394128249407195,0.07047558723770236,False,0.23862768816704283
21766,136,1377015.914939139,0.128716299821765,0.7275259590486541,32.9,0.11600108706588053,29,sale_exec,155,1200627.1583639,19,0.341447752569935,0.04248718801846816,False,0.2880803796257885
25333,136,452585.6816136877,0.13631704874173692,0.7531955976435175,32.9,0.12105842666776412,31,cured,137,,26,0.20004186163069515,0.05102679772510474,False,
25795,136,611715.7804777297,0.12653480304755652,0.6935446871158439,32.9,0.0691072789985765,15,sale_exec,166,544330.8519283675,30,0.35985903020310817,0.0629476605693208,False,0.3503953549695087
25943,136,742897.6592191636,0.13375317979369133,0.8135751352138275,32.9,0.09882947168591505,23,cured,138,,28,0.17139181841928505,0.08111649328608544,False,
26818,136,289695.4527858458,0.12431664603561134,0.41267798254607074,32.9,0.4904227548112785,118,cured,140,,22,0.21926040819286846,0.07011225052052868,False,
26940,136,1766171.2819371796,0.12866410868377032,0.8513256381050651,32.9,0.11060655990657353,27,sale_exec,154,1598295.821927215,18,0.1805841201313245,0.0650351163378535,False,0.2531156926863293
27335,136,876647.7969509052,0.12302443024688062,0.8592665211631992,32.9,0.0357645055193514,8,sale_exec,166,673720.3883706969,30,0.289442169266969,0.08510732489723413,False,0.4340702619867919
27421,136,777033.6279783734,0.1475,0.5564279053393908,32.9,0.19663046730159728,58,sale_exec,155,777033.6279783734,19,0.20832927107990717,0.04766188533138393,False,0.2071474488756958
29242,136,1208056.4020375712,0.11901976802326829,0.9991957492938149,32.9,0.02634020736420828,6,cured,142,,12,0.1704100196672453,0.05737820265773305,True,
29941,136,5354509.053823708,0.11886314807769208,0.9469396371851093,32.9,0.06468481522949876,14,sale_exec,156,3369604.857171547,20,0.34090010299048784,0.07542188071746578,False,0.4832903001209047
29949,136,2440109.674746017,0.11742469237078484,0.6875273379718185,32.9,0.16402404331471887,48,sale_exec,161,1886100.0805291338,25,0.43226444301581174,0.07176616689540527,False,0.3940618391217535
107,137,2833972.999311258,0.13068925038951773,0.6874405220277467,32.9,0.10021328954714703,23,sale_exec,156,2833972.999311258,19,0.12312398115129089,0.05738641464376579,False,0.1860090058856937
859,137,3275888.826397768,0.11324553979138334,0.674379914203422,32.9,0.04984462356419894,11,cured,140,,21,0.261256555305756,0.0411281118032953,False,
1104,137,1498369.6255361266,0.13029723970093193,0.7204174370133167,32.9,0.14909562132148646,42,sale_exec,160,1406957.101204705,23,0.28122125302973794,0.07551430908785076,False,0.26753417336412755
1252,137,2413709.58369782,0.13238672145301836,0.9063049296718425,32.9,0.09688725452469327,22,sale_exec,160,1792554.6703724868,23,0.2677122001694368,0.07892704923207564,False,0.42297793859659516
1358,137,626581.3052520916,0.11957172227059354,0.599804324751527,32.9,0.12569273707487216,32,sale_exec,157,626581.3052520916,20,0.20992153383732526,0.08752389308772424,False,0.1798761189227689
1621,137,490915.1411147545,0.13491071914493408,0.5607292100423451,32.9,0.44949361988876535,111,sale_exec,164,490915.1411147545,27,0.268100322965338,0.060067107428243366,False,0.26055506765649394
1693,137,897913.7976390708,0.12052928893050856,0.7427631265823423,32.9,0.05487182277478042,12,sale_exec,156,848715.3904188818,19,0.2589364141691365,0.06080525948058966,False,0.21826242806492502
2618,137,1167583.4868579367,0.11790253239925957,0.48217142898548504,32.9,0.4037745741292944,103,cured,141,,22,0.28693092388438496,0.0560456049341225,False,
2647,137,1518190.4928651552,0.1258650123327442,0.788714456195612,32.9,0.10944809135343081,26,sale_exec,161,1370423.0967851323,24,0.2521986643582715,0.06323344694686428,False,0.2972953866863044
2791,137,1961693.115297129,0.136675506658413,0.7819095930128765,32.9,0.13266321394934266,35,sale_exec,157,1961693.115297129,20,0.13518119178445362,0.0777970260565729,False,0.20268467778672905
2905,137,1019826.4426845446,0.13248302032650877,0.6085698917537841,32.9,0.07352683008665406,16,sale_exec,159,1019826.4426845446,22,0.31822783982777614,0.0595260081929326,False,0.2145940536423403
2919,137,2031854.5672609217,0.14656861081893946,0.8350941273289797,32.9,0.10645042657761161,25,sale_exec,157,1766075.0059086336,20,0.22107840857519226,0.07339269330880668,False,0.31818069669304705
3693,137,2869728.388700265,0.1204409919844876,0.637185140627258,32.9,0.13702578155526268,37,sale_exec,158,2869728.388700265,21,0.2953943135529085,0.07534065806138476,False,0.1891895930186367
4249,137,431269.8960197877,0.1265298813823044,0.7013533185938672,32.9,0.29182990840531864,80,sale_exec,166,425494.6253074949,29,0.2800249111244127,0.06871382057372136,False,0.2721508599496545
4601,137,598616.1763131326,0.1278257853048176,0.533240757867309,32.9,0.29182990840531864,80,vol_sale,146,598616.1763131326,9,0.16106726959076073,0.046684549990408344,True,0.09095649809296769
4891,137,655596.0697502705,0.12130437198269078,0.8229538167786598,32.9,0.13481159721989,36,sale_exec,164,655596.0697502705,27,0.09010816930217537,0.0577019638840138,False,0.23781392169340132
5673,137,1533508.6489386999,0.12279603866483457,0.80883163127474,32.9,0.12319629034303481,31,sale_exec,156,1115982.5754489636,19,0.37905795946470167,0.04635864071538104,False,0.40026183083581757
5773,137,3335231.723238981,0.1275227626668616,0.8654790216975004,32.9,0.13042685485003758,34,sale_exec,164,2788562.4593075817,27,0.25715610409531886,0.04307255323817544,False,0.37150569209643713
5924,137,2599417.386281824,0.12577813397759185,0.717164411178656,32.9,0.1033718904708194,24,vol_sale,148,2599417.386281824,11,0.1475793173700448,0.05004692674792152,True,0.10836334846764029
6181,137,3049210.4279687256,0.11356752450986252,0.7102100990343657,32.9,0.12569273707487216,32,sale_exec,160,3049210.4279687256,23,0.23561387275434073,0.04734324098564594,False,0.1947862640163287
6320,137,816396.2230061481,0.12782147532021892,0.7168759085485774,32.9,0.19123956375670725,56,sale_exec,161,616475.5096124875,24,0.41879587036272375,0.070827519957373,False,0.414431566685174
6633,137,1798820.9316402536,0.1358142894787469,0.7027880232042587,32.9,0.11236409477578824,27,sale_exec,167,1798820.9316402536,30,0.2150023620849679,0.06575185269672885,False,0.2865398469338125
7014,137,1825472.4920163811,0.11700999001266554,0.6540860467016455,32.9,0.16286464475996487,47,sale_exec,158,1810711.2212709568,21,0.3135442013764393,0.07093009436149425,False,0.19095014926488463
7530,137,511703.50023605156,0.11978866223558594,0.7556725464407549,32.9,0.04984462356419894,11,sale_exec,162,511703.50023605156,25,0.17923085687592555,0.06225690253238868,False,0.21989155725088116
9396,137,2080372.8728251087,0.13311782678231537,0.76554505057233,32.9,0.11236409477578824,27,cured,146,,12,0.009782395517859206,0.061404359044655465,True,
10907,137,2652690.891862247,0.13716351366415122,0.6870399522810345,32.9,0.09688725452469327,22,vol_sale,151,2652690.891862247,14,0.0778533602328975,0.07915189908272757,True,0.1471029650110467
11213,137,1058089.7537838877,0.12800149340169317,0.7627928404944678,32.9,0.02144769031687077,5,cured,141,,26,0.13798027549895012,0.06196972772507431,False,
12283,137,2505716.846688826,0.12876787603213816,0.7931999582494932,32.9,0.13266321394934266,35,cured,145,,20,0.17141164125273542,0.07782400007421789,False,
13001,137,1449462.6016866062,0.12825823849874388,0.7608793616784185,32.9,0.11794804193755959,29,vol_sale,146,1449462.6016866062,9,0.055577306378842735,0.05318430772148522,True,0.0912481775940045
13530,137,1212838.012003387,0.1328229326114597,0.9414626089891817,32.9,0.0690860844248733,15,vol_sale,146,1143354.1096479534,9,0.026052390955282303,0.07280841850625612,True,0.14620730237780366
14564,137,612324.3244442336,0.1288463741027317,0.5022932168325455,32.9,0.13930609572702934,38,sale_exec,165,612324.3244442336,28,0.25767843136688046,0.05279382919463233,False,0.2584694936719163
14807,137,577409.1729810914,0.1251066110672553,0.8537027584818462,32.9,0.11794804193755959,29,sale_exec,163,504615.1981702674,26,0.23582683053602488,0.041293079462814165,False,0.3326336076557397
15020,137,936244.0800059099,0.12653817868642314,0.6518820687632949,32.9,0.13266321394934266,35,vol_sale,150,936244.0800059099,13,0.11236972465261733,0.08370197046091588,True,0.1274761657924559
15096,137,1227498.0598500343,0.13174596942436392,0.639100152205444,32.9,0.07781492625289976,17,sale_exec,157,1227498.0598500343,20,0.28393375917483615,0.058779975414058355,False,0.1961800829377075
15824,137,624442.903978462,0.12847175167309244,0.5063618771675286,32.9,0.21616857841426085,63,sale_exec,165,624442.903978462,28,0.28607677820910815,0.046018075704255465,False,0.25782790623047236
17528,137,1388225.05751002,0.12139748301042455,0.6027460677159288,32.9,0.12569273707487216,32,cured,145,,29,0.12423848833565473,0.08108701427076609,False,
17682,137,1469067.6905623267,0.12383697702888616,0.9323447588373935,32.9,0.040046221898317524,9,sale_exec,165,971205.4081523311,28,0.3177989854003439,0.08974616274745054,False,0.504068481860157
19072,137,1384499.3634632095,0.11310654145517247,0.45133906122352946,32.9,0.3842676928770812,99,vol_sale,150,1384499.3634632095,13,0.06593037828769738,0.042341710846786014,True,0.11481465266223778
20087,137,4651773.865606015,0.11260467991211556,0.7250170208175104,32.9,0.1416528797454608,39,cured,141,,10,0.034547132292180205,0.0712814175606368,True,
20288,137,2029393.947554148,0.13270051624872597,0.8699097607889943,32.9,0.12319629034303481,31,sale_exec,159,1692228.3585455809,22,0.21760555076109675,0.07885977084124221,False,0.34534044073118453
21747,137,1058507.6985219163,0.11868254269703177,0.8565600848805623,32.9,0.0897406055350316,20,vol_sale,150,1058507.6985219163,13,0.011614841485867443,0.05971666239890894,True,0.12009480477578238
23915,137,286269.90713768,0.13826782724111836,0.6671230848784376,32.9,0.3797783908011527,98,cured,142,,23,0.23925378161260677,0.04852892484004939,False,
24125,137,1130213.9774590584,0.1395388928481809,0.8403703006944018,32.9,0.1465472740558993,41,sale_exec,161,931199.8934817159,24,0.27707343154960967,0.0524607651580322,False,0.3757197891066847
25711,137,542745.5359113412,0.13185118758662445,0.7134092394046542,32.9,0.13042685485003758,34,sale_exec,157,542745.5359113412,20,0.14693099603464882,0.08591732643137881,False,0.1963195002204584
26785,137,1697774.891013968,0.13009085453045283,0.9535970170328169,32.9,0.059756138305371076,13,cured,145,,24,0.2907598475133469,0.07174685108544476,False,
27358,137,1510379.6369009854,0.11669611159829661,0.7298911257768061,32.9,0.11794804193755959,29,sale_exec,162,1441379.2975921123,25,0.25771130808241444,0.08361645509171171,False,0.2507652484886863
28096,137,2699020.05814187,0.11977661823017069,0.8051436973451613,32.9,0.16883596801885026,49,sale_exec,155,2175588.918375562,18,0.29829864178987586,0.07068846916489108,False,0.32589107271079376
28465,137,962940.2814302553,0.13348634164339263,0.6542532729431701,32.9,0.13042685485003758,34,cured,138,,19,0.19615057219363913,0.0776589642640371,False,
28715,137,378992.67182009935,0.1222485641402601,0.7232926823126014,32.9,0.14406648494216978,40,cured,141,,25,0.2065456072059899,0.051526955911571456,False,
29085,137,1282741.5059488635,0.12197253436181967,0.735800612320687,32.9,0.1033718904708194,24,sale_exec,158,1282741.5059488635,21,0.1614540536559667,0.050828803380181115,False,0.1913381442690193
29641,137,2373183.157084093,0.1258679378267924,0.8678603179454296,32.9,0.12810314707157588,33,vol_sale,146,2373183.157084093,9,0.013729886587781624,0.08968613257906685,True,0.08963467389316004
29976,137,1312037.6058224174,0.12247894545562486,0.6501104270349548,32.9,0.12810314707157588,33,cured,138,,29,0.17565495310633622,0.04309382435923147,False,
597,138,1748713.0439169353,0.12032228972768257,0.7704938952425645,32.9,0.13027894862806888,33,cured,139,,26,0.19843594574635887,0.07905442919689493,False,
1739,138,984083.3379049455,0.13068390477461636,0.9704970799909681,32.9,0.044283498947047084,10,sale_exec,158,713401.3984741587,20,0.2627730081729222,0.0412437988968307,False,0.4162575537718479
4545,138,328530.5124747445,0.1326309796607774,0.4930735739013495,32.9,0.35977766627596686,93,cured,140,,14,0.24490009643368954,0.07872272823483281,True,
5085,138,3081768.507426669,0.12186527178348623,0.813720535229118,32.9,0.11095824257595921,26,sale_exec,161,3049187.7345211953,23,0.17057158632565966,0.044772192076593616,False,0.21574842903744185
6329,138,1236962.0263950774,0.12030639924882704,0.5605327047336408,32.9,0.28674143488713666,79,cured,141,,19,0.19915543809398678,0.04418483046880942,False,
7150,138,386662.2871967975,0.12140788390698067,0.725772819195252,32.9,0.11689600379039056,28,sale_exec,157,300510.9380231221,19,0.38618086354025155,0.07401782355453769,False,0.35810513680163814
7735,138,1179292.0478023952,0.12502183888246793,0.6874827930470458,32.9,0.04916013496638039,11,sale_exec,156,1179292.0478023952,18,0.22415366026542896,0.08719231324167442,False,0.170193374963453
9612,138,2108050.5870656655,0.12450754131429383,0.7295271955413141,32.9,0.1439477697884861,39,vol_sale,152,2108050.5870656655,14,0.007123731340218691,0.05088609264412142,True,0.13455408383234868
12195,138,671587.6604099442,0.1211658457811085,0.28660363206555445,32.9,0.5984058037675801,136,vol_sale,147,671587.6604099442,9,0.004048454670071577,0.045532952217130974,True,0.08645136391445707
13627,138,911275.3781463281,0.1343018758562527,0.9151646008986113,32.9,0.09785032836378105,22,sale_exec,164,704564.7027495205,26,0.24522593621981723,0.0681958140291608,False,0.42110610269161697
14255,138,972488.1392329423,0.13057923935441204,0.5557840792299987,32.9,0.47908613712545556,116,cured,140,,20,0.2821487431726032,0.06466049066757494,False,
14628,138,1199150.0571456528,0.11558673458958096,0.5318139786093297,32.9,0.4613285121483699,113,vol_sale,150,1199150.0571456528,12,0.00984031294566367,0.04199899481086677,True,0.10866380975667156
14715,138,958395.9188561657,0.12122571729045387,0.7991047095791581,32.9,0.08635606189571066,19,cured,139,,23,0.3143005413639301,0.04073179191611537,False,
16087,138,1381113.5635644898,0.130196971925491,0.7797708474164411,32.9,0.07344167346819619,16,cured,141,,19,0.2256969154055518,0.05398034570749097,False,
17324,138,1251816.0763297447,0.12048427387998782,0.8226537145267476,32.9,0.11396812020913694,27,vol_sale,153,1235244.42908642,15,0.12484684580383681,0.07394652114011363,True,0.15056239435533614
17449,138,1353431.6652426117,0.12183889550972683,0.7949445439326002,32.9,0.13503235378505685,35,sale_exec,160,1353431.6652426117,22,0.1433091170691614,0.04795392292640557,False,0.1992807996345729
20383,138,974155.1524011479,0.13573233778624216,0.7612692106047798,32.9,0.15909969970522875,45,sale_exec,157,973932.8195428221,19,0.2074852968062842,0.04799857025127821,False,0.19259627461268758
21549,138,1925502.866669667,0.1329931125577329,0.7924614976922334,32.9,0.18294774133195935,53,cured,141,,10,0.29976614738286345,0.07739055089745298,True,
21759,138,1910504.9582460965,0.1257488719262458,0.7691342216738735,32.9,0.13943496013808332,37,sale_exec,167,1910504.9582460965,29,0.17405407632629613,0.05018803800951785,False,0.260892487667736
22031,138,595413.6812110852,0.1427677386640897,0.9033831520258703,32.9,0.07344167346819619,16,cured,139,,25,0.2296818485985714,0.05615574334032083,False,
22072,138,1321485.1284577856,0.11593245136649342,0.9594634129041565,32.9,0.030154714307536246,7,vol_sale,148,1237430.5856712882,10,0.01535102110437389,0.07308078104277851,True,0.14944462625797916
22079,138,1913545.699654507,0.13044292451895856,0.7679386593163032,32.9,0.11689600379039056,28,cured,142,,30,0.24660528753408265,0.04534884807683819,False,
23115,138,1668508.1614537651,0.13352294644914942,0.7720432570072749,32.9,0.14165816533451814,38,sale_exec,163,1442061.6201980615,25,0.3000067940560796,0.05898702211784077,False,0.34458897971363334
23611,138,1261136.0512644257,0.12233690598091203,0.4230804988047968,32.9,0.5262887030309886,124,sale_exec,157,1261136.0512644257,19,0.15635602853190442,0.062206920496068255,False,0.1752866433810405
217,139,1358843.2371718283,0.12993568110193998,0.6339058811074311,32.6,0.26317270857883557,74,vol_sale,154,944291.9065305055,15,0.5023878869889674,0.08660576425165609,True,0.408740501900309
950,139,1394567.5913034566,0.13959358190759064,0.6560422704265089,32.6,0.23373665460788584,67,cured,145,,30,0.17314657496868052,0.06293990834125097,False,
979,139,2941237.4802741767,0.1163698963992283,0.5386776068701089,32.6,0.3823056204993962,98,open,-1,,30,0.153909700812611,0.08676995514891658,False,
1143,139,1896767.7670012813,0.13420190950397046,0.5892244215353863,32.6,0.14395602232392468,38,cured,141,,13,0.08121598344804482,0.07884856907575785,True,
1718,139,1486234.8797311853,0.1206919237286372,0.7064273148415668,32.6,0.20773545325022913,60,vol_sale,154,1486234.8797311853,15,0.08472444456998952,0.059039453817392014,True,0.1393877974877067
1721,139,529965.3716813108,0.12161555494582833,0.786928846464821,32.6,0.21125961159670337,61,sale_exec,166,517815.66720545775,27,0.19895865228222817,0.0610237955517056,False,0.2558034102968536
2083,139,733959.8284828941,0.1163816195495599,0.4475827567879833,32.6,0.5383024754639347,126,cured,141,,22,0.22957835794370793,0.05381049588189292,False,
2397,139,1243934.7321851496,0.14357113386297898,0.8028584791088678,32.6,0.1122629712802028,26,sale_exec,166,1023707.2826275871,27,0.3003948652401619,0.06569564036328035,False,0.4030767824653816
2495,139,1476467.9329198268,0.13145790824394699,0.6938510934810418,32.6,0.04361548921670266,10,vol_sale,148,1476467.9329198268,9,0.013663875487450896,0.07171213305776454,True,0.09340305130697357
3198,139,409296.89946373616,0.1282224200738991,0.5957633614377067,32.6,0.374025077594613,96,sale_exec,165,409296.89946373616,26,0.328181677124963,0.06502964186267843,False,0.2414461418449444
4026,139,826370.8836033131,0.11445745347183407,0.7452132301655383,32.6,0.09467450863271432,21,sale_exec,166,680081.6557869033,27,0.3515378657021047,0.06443360112058737,False,0.3630981157842934
4699,139,524362.5800377408,0.12183538500165456,0.7690662232708042,32.6,0.1122629712802028,26,cured,146,,22,0.26229796158513574,0.04558160937038321,False,
4830,139,1097498.1072533366,0.12640987512602714,0.6636723016452413,32.6,0.12418403771942099,30,cured,145,,14,0.24170165145001024,0.058626543544528786,True,
4870,139,2207558.958736545,0.12425945872336569,0.6947647874278259,32.6,0.2008386910465787,58,sale_exec,161,1951810.1456652489,22,0.35954440966578977,0.04745761015072263,False,0.2951482281142265
5189,139,1338335.2070380265,0.12974186654928707,0.632562036674168,32.6,0.1417903271665757,37,open,-1,,29,0.1842720802895045,0.08668759682882698,False,
5530,139,1656843.2777786795,0.1245803457682683,0.7071745010026216,32.6,0.19414161743437353,56,sale_exec,162,1656843.2777786795,23,0.17060675770941333,0.06609792006541047,False,0.21144099459107446
7533,139,1819985.8592194552,0.12310323910427466,0.8280824760833096,32.6,0.1122629712802028,26,sale_exec,161,1174517.8242016644,22,0.4286388650601211,0.051953251281288935,False,0.48444460907778497
7568,139,1077014.3447458118,0.12062742772939918,0.6156493040276455,32.6,0.18764145399504484,54,cured,148,,10,0.1516352532959368,0.05567143422424951,True,
10092,139,1658840.5146505358,0.13414919716663443,0.7236343312074132,32.6,0.1122629712802028,26,sale_exec,159,1343339.4418746368,20,0.37841367958832106,0.05492693950384378,False,0.35163518024125084
10224,139,2331846.5111125605,0.1263332635846405,0.5276345896332657,32.6,0.22218874567136004,64,sale_exec,159,2331846.5111125605,20,0.12528852747788244,0.0738848418023729,False,0.1889737171781547
10287,139,1198105.7634938925,0.11789425570452976,0.7181380205933172,32.6,0.25439870232601125,72,sale_exec,160,1198105.7634938925,21,0.17144080327660513,0.04204675614925641,False,0.18560360851046254
12456,139,863517.6098935603,0.1277037578473253,0.6743934939236451,32.6,0.21483477689213015,62,sale_exec,159,863517.6098935603,20,0.1212335302616784,0.0707541567794031,False,0.1908047553371095
12830,139,1720115.1399701985,0.1286146435314015,1.0049333922112644,32.6,0.03424217316859979,8,vol_sale,151,1409845.283228392,12,0.12463679213412213,0.04100520174103254,True,0.2788019927268487
12880,139,2421808.9008901264,0.13517803743471551,0.659260944495695,32.6,0.15085243258684322,41,sale_exec,166,2421808.9008901264,27,0.2856051738458581,0.05582355072445164,False,0.26099473859385713
12926,139,1908482.7487178827,0.11800413790025169,0.687670682832049,32.6,0.1213276356648787,29,sale_exec,164,1908482.7487178827,25,0.17045106988507697,0.07445994454824334,False,0.2170144634883171
13286,139,1339523.8933929224,0.11871022322762673,0.6344368263888673,32.6,0.09852184409000708,22,cured,144,,26,0.3555044898431556,0.05319800273319074,False,
15434,139,462046.10588631197,0.1262154522761404,0.798174206699484,32.6,0.15085243258684322,41,open,-1,,30,0.19856569536134136,0.0845004185165488,False,
16070,139,2163034.8196922927,0.12484317680452597,0.7656222464720355,32.6,0.20426193375735457,59,cured,147,,27,0.17145400315621398,0.07831626532439456,False,
16148,139,2403044.018784571,0.1347881404970967,0.8673892162854046,32.6,0.02079342577730614,5,sale_exec,160,1878612.579952976,21,0.279206960348313,0.05644998406381602,False,0.38169109757717734
16517,139,679248.9184223104,0.13546952921009142,0.7096036177932967,32.6,0.31306312833614625,84,sale_exec,159,662402.0460859698,20,0.2639519214079513,0.06901789285470691,False,0.2209130172305328
17204,139,749823.1030181859,0.12488723046135891,0.7611792258400119,32.6,0.07307285601971514,16,cured,142,,24,0.29703121847557157,0.06877405130718203,False,
17336,139,762698.0859204651,0.1274888385855317,0.8090283707786011,32.6,0.13719351481481556,35,open,-1,,29,0.20949882438677017,0.04847428940450918,False,
18246,139,604201.1020332186,0.1252660976659838,0.7533232417238063,32.6,0.12964451449172354,32,sale_exec,165,604201.1020332186,26,0.18165136861834472,0.0605649472239935,False,0.23662283995475775
18538,139,1520466.339666035,0.13709335751208956,0.849866555863257,32.6,0.10572608149045926,24,sale_exec,159,1436504.4738530898,20,0.14757099514522953,0.0649559407748039,False,0.24723183622655176
18774,139,729965.6881258744,0.11905295611135938,0.4310829723869537,32.6,0.40993330867328837,104,open,-1,,29,0.26447432528289194,0.07749999040004063,False,
19392,139,1576071.8261703784,0.12270850897964838,0.8159044816673314,32.6,0.08217741642093968,18,sale_exec,162,1370593.9213164353,23,0.2593865675327346,0.04938503298007941,False,0.31180864361530614
19535,139,5963203.453551368,0.12493819287449424,0.7138601985880163,32.6,0.09467450863271432,21,vol_sale,150,5963203.453551368,11,0.0395768204688674,0.04771847849999425,True,0.10768367497973552
19552,139,687120.2687176738,0.11543839548859314,0.7155434651997423,32.6,0.17825456489839842,51,open,-1,,29,0.22788701543949422,0.08324626907680266,False,
19802,139,1901356.0875426247,0.120726021876974,0.9062564674051574,32.6,0.06337208519838633,14,sale_exec,162,1633278.988944687,23,0.17444317210530347,0.06327637637076278,False,0.3176503373550643
20270,139,2496473.9210523637,0.13160526000883382,0.772602652784964,32.6,0.048427018150473344,11,sale_exec,157,1902810.915605721,18,0.3639890388488086,0.06305083290812444,False,0.3736715256299403
20855,139,2034145.4678443507,0.13236625166369684,0.8463374287907253,32.6,0.1417903271665757,37,vol_sale,150,2034145.4678443507,11,0.003213571946427733,0.04977831150447369,True,0.11367485354587326
21170,139,882093.6241502629,0.12104077737131717,0.6772951739531259,32.6,0.22981770712166494,66,vol_sale,152,882093.6241502629,13,0.062319676570543346,0.08291692585907547,True,0.12231770227858241
21186,139,619036.2434922456,0.13571721901750697,0.5833197328110785,32.6,0.12418403771942099,30,sale_exec,160,619036.2434922456,21,0.35454488615129587,0.07771626695807676,False,0.21035524402881012
22396,139,820158.9770446711,0.12136658908635582,0.8097218102913702,32.6,0.12418403771942099,30,cured,140,,21,0.2816770474730194,0.046076224070175975,False,
22418,139,934651.519479358,0.1385631648964638,0.557042511265487,32.6,0.23373665460788584,67,sale_exec,165,934651.519479358,26,0.22361215532650686,0.05151929176296648,False,0.2580697984534447
22985,139,770108.3670852708,0.12591144264193788,0.6251910140753293,32.6,0.1664743583865671,47,sale_exec,165,770108.3670852708,26,0.3092878582635932,0.052870433056945255,False,0.23767844428183027
23154,139,1528349.0414489778,0.1348672581937421,0.7875857947548074,32.6,0.10572608149045926,24,open,-1,,30,0.26701587026636925,0.08126298836734672,False,
23708,139,654682.7170307541,0.12696566619000488,0.42591963823526147,32.6,0.49088637543424585,118,vol_sale,154,654682.7170307541,15,0.07845676825791997,0.08330126019105566,True,0.14604208001362617
25161,139,1149840.8406641928,0.12528723175741943,0.7077190059077589,32.6,0.09852184409000708,22,sale_exec,166,940695.0790671306,27,0.37554153751328306,0.08172364556507639,False,0.3819553752375281
25329,139,1608222.555954584,0.12275170976820271,0.688176674738466,32.6,0.13719351481481556,35,sale_exec,164,1608222.555954584,25,0.27259729375770636,0.047652989665202546,False,0.224644461977771
26777,139,788390.6449076418,0.12176965151368639,0.7546360309078781,32.6,0.2008386910465787,58,cured,148,,22,0.21358207862864848,0.06460281899140574,False,
27844,139,1015900.9758880885,0.1394678685151062,0.8557874090204687,32.6,0.053323003738209085,12,cured,141,,15,0.2036426533590934,0.04963587023277316,True,
28929,139,1386038.6036391407,0.1211915927393351,0.5278451604776383,32.6,0.13476368149380047,34,vol_sale,148,1386038.6036391407,9,0.026537243319813993,0.08849582347293225,True,0.08646882821133794
29474,139,1242170.9089307245,0.11703459160299855,0.8103258783616705,32.6,0.12964451449172354,32,open,-1,,30,0.3255063858390111,0.06577467169752813,False,
29690,139,1850225.2797866894,0.1248839822532247,0.7099331800907706,32.6,0.10572608149045926,24,open,-1,,29,0.22705839642216455,0.07622641512744482,False,
286,140,3853719.016255298,0.12224257526622175,0.6120131912012923,32.6,0.06239088485635569,14,sale_exec,167,3853719.016255298,27,0.33567825203843116,0.08625842399498859,False,0.23940503774250166
1938,140,1563837.307992999,0.11988828724405047,0.8277238201763424,32.6,0.14158464379021773,36,cured,144,,21,0.22204037947320593,0.04805523796765915,False,
2074,140,1493777.2828233007,0.12218672749583791,0.9461994802855963,32.6,0.06239088485635569,14,vol_sale,153,1469582.9539951934,13,0.005107450444318079,0.056425762494220315,True,0.1375938389028557
2106,140,1151187.5804299556,0.14015703330826132,0.7914904453583036,32.6,0.1196731605394552,28,vol_sale,155,1151187.5804299556,15,0.049186450399554556,0.07593467992331646,True,0.15985523639735655
2926,140,1220885.882074685,0.11917552484343939,0.761672490671651,32.6,0.09487798791933466,21,vol_sale,153,1220885.882074685,13,0.0711407992849238,0.07986359586832276,True,0.12055999583153076
3296,140,1199958.5640247317,0.12699744560902496,0.7506611529693622,32.6,0.14837326386704985,39,sale_exec,167,1199958.5640247317,27,0.1824799928802181,0.07496397903464644,False,0.2474161076697362
5534,140,1237200.287487496,0.12597362628251133,0.6104782132187173,32.6,0.1196731605394552,28,vol_sale,149,1237200.287487496,9,0.08466423779617324,0.08648128893920654,True,0.08970608306712535
7138,140,1729617.4201882856,0.12496672226963967,0.6775550971583204,32.6,0.1709785516372726,48,open,-1,,28,0.1800005480231578,0.08363632988477725,False,
7509,140,562433.5470735519,0.11904401154520823,0.47009294029280163,32.6,0.5144690290048644,122,vol_sale,155,562433.5470735519,15,0.027934797092448196,0.044099658324164175,True,0.13763077270962576
7651,140,4978381.927850365,0.12179421880216441,0.709322493501448,32.6,0.10999570295069194,25,cured,141,,30,0.1551472307401604,0.07704045697357509,False,
8000,140,1704986.169308762,0.13185670763812266,0.6722343091569667,32.6,0.20891203895264931,60,open,-1,,29,0.18641451564698172,0.06908794336907279,False,
8476,140,4804048.248803628,0.1312299977365764,0.8452409027701183,32.6,0.10276364729839194,23,sale_exec,158,4122929.9054285814,18,0.23562678385839553,0.046798475011351044,False,0.2943749990692691
8584,140,767227.9845620287,0.1256542712138121,0.5786366634474093,32.6,0.18280424592710864,52,open,-1,,30,0.17431790351891222,0.07671172681646449,False,
8635,140,3101893.960120592,0.13463549353500007,0.772138749356444,32.6,0.13130817917156823,32,vol_sale,150,3101893.960120592,10,0.013447233748226116,0.05657508318187057,True,0.10557257428572941
8766,140,874978.8705003047,0.13158499642498991,0.8195873957476181,32.6,0.12852493224388395,31,open,-1,,28,0.330241658848106,0.08327447007893594,False,
9618,140,2560464.218959715,0.1375724542442787,0.8741355110187796,32.6,0.1340064939568426,33,vol_sale,155,2560464.218959715,15,0.06717138854579748,0.04946125792488306,True,0.1571677217666393
9951,140,1559696.2687409723,0.14139559759864118,0.8051176195050644,32.6,0.11655783411386134,27,sale_exec,161,1498211.7751314635,21,0.17482057061910053,0.07122305549612867,False,0.24889866331508248
10658,140,1046566.9347715516,0.11822796407312561,0.8048246248999048,32.6,0.06239088485635569,14,sale_exec,161,921861.0703118476,21,0.22834639174924337,0.08438203821162138,False,0.2830594346699392
10997,140,987808.3209593266,0.12399626975848861,0.7653502924227673,32.6,0.08186229250170896,18,sale_exec,164,790377.5804226475,24,0.33217126720348117,0.08309983082422767,False,0.3748089101518369
13003,140,1471898.649654721,0.12931493340831227,0.7153848621999266,32.6,0.11336148604969165,26,sale_exec,158,1434431.2405850103,18,0.26749371129448796,0.05017244191421415,False,0.19645287400713574
14540,140,1817425.7993861404,0.13822843931787773,0.8062938667190357,32.6,0.10276364729839194,23,sale_exec,163,1332714.8954781431,23,0.35309446173755266,0.07734569934135566,False,0.4365217323050705
15021,140,1701080.028822326,0.13872040359195814,0.619875092554702,32.6,0.20891203895264931,60,vol_sale,153,1701080.028822326,13,0.050459014889426425,0.06092862120326144,True,0.13879133368521945
15154,140,1317179.902424712,0.1343052861583706,0.68414641575776,32.6,0.22318264795009313,64,vol_sale,149,1317179.902424712,9,0.062259923037674206,0.06940452057161849,True,0.09531589441938548
15648,140,595589.6603641331,0.12382472749927302,0.7892240406443491,32.6,0.1681922635904578,47,sale_exec,166,526427.6309571028,26,0.26489597948154286,0.06234721351476624,False,0.32318021664272667
16002,140,1916865.4212316172,0.13377746946090477,0.7700397615527123,32.6,0.20547557782296644,59,open,-1,,29,0.3361427515602401,0.08051387359798859,False,
16035,140,2012465.5117579945,0.118130666855258,0.6060322924861042,32.6,0.21593673744021724,62,sale_exec,162,2012465.5117579945,22,0.17934508572310975,0.0704337015420222,False,0.19387288508106404
16669,140,567377.0581952017,0.13264351281632386,0.8705686972247626,32.6,0.02473509052603684,6,sale_exec,164,391314.0219044779,24,0.34268243269139165,0.07457255775100699,False,0.47024745365941756
17053,140,927969.9380495936,0.12029868049085134,0.731049627104086,32.6,0.152921474277248,41,vol_sale,149,914418.5082088831,9,0.22079078011705747,0.05791188629702104,True,0.09921236845031034
17084,140,1225455.5434413496,0.12992778904685975,0.7473304681519297,32.6,0.10646242122309757,24,vol_sale,154,943081.951443336,14,0.36184482716231636,0.07729749467510008,True,0.33812755510451586
17232,140,1834932.9654682218,0.1253867857105297,0.8325145484342226,32.6,0.11655783411386134,27,vol_sale,155,1834932.9654682218,15,0.0021109089141254167,0.05531293222024383,True,0.14437261515431743
17390,140,1055127.2666247622,0.13093385273155594,0.5425561850419003,32.6,0.42055050668826643,106,sale_exec,159,1055127.2666247622,19,0.24806296579403564,0.05970417650210601,False,0.18632079486983733
18838,140,463298.37923793105,0.13391923550067114,0.5218699905297935,32.6,0.25924240431404777,73,vol_sale,154,463298.37923793105,14,0.10022470060076978,0.060579715468449334,True,0.14390483183084246
18888,140,1835965.0923170992,0.11442836059187499,0.8362010690606293,32.6,0.10276364729839194,23,cured,143,,12,0.06728015752070728,0.05188207826452421,True,
19933,140,966072.785308781,0.12979301570534316,0.9105846949212808,32.6,0.09487798791933466,21,sale_exec,161,763797.9034111064,21,0.2231399550055954,0.06825328105158882,False,0.369255329914
20336,140,2537923.8308047876,0.11348852127642237,0.6129424694131824,32.6,0.12852493224388395,31,sale_exec,167,2537923.8308047876,27,0.21630944364844842,0.05454824036788731,False,0.22442397340567255
21206,140,765154.2630943856,0.12058213590854813,0.3684543751961848,32.6,0.5986600908427588,136,vol_sale,149,765154.2630943856,9,0.04566167928863854,0.060480605466568055,True,0.08605533088839867
22995,140,1249537.4804990273,0.1238332109914011,0.7203865842484654,32.6,0.24250530847829288,69,open,-1,,30,0.16643726376202708,0.041685160046510725,False,
23279,140,1288255.3229591197,0.12334091761763151,0.6831472704392517,32.6,0.12852493224388395,31,sale_exec,158,1288255.3229591197,18,0.20070937465338687,0.06863402563700204,False,0.16811995934252866
23414,140,589017.7401570111,0.1174372061975042,0.7036553122624012,32.6,0.18903803009645403,54,cured,144,,18,0.2649124371089327,0.08576038100619576,False,
23697,140,765461.6332747656,0.12946024800181463,0.46356362069515183,32.6,0.4548500050835782,112,vol_sale,155,765461.6332747656,15,0.07392342972383192,0.07779764837114572,True,0.14867270465989868
24218,140,457336.4278139858,0.12824580171246824,0.989896530606231,32.6,0.04289903804665207,10,sale_exec,162,311542.3754596581,22,0.2865020510191051,0.045728398965028894,False,0.46084583930679546
25395,140,794675.8215814073,0.1279472468872007,0.42022664453073433,32.6,0.4727919115931243,115,vol_sale,151,794675.8215814073,11,0.028626404358409976,0.08886771725367351,True,0.1101159658668569
25988,140,2561903.1263122223,0.12948109220953474,0.7621959394431872,32.6,0.12565750055395974,30,sale_exec,164,2137027.8921473194,24,0.33064397256225514,0.05475950479853453,False,0.3552608120636248
26929,140,1437270.5290450177,0.12141427976854878,0.5965529221632574,32.6,0.1391454279750517,35,sale_exec,166,1437270.5290450177,26,0.20402444937832667,0.06611516695355546,False,0.23029069291350923
27633,140,1200658.802945839,0.11816697687506689,0.6372668543346609,32.6,0.17975917291816557,51,sale_exec,161,1200658.802945839,21,0.16517965549800107,0.06535289318495305,False,0.18598841228164686
27866,140,1212221.9384163916,0.13163519937043577,0.32748660656589673,32.6,0.6171220679725609,139,vol_sale,153,1212221.9384163916,13,0.21570429135082353,0.0455504735928869,True,0.132229772171075
27867,140,1503860.4217862047,0.12028592646317915,0.8915557757834008,32.6,0.016133861426874452,4,sale_exec,163,1175226.3703816044,23,0.2383884925227692,0.08163971827447171,False,0.37872088334832343
28055,140,3498882.698746358,0.13426186131153148,0.5249591644833175,32.6,0.3657903473022548,94,cured,143,,22,0.3459037626875079,0.05269849319626693,False,
28695,140,5449415.93930589,0.11288763914444762,0.7268126465218303,32.6,0.10276364729839194,23,cured,141,,22,0.349147420663974,0.0639719857128784,False,
28741,140,2407431.2041612794,0.12347730196442046,0.6516700552374809,32.6,0.1391454279750517,35,vol_sale,154,2407431.2041612794,14,0.290037225836151,0.05290977666023669,True,0.1335238903405096
28866,140,2550179.8486679113,0.11729679785520368,0.5852487995427876,32.6,0.14158464379021773,36,vol_sale,153,2550179.8486679113,13,0.03372438274746677,0.0483186170646255,True,0.11878575916171175
29239,140,1016631.8986977832,0.1315162128474739,0.6759887066890853,32.6,0.23070250888131838,66,sale_exec,162,1016631.8986977832,22,0.16142690447770844,0.06933463472351196,False,0.2132158758844157
792,141,2051037.247147624,0.1408833139986597,0.8688444416241883,32.6,0.07644758689707709,17,open,-1,,28,0.29781872839859297,0.054727954643755836,False,
1172,141,1400372.347168496,0.13545832782343475,0.7016840936475041,32.6,0.1596342243803841,43,cured,150,,26,0.28184839225052366,0.05174355441453363,False,
1456,141,1932224.3035445288,0.1317284387160107,0.7009235843264296,32.6,0.09479080568653186,21,cured,150,,20,0.26048590382259906,0.08658942067280187,False,
1459,141,847725.4695972977,0.11151134758434698,0.5560398806077645,32.6,0.3661081917534412,94,cured,144,,20,0.30230032275367186,0.08993608881430598,False,
2625,141,2115010.959794684,0.11679682191138521,0.6827563060733185,32.6,0.12075029907034596,28,sale_exec,159,2115010.959794684,18,0.11515667008835223,0.04716332228035736,False,0.15999558518702128
2799,141,2079349.8655395138,0.12239458809875267,0.6487953442045774,32.6,0.2728115809589273,76,sale_exec,162,2031445.2727958832,21,0.33139918493321424,0.05848201943110226,False,0.21054572259601168
3349,141,1155273.9038629567,0.1397276414489736,0.6216146923717696,32.6,0.14088693865448,35,open,-1,,27,0.2603381569152223,0.0426122782535203,False,
3625,141,1181643.8118748502,0.14547095915370203,0.6326737584434392,32.6,0.12988413304883806,31,sale_exec,162,1181643.8118748502,21,0.21514950108818404,0.07548877921920047,False,0.22356588509402964
3710,141,486983.9988097174,0.13795779414502293,0.6333379639478832,32.6,0.22050235151346054,63,sale_exec,166,486983.9988097174,25,0.3076139435102881,0.0698305298815319,False,0.2485664608650573
3938,141,5330013.576520171,0.12721719655729685,0.9488134500374154,32.6,0.033018928880880205,8,sale_exec,162,4191588.6049170275,21,0.1922255484443627,0.06900215636337013,False,0.36980894961790833
4119,141,4408037.793057382,0.13488845836242055,0.7869529402902552,32.6,0.13826447535385045,34,cured,144,,23,0.2833923460242443,0.04019260530500764,False,
4211,141,1218221.6822378351,0.1198556486899219,0.8863839702344334,32.6,0.1030276244139452,23,sale_exec,164,1023165.2193127671,23,0.20693417106452194,0.062371851095177386,False,0.33173792410468883
4216,141,1393098.5545312231,0.12219593592819722,0.8743732572474604,32.6,0.11416352833715093,26,sale_exec,162,1031516.1872633628,21,0.28915822247382733,0.07640468866229624,False,0.4014601293334745
4321,141,1346267.3782569855,0.12265113297288836,0.8416020721702401,32.6,0.14342270510410926,36,cured,144,,9,0.028676874571919708,0.07991367991531353,True,
4374,141,852036.3242106385,0.1306123490183264,0.4680026968296515,32.6,0.37091863353519683,95,cured,148,,29,0.23950638895701215,0.06535310226556991,False,
4390,141,1674053.9701535455,0.14166483088618248,0.5715497997823581,32.6,0.15268518978672008,40,cured,145,,28,0.4717433117145038,0.05122361763618786,False,
4550,141,2309252.709336507,0.12218664466375381,0.8304015033403623,32.6,0.033018928880880205,8,open,-1,,29,0.3168251353320211,0.060703945393355586,False,
4683,141,1103165.3832163205,0.12244419542475882,0.7384484912669521,32.6,0.09043517083461317,20,sale_exec,160,1028475.2248363358,19,0.2574822032796563,0.0742740928381484,False,0.23125340312396725
4708,141,547050.72859734,0.12491643002494678,0.37852440847726554,32.6,0.5440375667509765,127,cured,144,,21,0.275889952914625,0.04610856531898637,False,
4811,141,525022.884904141,0.11716169511934968,0.8044971502816818,32.6,0.037535770390937806,9,cured,150,,26,0.21012384013968094,0.0800153069668687,False,
5178,141,991351.2852290941,0.12763622270855993,0.7147849011746602,32.6,0.1596342243803841,43,cured,150,,13,0.05674633716727338,0.07415221695296462,True,
5854,141,1719235.5519151217,0.12542653633027506,0.7727797927447732,32.6,0.12988413304883806,31,sale_exec,163,1432698.005983658,22,0.3096660202660001,0.06587003916707748,False,0.3370631777763007
6074,141,1043553.625984466,0.12690359034524598,0.5911566439318521,32.6,0.24315090974785458,69,cured,147,,13,0.07748581338676111,0.08340032701102547,True,
7154,141,704895.1852324533,0.11855365783317803,0.6059897606870268,32.6,0.12387732296155107,29,open,-1,,29,0.19872999724041515,0.05876187347737204,False,
7515,141,2209959.8234759197,0.1294483117922806,0.9618138723280776,32.6,0.051578989731025926,12,vol_sale,152,1802500.161766285,11,0.14268998292917828,0.060668210261087936,True,0.2751750888489445
8013,141,2488387.6413762136,0.13312536183560655,0.738238514137455,32.6,0.08592448221591686,19,vol_sale,153,2488387.6413762136,12,0.11413406524073529,0.08008602112812278,True,0.12400276669605559
8265,141,892432.1702306638,0.1374056098609266,0.5587942112288045,32.6,0.3887544976658097,99,cured,149,,27,0.16391155860528128,0.052993332403270026,False,
10055,141,959866.4646267807,0.13158161785096173,0.7800850283361448,32.6,0.13826447535385045,34,sale_exec,166,879766.2757580809,25,0.22485314985125318,0.08912900107831709,False,0.30216614817774023
10702,141,3730383.1212125085,0.12451367511186706,0.7972296994211555,32.6,0.04213414886564948,10,sale_exec,160,3706817.4681532015,19,0.15530325679264587,0.06697222742480541,False,0.18328748178973642
10814,141,1509632.315628813,0.12510385830573786,0.673454654063026,32.6,0.2169513014265947,62,sale_exec,161,1509632.315628813,20,0.14301525611727947,0.0898955131616221,False,0.1873274780793518
11014,141,989419.507568098,0.12367519693849102,0.6497808949432916,32.6,0.15268518978672008,40,vol_sale,154,989419.507568098,13,0.08224503954431321,0.08845176484175302,True,0.12479378530309748
11261,141,647587.1355647278,0.1300234064966384,0.724498326565383,32.6,0.051578989731025926,12,cured,142,,29,0.22682886422820445,0.0429529775326253,False,
11774,141,1090908.0917308864,0.11707149276019715,0.8336548874855685,32.6,0.14587107971653035,37,sale_exec,165,929028.3631671787,24,0.2552688173007198,0.05088176459061086,False,0.3253995480353208
12997,141,1762216.2656257532,0.1191739675278772,0.7564775558533094,32.6,0.15493424813005618,41,sale_exec,163,1699473.4052009198,22,0.24163509968238,0.044711222017426604,False,0.2240456951757006
13361,141,767593.1478163718,0.13639668117763987,0.41051774188519724,32.6,0.5620862422676705,130,cured,142,,11,0.071892315513638,0.07485469047631763,True,
13430,141,1334284.522444342,0.12671197198697945,0.7654516122762192,32.6,0.12387732296155107,29,cured,142,,22,0.1868460364523575,0.04352243858241225,False,
13951,141,826873.6002111826,0.12199162511012833,0.42558487903462483,32.6,0.5681284379668459,131,open,-1,,28,0.16985606534312073,0.06239285323615097,False,
14183,141,1167524.790813772,0.1243687994028243,0.7890046754331685,32.6,0.13826447535385045,34,vol_sale,154,1167524.790813772,13,0.0882662537520897,0.07694106607901799,True,0.12544444839286295
14283,141,2005082.48967254,0.1270979548203884,0.7617461103701291,32.6,0.13555602890335172,33,cured,147,,30,0.10838505869696963,0.05485225598154209,False,
14748,141,819828.458511529,0.11552672648041504,0.7769625278504173,32.6,0.13826447535385045,34,open,-1,,27,0.2300586325885991,0.07268140506380066,False,
14836,141,630706.0127285565,0.11943945730093436,0.8423813832608152,32.6,0.11416352833715093,26,sale_exec,164,410378.45375653077,23,0.39996743431532417,0.06763923968216959,False,0.4818828500243295
15387,141,1020787.4802245474,0.11945097828235289,0.700611961512791,32.6,0.15268518978672008,40,open,-1,,28,0.13721921431564496,0.0675504882704704,False,
15418,141,685437.071991575,0.12004056514295346,0.8739053838374813,32.6,0.1269222017762346,30,sale_exec,160,576769.2122455344,19,0.19493404602309022,0.08073534467859572,False,0.3035326518048135
15990,141,817072.3528000973,0.13478382449735776,0.8648796254508161,32.6,0.13276233140620008,32,sale_exec,159,557511.7807881873,18,0.35110278340511947,0.06725270997798724,False,0.44194221565397496
16017,141,336284.93606654607,0.12681714981103476,0.410956160814679,32.6,0.3661081917534412,94,cured,144,,18,0.20211580422433048,0.06456097281737391,False,
17406,141,955393.9647262392,0.1316283041466347,0.9270742476420334,32.6,0.051578989731025926,12,cured,147,,20,0.24225251077503937,0.06957075895982909,False,
17865,141,1983863.9230415528,0.1365117616689127,0.5255196925058114,32.6,0.18118008048667944,51,open,-1,,28,0.2464474123252212,0.06014436930806607,False,
17973,141,1033647.4077678551,0.12756717904699622,0.5615852930187095,32.6,0.037535770390937806,9,cured,149,,18,0.2105236843518914,0.08880063714216635,False,
18302,141,2042524.4307614411,0.12550470860406357,0.6322294152508244,32.6,0.22050235151346054,63,vol_sale,154,2042524.4307614411,13,0.1529912494300129,0.06655185573853209,True,0.1265089111101837
18467,141,758055.5406041746,0.11819106904830266,0.6311180795439337,32.6,0.268353833348153,75,sale_exec,159,758055.5406041746,18,0.24947857399488027,0.07868016663137734,False,0.16173351154432014
19647,141,534960.947292018,0.11451740654910081,0.7460391188786243,32.6,0.04681492805841514,11,sale_exec,159,522696.0634332031,18,0.21897755786483322,0.06885129306483632,False,0.17646995182919056
20677,141,2059543.0066899676,0.12701071637362046,0.6972528868178565,32.6,0.13826447535385045,34,sale_exec,163,1876196.2914077854,22,0.32761265374802756,0.05972098784350971,False,0.27737651575841815
21419,141,700696.4384090585,0.11682086198903818,0.6208306633066015,32.6,0.15050296889295045,39,cured,142,,23,0.24991628584567663,0.05121395467136705,False,
21972,141,2285651.6550450525,0.12740448859190473,0.7254069286323527,32.6,0.11416352833715093,26,sale_exec,159,2078479.006700925,18,0.28331465656123805,0.07770446530589592,False,0.2480715871735535
22034,141,1274007.212348562,0.12246576206842548,0.7837942097054185,32.6,0.07644758689707709,17,sale_exec,160,1085109.968295341,19,0.26736773157950017,0.08397911278369148,False,0.2977088693067754
22117,141,2071456.3873077799,0.11874337540971959,0.7116532161407603,32.6,0.14823138652709433,38,vol_sale,153,2071456.3873077799,12,0.036680101372402414,0.08908652062849959,True,0.11144588122413102
23592,141,839133.3225818156,0.12516599534513828,0.6995866609319372,32.6,0.19350264457570598,55,sale_exec,165,839133.3225818156,24,0.14896731724041767,0.08926480379714544,False,0.22044766590710396
23701,141,811064.4779430707,0.13288048505424244,0.7695022304498293,32.6,0.16208584451808328,44,cured,142,,28,0.12047778904573693,0.05147640605391035,False,
24386,141,892343.676131962,0.140457472950278,0.8120858639458969,32.6,0.14342270510410926,36,sale_exec,166,791460.5817426996,25,0.23361290142151803,0.06818713126430867,False,0.33694127992082024
24738,141,485382.7188348431,0.12320966351287319,0.41232978736076203,32.6,0.6169933008275859,139,cured,146,,21,0.13767982856564212,0.0433857868634153,False,
25065,141,2158031.1559372633,0.13001816140951789,0.8914662075087116,32.6,0.09043517083461317,20,sale_exec,161,1987692.2510907059,20,0.11883906295967366,0.07028963978150565,False,0.2575156003664183
25087,141,1716076.012532332,0.12027513689747879,0.7200239628411165,32.6,0.09479080568653186,21,sale_exec,162,1334961.2420372304,21,0.3831078751093873,0.08293924331325908,False,0.3690771574927617
25333,141,461810.92025638296,0.13631704874173692,0.753516205289374,32.6,0.14342270510410926,36,sale_exec,165,429743.56861644,24,0.25001288119083026,0.07495956323552819,False,0.29040724827996967
25549,141,690789.5700670396,0.12450730024177024,0.6087618630232134,32.6,0.22410479776721282,64,cured,145,,26,0.39917247686072477,0.0794803104270472,False,
26201,141,321929.7904581558,0.11496258394049205,0.4285931567017297,32.6,0.5022628589573865,120,vol_sale,152,321929.7904581558,11,0.046336100086199906,0.05883660196149824,True,0.09956813139736564
26225,141,762975.4972437217,0.12299218317865829,0.6434257813188775,32.6,0.2100019122066501,60,cured,148,,20,0.22224966473886754,0.04430344393809186,False,
26892,141,981822.5490452496,0.1290149034185124,0.8121838061845833,32.6,0.11416352833715093,26,cured,150,,21,0.2388061660716179,0.06581394538946861,False,
27270,141,629738.320386966,0.13160632422768656,0.6721171553378651,32.6,0.12075029907034596,28,open,-1,,30,0.294915899160546,0.08832879140889313,False,
28604,141,1466290.2964025002,0.12089986851016449,0.500187972427267,32.6,0.06637996309195282,15,vol_sale,155,1466290.2964025002,14,0.05167815643939058,0.07576858045017425,True,0.13094081188570272
199,142,4511315.947937365,0.11983540193458536,0.711396978136552,31.9,0.12797736928173098,30,cured,147,,24,0.22762357236612912,0.06450479567483546,False,
1873,142,601866.4822300158,0.1280531875224186,0.3741677151376623,31.9,0.5677849300323958,131,vol_sale,151,601866.4822300158,9,0.2013474012892998,0.05128905613636911,True,0.09110988850243085
2391,142,1884822.4615383735,0.13198290992416858,0.734247905197064,31.9,0.14241700782177857,35,open,-1,,28,0.24389883095113066,0.054030980503414455,False,
2669,142,460782.9144836137,0.12336833831831008,0.45843044362069585,31.9,0.2517205186026634,71,cured,148,,14,0.0380040083368594,0.06265296688538716,True,
3375,142,823843.8167923833,0.11982021037472491,0.6207123423207803,31.9,0.1714522628912809,47,cured,143,,24,0.23140422152473678,0.0427721541459403,False,
4991,142,741423.856597675,0.14456941354026956,0.915020714924544,31.9,0.08037460355392523,18,open,-1,,30,0.2938704650319682,0.06641932950871958,False,
5550,142,761701.4092661875,0.12116151631245975,0.6965778994569767,31.9,0.27298094821279095,76,open,-1,,26,0.2527070703194977,0.05104463804319663,False,
5998,142,479485.7176158988,0.1351224025056681,0.3409436794266604,31.9,0.5556955206701171,129,vol_sale,157,479485.7176158988,15,0.08788584049284805,0.07828894390507252,True,0.15461162437453002
6801,142,569602.6176827422,0.1304539551423637,0.6641453198084926,31.9,0.11094244432889933,25,cured,144,,28,0.1524045112288624,0.077867858107592,False,
7128,142,1323520.8562926066,0.1290794783961662,0.6774249826071338,31.9,0.15470014892994555,40,open,-1,,29,0.09709279052878841,0.08849676067188653,False,
7391,142,1574907.018499652,0.12932485580433833,0.4831776783033417,31.9,0.4159331070260568,105,cured,150,,26,0.25992534293073066,0.0459399332785245,False,
7565,142,525090.6591354822,0.13756419656355937,0.7525397950387576,31.9,0.03678751231209776,9,open,-1,,28,0.20180472464339935,0.04914115664611783,False,
7896,142,707947.6086271355,0.1257232945711842,0.7051388190519864,31.9,0.22139089336720263,63,vol_sale,151,707947.6086271355,9,0.06522882575452747,0.06121294324647894,True,0.08953693453687739
8039,142,1103625.346740518,0.1224297037068421,0.7907707933361996,31.9,0.07027025178651214,16,cured,147,,23,0.34416723161348173,0.04555158212062238,False,
8270,142,3598998.560043719,0.136171249063498,0.5771690285056985,31.9,0.31165457125144913,84,open,-1,,29,0.23559967846764843,0.08834356561926192,False,
8407,142,2066724.3930970232,0.13611925600301578,0.7055880939748344,31.9,0.12483893761270504,29,sale_exec,161,1869363.474242234,19,0.3328037343900192,0.040426755024210496,False,0.2699745688928762
8793,142,731745.1066462215,0.12802891121597243,0.7163186571361476,31.9,0.041320831830060634,10,sale_exec,160,731745.1066462215,18,0.16415327661804108,0.06688930706878653,False,0.17388900096542825
10446,142,1303103.9498028057,0.12552417552150288,0.5196480214183568,31.9,0.1524202795449192,39,open,-1,,29,0.23572841778095377,0.0790915992845696,False,
10460,142,1517285.3271879083,0.12221843800955133,0.6886731268473955,31.9,0.30135913048194163,82,open,-1,,29,0.1727518794579978,0.07878214395112991,False,
11918,142,796742.891015521,0.13552932604037182,0.5411630710888213,31.9,0.4419968189578163,110,cured,145,,21,0.3278500966117955,0.08474125011652157,False,
12357,142,1710625.2275722425,0.12182950998833053,0.641402220182761,31.9,0.1475940554451931,37,open,-1,,28,0.3020474722582023,0.07058335827546103,False,
12526,142,2112733.542717156,0.1310271676179114,0.7292476005847562,31.9,0.12161888339706795,28,sale_exec,160,1922590.9005868286,18,0.3011390282549518,0.045851377781389674,False,0.2515751002297306
12574,142,2249405.1157829785,0.12622198146264432,0.6596580435824201,31.9,0.13400609297034372,32,open,-1,,30,0.283222629838053,0.07279414738671627,False,
12641,142,889548.4292516413,0.12805651906209764,0.3421811467759713,31.9,0.6166926924440903,139,cured,144,,21,0.23719815250197318,0.04425227397028422,False,
12832,142,1564888.4976092163,0.11464984083412426,0.725463296870848,31.9,0.09441321596305641,21,cured,151,,23,0.16380303663957257,0.04330601772935859,False,
13395,142,969105.236801201,0.1223659581550528,0.9591918758800769,31.9,0.07027025178651214,16,vol_sale,155,912343.1709032623,13,0.00878847528422062,0.0783166753802321,True,0.17489844532101595
13607,142,1220412.3128374477,0.12572968526776848,0.7796756657127963,31.9,0.1450490381995133,36,sale_exec,167,912910.0314703829,25,0.37725596981358034,0.05886517629716332,False,0.42355816876362173
14263,142,2997476.1779870926,0.1270422781416327,0.4850513045935614,31.9,0.22857048656532353,65,open,-1,,27,0.2197490398363513,0.07416791932581607,False,
17454,142,855514.0695007655,0.13496260977792565,0.5716549012392209,31.9,0.3895606960248075,99,sale_exec,163,855514.0695007655,21,0.14558641053689297,0.04355790732378955,False,0.2093234219575174
17594,142,2151498.777629939,0.1228893722970828,0.5856655380605665,31.9,0.13103335619862855,31,cured,148,,29,0.3672250058227022,0.06457819020337999,False,
18550,142,1305330.8488563797,0.12945341190067672,0.6435075989066542,31.9,0.2685817473929786,75,sale_exec,167,1305330.8488563797,25,0.2340566182813763,0.05715552451776301,False,0.23528363804243946
18892,142,544687.7041932071,0.11934520540633495,0.4870748385505421,31.9,0.4656400986186364,114,vol_sale,153,544687.7041932071,11,0.006750718577030148,0.0636410000323652,True,0.1031434375643907
19578,142,3323782.1782425204,0.11886469792039031,0.7601429849460293,31.9,0.13103335619862855,31,open,-1,,27,0.3101629904463742,0.05813592970731409,False,
19580,142,795936.9739928273,0.11608093612095645,0.4699714069718295,31.9,0.43645967326032054,109,cured,148,,26,0.32057195948529105,0.05794470114537801,False,
19808,142,677377.7461888877,0.11816120387246762,0.5321443420014181,31.9,0.38060853777692416,97,sale_exec,166,677377.7461888877,24,0.22567467237507977,0.06925199299087434,False,0.20956075664326967
19884,142,817309.6721503407,0.1362674608462117,0.4376358845750075,31.9,0.5921196444776486,135,sale_exec,164,817309.6721503407,22,0.23543572922374834,0.04808702774106528,False,0.21996452086107665
19978,142,1901851.3395308964,0.12106763852283847,0.9036390474384957,31.9,0.06028121380635332,14,vol_sale,151,1864396.9734125973,9,0.028294381470436832,0.07025453711035384,True,0.10437715135851466
20776,142,323164.98452929925,0.1270590200035468,0.5350198293421038,31.9,0.3393000274553746,89,open,-1,,26,0.28207474681561046,0.0761913275367633,False,
22031,142,609106.6799449095,0.1427677386640897,0.9102147912947915,31.9,0.08988607178297947,20,open,-1,,29,0.21766938738680888,0.053509236766306825,False,
22062,142,1749310.9543598888,0.12211804795865479,0.7145608363058957,31.9,0.09878474072064547,22,vol_sale,151,1749310.9543598888,9,0.0743004990396566,0.04604428058650403,True,0.08709700088520278
22368,142,2705253.0530366674,0.13816229562069113,0.9015162848028444,31.9,0.09878474072064547,22,cured,147,,27,0.26935577053492804,0.06149563516789264,False,
23601,142,635007.4462695156,0.11518076119885495,0.7330535391648183,31.9,0.06028121380635332,14,open,-1,,29,0.22623370209935165,0.08128221145593052,False,
23978,142,375828.85815954953,0.132337430674966,0.494579754460773,31.9,0.5137357672052203,122,sale_exec,167,375828.85815954953,25,0.38183213176813396,0.07317837890203249,False,0.23981528046206158
24049,142,1505547.0399665206,0.13820757968415393,0.42218166507232013,31.9,0.38060853777692416,97,cured,145,,24,0.27925450750394143,0.08384013189636891,False,
24871,142,1021502.8743899207,0.12596540507071774,0.908846556313767,31.9,0.10299829988128639,23,cured,144,,27,0.14635262357493553,0.08859733802846441,False,
26004,142,692071.8799795373,0.13075375323918703,0.6557886445606064,31.9,0.21441615189829233,61,vol_sale,151,692071.8799795373,9,0.009568296947057266,0.08627111079904892,True,0.0929293134555721
26239,142,586629.1173066448,0.12821898174300664,0.7824016871231521,31.9,0.08037460355392523,18,vol_sale,156,586629.1173066448,14,0.07424116904260303,0.05920993111141048,True,0.13825449320107253
27172,142,2115161.632086527,0.12097190818838698,0.6994082370925836,31.9,0.15914759403298562,42,open,-1,,26,0.3280176930196972,0.043146554703305404,False,
27429,142,1939629.0748083969,0.1303562186419544,0.6874684064606497,31.9,0.06028121380635332,14,open,-1,,27,0.30907095374292964,0.07196463306152975,False,
27704,142,1116054.7132289284,0.13969598232623504,0.9375710538199837,31.9,0.05063384103584334,12,vol_sale,156,1091799.773259336,14,0.0042018130083689,0.07223581418989675,True,0.16807225483663746
27939,142,2272731.7116128025,0.11865680432707555,0.7443430110640382,31.9,0.03678751231209776,9,cured,146,,24,0.28737071766513034,0.06818523039893169,False,
29821,142,993581.3137789216,0.12262289215006587,0.6231192302008437,31.9,0.21441615189829233,61,vol_sale,155,993581.3137789216,13,0.0952528460055205,0.07785163819385409,True,0.12380563068841022
719,143,1871215.859500979,0.12788244117305725,0.7621293631026057,31.9,0.13197189285360222,31,sale_exec,163,1871215.859500979,20,0.1831685303500924,0.05465170226889115,False,0.19104316375230512
1420,143,1388289.8669331623,0.1180278788793407,0.40240767344092415,31.9,0.4309244016187397,108,sale_exec,167,1388289.8669331623,24,0.4929240170885637,0.0484474809551029,False,0.20935201249567137
2093,143,1268985.9023539282,0.12700962405766492,0.8782637935800319,31.9,0.11487664185955548,26,open,-1,,30,0.3116833194766881,0.04519133217707054,False,
3067,143,3217927.0439225505,0.1147548415873598,0.6620579078795944,31.9,0.13802196615395212,33,vol_sale,153,3217927.0439225505,10,0.015187237677282141,0.040794406006582476,True,0.09078590397580866
3136,143,1003026.1358318441,0.13157785607484185,0.43970782737969777,31.9,0.6224179110914754,140,sale_exec,162,1003026.1358318441,19,0.1898132704329692,0.051055988896576726,False,0.18714109007478852
3378,143,1364087.933614638,0.12689619393241833,0.8770280104923319,31.9,0.12218813597629619,28,cured,151,,29,0.16746017984560835,0.05161695541223411,False,
3886,143,640604.8737344117,0.13008443529539812,0.5388297058737185,31.9,0.17827738357642664,49,cured,146,,19,0.3469419456099127,0.0606633638611935,False,
4513,143,2154900.0926708225,0.12916429499639173,0.8366960274363975,31.9,0.0982888782835829,22,open,-1,,30,0.2567994848686814,0.053277120031950044,False,
5950,143,1564150.8935380438,0.12002828630102412,0.8236815635981996,31.9,0.1565013631700951,40,cured,151,,20,0.17040963801228476,0.04071665045347717,False,
6043,143,3014450.7584995204,0.11668055464419454,0.6935995510684654,31.9,0.1989232428904295,56,vol_sale,156,3014450.7584995204,13,0.10413893956100817,0.07007155535247242,True,0.1182029506576141
6305,143,1202892.9857570322,0.12516120534191802,0.6895978165102433,31.9,0.14910401793456707,37,sale_exec,165,1202892.9857570322,22,0.26419578009074846,0.05429443682806305,False,0.20409369641344255
6344,143,1633466.870767534,0.12245283895511044,0.6459746266710479,31.9,0.15412405657845696,39,sale_exec,167,1633466.870767534,24,0.09853648343279531,0.07452283582524685,False,0.21624950534372833
8037,143,1404151.0846219035,0.11970068020682371,0.729315322416009,31.9,0.0982888782835829,22,cured,150,,28,0.23489346850134885,0.05217018803226657,False,
8478,143,842746.3643054025,0.12376291949499627,0.4670111454439325,31.9,0.5370979570951988,126,sale_exec,164,842746.3643054025,21,0.2883084625680147,0.04186836982092943,False,0.19384225805714095
8847,143,1749007.8038491497,0.12427002474507787,0.8014515891160233,31.9,0.0982888782835829,22,vol_sale,152,1749007.8038491497,9,0.02372919824108652,0.08449950275986033,True,0.08855427350833978
8868,143,1084212.9139281777,0.13800869187765005,0.8476436244581875,31.9,0.1565013631700951,40,vol_sale,152,1084212.9139281777,9,0.005165848027704791,0.07992865258114204,True,0.09779710340460313
8876,143,2052821.5227694507,0.12052735420414855,0.38098461441294434,31.9,0.38549770798358196,98,vol_sale,156,2052821.5227694507,13,0.19205253208056125,0.041487959737780605,True,0.12183425956428817
9801,143,1533726.6288588166,0.13582989603882253,0.8611582591479373,31.9,0.13802196615395212,33,sale_exec,161,1277340.6606158337,18,0.21487621921439765,0.07502391937995107,False,0.3199034689796889
10237,143,353975.62292670837,0.11801274939850194,0.8735634774426245,31.9,0.1350387019838768,32,open,-1,,26,0.24125579429490637,0.06852291995168332,False,
11102,143,1025343.9280687369,0.12074935284221384,0.5771721238564296,31.9,0.07406041625741455,17,open,-1,,28,0.26791593143107295,0.06125949783100394,False,
11824,143,2273544.6489358977,0.1264285550424665,0.8405489533252358,31.9,0.09374570205833099,21,open,-1,,29,0.28661007137302075,0.05779017331091733,False,
11895,143,336912.220449969,0.11994865513262926,0.6949968225532265,31.9,0.21192000278593537,60,open,-1,,29,0.2710099975534039,0.04421158053077329,False,
12788,143,606887.367857231,0.11286459988604527,0.4286882238983694,31.9,0.25615325568863634,72,sale_exec,165,606887.367857231,22,0.35005042709302603,0.053579944182116,False,0.18612738531023376
13441,143,1580587.293127472,0.11626724265137897,0.713157925976996,31.9,0.12218813597629619,28,cured,151,,13,0.0025264394555110027,0.07409348664093979,True,
15271,143,871810.077345778,0.11789701836517356,0.6977141260791114,31.9,0.18102394023298296,50,cured,144,,29,0.27056261043995045,0.08729014948598196,False,
16145,143,738396.6570459981,0.13353454679148144,0.7290370429101612,31.9,0.26446732148417973,74,sale_exec,161,737456.7753553158,18,0.21067399558898978,0.07939967752053344,False,0.18165333101377634
16320,143,831291.9165628768,0.11999569787285025,0.4416311970776137,31.9,0.5070628851479528,121,sale_exec,164,831291.9165628768,21,0.33509551001657517,0.07086399949791321,False,0.18856378277848773
16525,143,1500216.0982672567,0.12929317375744107,0.9424020135553604,31.9,0.05915284094724216,14,cured,146,,26,0.1623482557039119,0.07139652230736893,False,
17912,143,496625.9352750532,0.13445465746715915,0.6141430221863052,31.9,0.4161973124895757,105,open,-1,,30,0.25220109451721645,0.07026679402549088,False,
18013,143,702561.8586692336,0.11893000100471644,0.5102497473069331,31.9,0.42094737267201565,106,cured,151,,28,0.2621056057043185,0.07029771113348705,False,
18116,143,1498344.9481897997,0.13456400835134807,0.5881723833111087,31.9,0.1109720272560224,25,vol_sale,157,1498344.9481897997,14,0.0057106690667214355,0.06566706596407376,True,0.14454145531766038
18249,143,1342656.8755844212,0.11787546346752906,0.8860887534976776,31.9,0.04500847727570867,11,open,-1,,29,0.2643976437193862,0.04286244818566938,False,
19111,143,2046908.163003269,0.12200684217589358,0.7708685457251869,31.9,0.1565013631700951,40,vol_sale,156,2046908.163003269,13,0.11595646653789576,0.047797199815227745,True,0.1232265785620198
20092,143,508620.3907709922,0.12642658477473095,0.6729564627518418,31.9,0.08904876914935556,20,open,-1,,25,0.33046815428454607,0.05257548951221177,False,
20097,143,1016240.6400866887,0.13821793512018252,0.8222004201497183,31.9,0.17045560596520248,46,open,-1,,28,0.20549968595311988,0.05236798148898974,False,
20206,143,1672425.9919530468,0.1321370889346852,0.7077685960237937,31.9,0.1437347130484119,35,cured,152,,23,0.19138142180196016,0.04591931853505653,False,
20849,143,1169034.4890754116,0.1326482210130044,0.718304152696017,31.9,0.18968736550903698,53,open,-1,,29,0.22067605829521933,0.06725036600520898,False,
23208,143,981935.5906590034,0.12089796585161854,0.6277276086940609,31.9,0.3709642400244537,95,sale_exec,162,981935.5906590034,19,0.1694234673342801,0.04712555722232381,False,0.17342443344128067
24994,143,804692.5590079062,0.1269616956687795,0.8250883097480585,31.9,0.0982888782835829,22,open,-1,,28,0.23025091313479723,0.0838124553197151,False,
25955,143,3240869.9668861083,0.12039082763594192,0.7580170565804514,31.9,0.13197189285360222,31,sale_exec,166,2965450.7035794794,23,0.2528594055427967,0.07541420447228683,False,0.27269695163186725
27598,143,1109363.1755000583,0.1417249983291355,0.6568011038290279,31.9,0.32162735133609743,86,cured,145,,24,0.2628165010196099,0.06888853248010754,False,
27774,143,2035887.9824208259,0.12415312941973107,0.6344541288891182,31.9,0.21871678245784687,62,cured,151,,13,0.038021102460742966,0.05300312449164132,True,
28116,143,884367.8685309888,0.11744684481769636,0.49179564362343553,31.9,0.5010372145809556,120,cured,149,,28,0.14380688290546972,0.08802501978933178,False,
1049,144,1380182.1275566225,0.13104448827980936,0.8143229350038916,31.9,0.026579669902327074,7,vol_sale,156,1380182.1275566225,12,0.055093846547370186,0.04937095853113069,True,0.12219791615417919
1339,144,2615807.8066691346,0.11986318955394012,0.7862752907398112,31.9,0.13893685539537182,33,open,-1,,24,0.17348241836695402,0.07570566474030871,False,
2636,144,1115531.0728566067,0.1324006070030046,0.6542476632996861,31.9,0.10646289120850283,24,cured,147,,18,0.13549450229435653,0.07769150673609718,False,
2721,144,1190190.8063109214,0.13644298338473854,0.8543258640979228,31.9,0.15040005434660597,37,sale_exec,166,1160421.6641613222,22,0.13218116582246292,0.0422380560620715,False,0.23971676935054143
3050,144,1291409.7929134516,0.12159719430346916,0.5391535375158328,31.9,0.2030408000461681,57,vol_sale,156,1291409.7929134516,12,0.015444136460105494,0.08456932621922307,True,0.1139529682504421
3922,144,881597.4089526423,0.13052791689972829,0.9198428412308515,31.9,0.04403243504213372,11,open,-1,,26,0.10112234669007215,0.044274146741856986,False,
5290,144,1604075.641710305,0.11761589228289135,0.7431343026698506,31.9,0.0627903735291857,15,cured,151,,26,0.29744024372444255,0.04234020595501355,False,
5488,144,672159.9790852463,0.11860092839981538,0.8657842312200333,31.9,0.03514625599507859,9,cured,145,,12,0.04380572844375311,0.06343447764538708,True,
5564,144,1656405.4819917653,0.13484537251615786,0.693914372210605,31.9,0.27309116577017023,76,sale_exec,165,1656405.4819917653,21,0.0886565476223097,0.04551928869593697,False,0.20916298975455772
5658,144,4695171.157509683,0.13747763360011708,0.653959727743101,31.9,0.11070589411742837,25,vol_sale,156,4695171.157509683,12,0.02365134858628149,0.06388792257359974,True,0.1277647356636915
6103,144,2540379.093593886,0.11942859329946234,0.5746369988106848,31.9,0.1260421556700293,29,open,-1,,30,0.11620566641388373,0.07066526026980417,False,
6354,144,1247351.5204635211,0.13156693550084017,0.724894102758508,31.9,0.18508002439436866,51,sale_exec,167,1247351.5204635211,23,0.18793827320813625,0.04870176132754976,False,0.22182013847160986
7060,144,666657.298532524,0.11862779347113847,0.4754512130832421,31.9,0.4035606699332248,102,sale_exec,163,666657.298532524,19,0.1220921241157794,0.0673308565759289,False,0.17047747563842286
7289,144,980541.1001802088,0.10999999999999999,0.5590298073648974,31.9,0.14193036522612945,34,open,-1,,29,0.17145043800831083,0.06106142382618464,False,
8025,144,887862.8603259742,0.12317294914334212,0.7731926644019218,31.9,0.1999032422187581,56,vol_sale,156,887862.8603259742,12,0.02475072363635562,0.06424086651346962,True,0.1153339881092661
8045,144,1955422.2909918402,0.13800548887275657,0.3998444408318553,31.9,0.5001403730908551,120,open,-1,,28,0.19204965035146768,0.0493458957349219,False,
8383,144,911965.1394970232,0.12990209489999624,0.5903470658504412,31.9,0.3992707472665935,101,cured,151,,26,0.1896114189518224,0.0767203264507122,False,
10570,144,1826493.6907671224,0.13325158956752145,0.7119193784310485,31.9,0.05797551992903416,14,open,-1,,30,0.2521551097460221,0.08618606075992812,False,
11323,144,820772.3189635299,0.11728570634120389,0.6860258306383628,31.9,0.15040005434660597,37,sale_exec,164,820772.3189635299,20,0.2150912243424043,0.0833234634166908,False,0.17677611742185395
12135,144,554957.5820151964,0.11803833937384683,0.9831391698794008,31.9,0.03954898857650746,10,cured,147,,27,0.2482798273231463,0.06882767900588235,False,
12581,144,1488825.643779785,0.14146649735059885,0.5524676386734062,31.9,0.38553464917140046,98,open,-1,,24,0.19712295694936843,0.06774737523898508,False,
12715,144,964419.701589418,0.11930001822703239,0.8323309603932547,31.9,0.1260421556700293,29,open,-1,,29,0.25468913040672664,0.07077522938091212,False,
13229,144,1550289.815742737,0.12670705919404354,0.6377706120633877,31.9,0.15040005434660597,37,cured,148,,20,0.22794668654128183,0.05570949415685181,False,
13263,144,1892817.9051445974,0.12916421436725292,0.6895007623563488,31.9,0.14193036522612945,34,vol_sale,158,1892817.9051445974,14,0.041327428938134556,0.06036878572640468,True,0.13919420550156558
13560,144,811259.3602536413,0.12829688129387373,0.6288440832007797,31.9,0.03954898857650746,10,open,-1,,27,0.2891798253847236,0.07679263025989297,False,
13693,144,791587.7808981657,0.11588122014286374,0.9194743148363983,31.9,0.08290996761340019,19,open,-1,,24,0.24271896324396924,0.05444916956412166,False,
14568,144,513515.2508919475,0.1291714813979819,0.7492576506416165,31.9,0.018373514489397724,5,open,-1,,30,0.1782501416417457,0.06904905674072938,False,
14960,144,2629622.3998200204,0.12864579018867758,0.8528072848972547,31.9,0.06769030715953717,16,open,-1,,25,0.30618088988453407,0.05947330737727106,False,
15359,144,246249.96447567566,0.11835395231800011,0.3075149005582036,31.9,0.6342328355384004,142,open,-1,,25,0.3517766521847658,0.059024953671987485,False,
15508,144,505768.08176578855,0.12374823969727645,0.6832317978655904,31.9,0.15305047697587093,38,vol_sale,154,505768.08176578855,10,0.1281268802034209,0.06394323507689012,True,0.09750798587598575
15926,144,330029.0321671491,0.13786039420654156,0.6756290545592567,31.9,0.09278897568797295,21,open,-1,,27,0.1565059689615072,0.07975925153014436,False,
17366,144,879785.5896031627,0.1375437982373918,0.555615717748959,31.9,0.32616632094068554,87,sale_exec,166,879785.5896031627,22,0.2901953981376766,0.05687458340118519,False,0.22176709140301498
17452,144,364584.0695328532,0.11586463088658223,0.3794020414906553,31.9,0.5909666874452495,135,vol_sale,153,364584.0695328532,9,0.1132762334841669,0.0888001617150909,True,0.08284760789002743
17950,144,1955545.2639621764,0.1447390598181755,0.5411042352099789,31.9,0.14766273186021284,36,open,-1,,25,0.2991389534579106,0.05625690723014408,False,
18081,144,515757.8786726154,0.13016042090032298,0.6031905123340541,31.9,0.348658864339521,91,open,-1,,27,0.437564910584086,0.0871222654581158,False,
18532,144,1221531.5524989169,0.14074284052426012,0.7230310900465312,31.9,0.10206081886164875,23,sale_exec,167,1221531.5524989169,23,0.1439915483959665,0.08469026846769673,False,0.23523557964556507
18662,144,1283981.768364439,0.12783277542881624,0.7709585561903867,31.9,0.2263884578462756,64,cured,149,,20,0.17247616725986575,0.043776931126099955,False,
18773,144,1298527.2700004796,0.1196049006055393,0.5736804227813845,31.9,0.18508002439436866,51,sale_exec,162,1298527.2700004796,18,0.16231784675449976,0.06665332653340363,False,0.16349197454572761
18811,144,2789116.878870013,0.11580974770468645,0.8473745987671505,31.9,0.09278897568797295,21,cured,152,,22,0.347810669213861,0.06106114286751045,False,
19205,144,852563.7567702612,0.13618193910242138,0.5290022095287459,31.9,0.3543235147882384,92,cured,149,,11,0.2967718457490881,0.05426105220518082,True,
19669,144,1602989.3047716965,0.11998481568840268,0.7642943430115574,31.9,0.14483924942520843,35,cured,148,,27,0.12356789497755125,0.0872077879979285,False,
19883,144,1668515.6820802577,0.13630536252628306,0.8311354388755146,31.9,0.14193036522612945,34,cured,149,,25,0.14325876771625237,0.05744577878737565,False,
20465,144,1968780.8746348023,0.12692340770850058,0.6814550890717724,31.9,0.14193036522612945,34,vol_sale,154,1968780.8746348023,10,0.01938091381730542,0.07533361869308275,True,0.0998681804216458
21943,144,1021040.0343135878,0.13973027413102046,0.690060676280291,31.9,0.2371555612675822,67,open,-1,,28,0.2511592316702693,0.06324120018349834,False,
21961,144,1687109.992777117,0.12208935148100411,0.8249188513599134,31.9,0.15808775633651462,40,vol_sale,159,1687109.992777117,15,0.09761680369989531,0.08038358931268447,True,0.14087476068171023
22471,144,1357737.6395745154,0.12102353759026077,0.634681253481431,31.9,0.14766273186021284,36,sale_exec,165,1357737.6395745154,21,0.1476039900423537,0.05842682643314029,False,0.19000753129751136
22704,144,1360920.585796503,0.12639164201172323,0.7342537597275115,31.9,0.16497451487532722,43,sale_exec,165,1314618.2507977842,21,0.2417251336494649,0.06632020695179697,False,0.22480735643998184
24052,144,480585.8532336818,0.13308561265809493,0.9498470679015886,31.9,0.09278897568797295,21,cured,152,,20,0.312624193717213,0.07116198971558421,False,
25035,144,6050209.380636184,0.12395859080533281,0.8658324979273566,31.9,0.0879241066384926,20,cured,145,,21,0.2807448395304929,0.05510650990214256,False,
25305,144,903661.5774884919,0.13488959322623909,0.47858621560367365,31.9,0.5363626774255077,126,sale_exec,167,903661.5774884919,23,0.1688135479608447,0.0727834254093131,False,0.22670610041790873
25430,144,717088.7551494943,0.1375139098446625,0.8841624864940975,31.9,0.10646289120850283,24,cured,151,,21,0.14004007016269004,0.06996677919059922,False,
25777,144,1704856.79031978,0.12361383251222995,0.4797397707291242,31.9,0.09750203964605797,22,open,-1,,27,0.2931502647557229,0.06831590713618857,False,
27038,144,1208960.4358673135,0.12074995903159962,0.5810641671488798,31.9,0.14193036522612945,34,open,-1,,25,0.13565436455944177,0.07212884112334063,False,
27375,144,611276.2782003128,0.1252764166299445,0.47835924665306984,31.9,0.41200030322854375,104,open,-1,,29,0.3486547524077257,0.0754341708801965,False,
29140,144,752865.4213882777,0.10999999999999999,0.4665721940064971,31.9,0.4940830622813459,119,open,-1,,25,0.14027782353658377,0.05006751750476551,False,
29523,144,1615130.1321934254,0.12369911638048636,0.9398611488269671,31.9,0.04403243504213372,11,sale_exec,166,1181377.8067647212,22,0.25042758560913064,0.06721545150861272,False,0.4162923159396431
29525,144,826878.9567583357,0.11879518528400321,0.7555594835177594,31.9,0.15808775633651462,40,open,-1,,24,0.07361222608777226,0.04995011945013815,False,
506,145,1251891.8558546072,0.11798282615208139,0.7132360969325533,32.1,0.1427264601823468,34,sale_exec,166,1082641.7552933597,21,0.3294048631185742,0.07361356232673076,False,0.29581440025767347
1143,145,1934140.4719700103,0.13420190950397046,0.5880372768932415,32.1,0.1688507552282157,44,sale_exec,164,1934140.4719700103,19,0.10651213373308098,0.08253002454195879,False,0.19047447283604646
2096,145,2786599.563254106,0.11917166908064045,0.5635329468595301,32.1,0.118496778875399,27,sale_exec,167,2786599.563254106,22,0.21260501150657654,0.08909904083733272,False,0.1953948802696932
2097,145,827126.2817988979,0.14102630579590295,0.4975709347770852,32.1,0.4569047955049763,113,cured,149,,29,0.3078194673589234,0.049205244141331705,False,
2311,145,1421429.7684236055,0.12134341940092956,0.6803858939072441,32.1,0.1542278008386404,38,sale_exec,166,1421429.7684236055,21,0.16695346761560406,0.07735067006744573,False,0.1904563019613732
2316,145,1471789.6307117415,0.12041778904894777,0.5622382363353675,32.1,0.19476635376323626,54,vol_sale,158,1471789.6307117415,13,0.02085965456803471,0.05719424312211868,True,0.12173105515175686
2817,145,651775.2251832316,0.1345484502610073,0.7709866143102077,32.1,0.13321465655599907,31,open,-1,,25,0.31212969561502824,0.07428061889486504,False,
4269,145,642801.7183856175,0.1269140832236712,0.5584025267883185,32.1,0.42116543229422,106,cured,153,,20,0.18993279809623717,0.06375739463364385,False,
4379,145,295736.1075602001,0.13356211265573134,0.5478975408153671,32.1,0.336052845079289,89,open,-1,,26,0.34728102172562547,0.04089144961845973,False,
4581,145,741682.233770633,0.13819420902102933,0.6751926936668284,32.1,0.18625800273930526,51,vol_sale,154,741682.233770633,9,0.0857004389340006,0.06585556127756345,True,0.09792119722141868
5345,145,2165294.67901262,0.12073905463875931,0.6088848056358114,32.1,0.1427264601823468,34,cured,148,,24,0.11202148366511575,0.08569869442003682,False,
5396,145,1364480.8791564219,0.11965936054619179,0.8760528222980679,32.1,0.11014444479882757,25,open,-1,,30,0.33026232902644587,0.0667158045843588,False,
6396,145,322370.6287215727,0.12287133632986941,0.8820200165660453,32.1,0.08133516094788451,19,open,-1,,24,0.16497506938392356,0.05196315926885979,False,
6657,145,725564.103046205,0.13571442812456894,0.5509621146484961,32.1,0.4746963058301954,116,sale_exec,165,725564.103046205,20,0.2594557534353651,0.06935176103018884,False,0.2014208718056385
6687,145,367522.2192921432,0.12339441247112387,0.306713878860288,32.1,0.6459581652754083,144,vol_sale,159,367522.2192921432,14,0.13426737990503101,0.07050197123673729,True,0.13344094744739776
7746,145,1871250.859672576,0.12222530418912204,0.7916649012241371,32.1,0.014024267497083631,4,vol_sale,157,1871250.859672576,12,0.01970482336845348,0.08617782466907037,True,0.11450373477523001
8248,145,1174274.6937199975,0.1253246755431032,0.8386470251031618,32.1,0.15148137041061815,37,sale_exec,166,917748.2630181571,21,0.2818575738521048,0.07312955215771709,False,0.3716535980896114
9362,145,1405580.8381045123,0.13068782029093465,0.9002703183787354,32.1,0.10572772535862573,24,open,-1,,26,0.24812785079437183,0.0884791514373257,False,
9732,145,699947.0735298172,0.1184975560554848,0.3671977406009661,32.1,0.6334067492478637,142,sale_exec,164,699947.0735298172,19,0.22750570012200752,0.08049739278867447,False,0.17030807666232384
10111,145,1059882.528626247,0.12750936302067908,0.7068766867874491,32.1,0.08651315314356367,20,open,-1,,29,0.20336962560011962,0.07767970227344656,False,
11456,145,1016573.5536805332,0.13147743049928326,0.6419381190125187,32.1,0.1542278008386404,38,open,-1,,29,0.14297000804319465,0.04813762016942601,False,
11733,145,726016.4267166124,0.11863739487953576,0.5287714574217263,32.1,0.4082307622288528,103,open,-1,,28,0.19415309645031692,0.04952438348368957,False,
13114,145,1607541.0787558514,0.11570743585080333,0.8321206984760108,32.1,0.07624538390693125,18,sale_exec,167,1534882.1108396773,22,0.1378398746724997,0.0811957651407795,False,0.2269149954964148
13137,145,2263213.2075985386,0.12832779605326988,0.7992558663477383,32.1,0.16194108225564707,41,vol_sale,158,2263213.2075985386,13,0.02934747625278677,0.053208993641769065,True,0.12914839363436403
13880,145,1514455.3240436304,0.12869746308200503,0.8663161227757411,32.1,0.10572772535862573,24,open,-1,,25,0.31557377279967735,0.08782390094566953,False,
14003,145,822588.9607491787,0.1200049969030395,0.7645845883678294,32.1,0.17838324725617927,48,open,-1,,24,0.19263406001324612,0.07317127354843692,False,
14735,145,2486266.0206479966,0.1346937678996137,0.5442004597738881,32.1,0.21024064492171224,59,open,-1,,25,0.2831955952754383,0.08386592178456659,False,
15129,145,1086572.5767451748,0.12089504643771867,0.7157565552993317,32.1,0.24127197089556351,68,cured,148,,21,0.15064366391656456,0.059849903141366644,False,
15351,145,719146.951759871,0.1300458822390451,0.7480982489501793,32.1,0.23401815200872522,66,sale_exec,165,719146.951759871,20,0.1796889911522497,0.043296604127775064,False,0.1939238919429468
17101,145,1873808.5969853695,0.12317383881044792,0.8764910889212363,32.1,0.061495740629446516,15,open,-1,,28,0.29021472511263224,0.06418428021942843,False,
17251,145,1368380.7332237922,0.12344864782481417,0.7763137220287224,32.1,0.16194108225564707,41,sale_exec,166,1368380.7332237922,21,0.16006084613985927,0.07031517333981227,False,0.1934032919750226
17445,145,1897637.0754884407,0.12808864909503312,0.6732493871063076,32.1,0.1542278008386404,38,open,-1,,23,0.4452313892556685,0.06375264170857772,False,
18053,145,583553.2630109737,0.12772231742416337,0.5521095756521829,32.1,0.2952841867753597,81,open,-1,,28,0.3048692257561413,0.07792964102456516,False,
18265,145,1221647.10712003,0.12193940470365212,0.7125315212703537,32.1,0.021761966735152738,6,vol_sale,155,1221647.10712003,10,0.08453988480388291,0.06603465878157136,True,0.09616038323759524
18513,145,1256846.9925282814,0.1271131552778644,0.551188054225193,32.1,0.21678270199901983,61,open,-1,,28,0.20422040224153218,0.06398428785133836,False,
18535,145,411777.44057876884,0.1314892893676916,0.8280082686417076,32.1,0.16194108225564707,41,open,-1,,30,0.23339695627950038,0.0805931889945192,False,
18657,145,1269858.011091211,0.12000728592085717,0.42337590167547495,32.1,0.4406162304354204,110,sale_exec,163,1269858.011091211,18,0.19460062836703404,0.0706549729951815,False,0.16399173202852813
18981,145,612210.4457917116,0.1240387597040491,0.32956304997946256,32.1,0.38526685846454867,98,cured,153,,29,0.3870621503772523,0.06311899025072393,False,
20493,145,3082833.485673017,0.12541364920707168,0.8636292262697985,32.1,0.13321465655599907,31,open,-1,,27,0.19182645256182815,0.08168873857644571,False,
20682,145,5363282.873375216,0.13362125972514038,0.7861611485705525,32.1,0.12242783991893247,28,open,-1,,26,0.2097427432827482,0.0551507678260167,False,
21519,145,836844.6198405742,0.13937606799679772,0.6953311028043347,32.1,0.1364680010619448,32,cured,147,,27,0.2775419006193379,0.04633450549708199,False,
21582,145,737660.5744645899,0.12294042957088747,0.4057579730482694,32.1,0.6334067492478637,142,open,-1,,26,0.297082162902718,0.04456898432971646,False,
21770,145,2990057.529611734,0.12822867245519506,0.7472168354416657,32.1,0.10115377763614486,23,sale_exec,166,2723822.690918749,21,0.2523459033401508,0.0877131549063992,False,0.2712802445072685
21790,145,2013417.5222528006,0.12520682587981816,0.9081772446636852,32.1,0.14572993037142545,35,sale_exec,165,1425491.5920589948,20,0.276861035471604,0.08529559246722243,False,0.42472880210978714
21875,145,1832537.904843227,0.11944459416792182,0.6877667922372827,32.1,0.13963887917266993,33,open,-1,,26,0.20691954163436613,0.08553061494449549,False,
23126,145,1402195.2347973345,0.12731674673001286,1.0122187381678005,32.1,0.01783173816865924,5,open,-1,,29,0.3378350672333712,0.06655060958772967,False,
23131,145,1932541.001359692,0.12473841022418387,0.8273631325523468,32.1,0.025816124762897852,7,sale_exec,164,1932541.001359692,19,0.10420923572426091,0.05363999531115257,False,0.17838473043048986
23733,145,2520905.828434421,0.11812871099876772,0.8057711679186293,32.1,0.12619256941180867,29,sale_exec,163,2520905.828434421,18,0.14217616474512043,0.04532924764203056,False,0.16165586349185268
24075,145,2193147.434920515,0.1311778313698701,0.6634398736276624,32.1,0.09642503181681161,22,open,-1,,27,0.20027651741063876,0.05892529950470588,False,
24381,145,563203.7883502676,0.14282854042564863,0.3299510405411171,32.1,0.462666144186038,114,vol_sale,159,563203.7883502676,14,0.005376074430113678,0.0507968630032908,True,0.15265676483868929
25107,145,527413.21337356,0.12191234514076403,0.7703375985374892,32.1,0.12978885569404564,30,open,-1,,29,0.26747702144604374,0.0402380716932425,False,
25141,145,700635.8458239621,0.1272522850203362,0.5531994603437107,32.1,0.16194108225564707,41,cured,153,,14,0.08185480540414612,0.07195162570577522,True,
25989,145,953366.8794690224,0.13732950515743234,0.5398744079421889,32.1,0.20704369902444242,58,vol_sale,157,953366.8794690224,12,0.15094762812726245,0.05712531562679157,True,0.12763698612115248
26298,145,2017681.6564360913,0.11780196209901139,0.9017392404649734,32.1,0.10115377763614486,23,cured,147,,10,0.005065459204323666,0.08549350336024704,True,
27142,145,1504010.7791165248,0.13326295225928653,0.7479950763072577,32.1,0.0712428520436994,17,open,-1,,28,0.1344361906567313,0.06316235759505492,False,
28130,145,2174748.696230163,0.11963460719966573,0.6215654131007465,32.1,0.16433449064029748,42,open,-1,,30,0.08869781829429194,0.06259128214499421,False,
28233,145,1133073.6930622214,0.12148149963348176,0.7934885172946182,32.1,0.16663793028489393,43,open,-1,,30,0.09227023095215262,0.04140974503233031,False,
28365,145,1730145.3575234062,0.1426037062642826,0.7792093158467434,32.1,0.16433449064029748,42,cured,154,,19,0.282271826141299,0.07073388236273603,False,
29030,145,994232.5182077213,0.13773051187028132,0.8430198757617567,32.1,0.16194108225564707,41,cured,152,,21,0.13138745563891752,0.046949353786634215,False,
29568,145,1786058.8091875643,0.12757801350487294,0.7209200046798657,32.1,0.2646613378122469,74,sale_exec,164,1580950.8410934254,19,0.29395933957264575,0.08878856267914476,False,0.2759662296870511
346,146,453385.4164088506,0.11456293830842047,0.939587067298163,32.1,0.07469239366063563,18,cured,152,,10,0.021195133137304995,0.0846922381327182,True,
476,146,523222.00625743944,0.12726133676633977,0.8326827280898597,32.1,0.025052173451707738,7,vol_sale,158,523222.00625743944,12,0.03330497613575115,0.0577296589388029,True,0.11890626253806547
1044,146,489885.2540789508,0.14079084924883076,0.6274330076217685,32.1,0.0950588896839426,22,open,-1,,29,0.34858250037213173,0.06941729656252718,False,
1110,146,2101347.14355579,0.1173754953492098,0.6893518491952819,32.1,0.14640618833516772,35,open,-1,,27,0.284678347288955,0.04386034989424795,False,
1544,146,1465377.7516628308,0.1254576407083748,0.6091828391813089,32.1,0.16319197806928143,41,vol_sale,159,1465377.7516628308,13,0.002355858914731435,0.055393017862281936,True,0.12646483141430065
1636,146,1031546.4352548815,0.11155786312918323,0.7893913129050261,32.1,0.15234729122400892,37,open,-1,,24,0.23808149428853806,0.08302267859388023,False,
2308,146,1165774.0763744896,0.11919599728785844,0.6504970868464974,32.1,0.04193491332123589,11,cured,153,,19,0.32164139246695994,0.0860966788541621,False,
3779,146,1139337.673653153,0.12571804903804432,0.7070630727326693,32.1,0.12604220386863974,29,cured,148,,15,0.000289328684820057,0.06118504124468572,True,
3852,146,2057282.9763312114,0.12703191270785183,0.6665285056183637,32.1,0.3139906891870463,85,sale_exec,166,2057282.9763312114,20,0.24746912676516314,0.05633467378044421,False,0.18990768485963783
3920,146,2580807.119041704,0.12406641578930801,0.7404372507822924,32.1,0.08481720111499502,20,open,-1,,26,0.09512374253473643,0.08011321007526342,False,
3995,146,932229.5513292655,0.13842269704310406,0.7398513489600518,32.1,0.07971103432853233,19,sale_exec,165,815925.4947745278,19,0.28934130993882184,0.07865734004225333,False,0.296136520840231
4438,146,669782.5046942867,0.13173149402461137,0.6474597768732003,32.1,0.1494193300897484,36,cured,155,,24,0.36419638387639186,0.06989532495097792,False,
4565,146,1219022.2774790574,0.12624331647950704,0.6112077283040669,32.1,0.3403551093910038,90,open,-1,,30,0.3220190185525582,0.08066679752972422,False,
4644,146,1451883.1738865771,0.12961035667732373,0.6554158698424819,32.1,0.2687337121648887,75,cured,151,,12,0.02485319740640049,0.07950098948784934,True,
5359,146,2481693.160851806,0.12090676064211946,0.7771648679280134,32.1,0.1928519717333017,53,vol_sale,159,2481693.160851806,13,0.00682830586225648,0.04676386209896191,True,0.12219153887214385
5572,146,2021549.4474501747,0.13590226264123764,0.6761759754585198,32.1,0.09995566333504047,23,vol_sale,160,2021549.4474501747,14,0.009944895871073231,0.08425873161328071,True,0.14586117688677125
5600,146,1734395.3794598095,0.12698787586274815,0.6292983873814626,32.1,0.21093053706989773,59,sale_exec,167,1734395.3794598095,21,0.1006944751928337,0.06304178979585819,False,0.1983323548634638
5821,146,3194536.216305833,0.13509862856091986,0.6456900802035372,32.1,0.0950588896839426,22,open,-1,,28,0.27221787958837335,0.0561041445272563,False,
6767,146,2762666.0242216084,0.13997255446588364,0.529202321647656,32.1,0.16061236933902,40,open,-1,,25,0.17515712072107079,0.08538571933545286,False,
6789,146,1148086.7099838518,0.12129968661175984,0.6975143955998473,32.1,0.1494193300897484,36,vol_sale,161,1148086.7099838518,15,0.013096583795681025,0.042541592524707544,True,0.14003483777273806
6938,146,447555.09174452117,0.12013582387883066,0.9172896101742092,32.1,0.07469239366063563,18,open,-1,,22,0.2541819260636252,0.04742577003557705,False,
6981,146,1000658.5037628189,0.11772561362524804,0.9352004264441365,32.1,0.07971103432853233,19,cured,155,,25,0.4119445722151008,0.06800440927489929,False,
7686,146,3163715.167530366,0.13529622459866072,0.7657027094491944,32.1,0.16061236933902,40,cured,147,,14,0.024855611531064765,0.058921448399215114,True,
7816,146,805617.6361019652,0.11658676667102742,0.6183930112947736,32.1,0.18217779491113517,49,open,-1,,22,0.248870128042334,0.0665483891282034,False,
8155,146,938067.8522970916,0.11289297916833584,0.37377958616317253,32.1,0.5646395723728368,131,open,-1,,25,0.3174259761532395,0.05018344640073097,False,
8558,146,449803.71633131115,0.11713820201571024,0.4278871999892983,32.1,0.45598381311606917,113,cured,155,,24,0.30373957692691045,0.066169971042811,False,
8655,146,2604848.40296772,0.13314435557947646,0.8381494769200245,32.1,0.13342692307403525,31,cured,154,,29,0.3535920646666038,0.04891703705807128,False,
8733,146,462862.42139956885,0.12389326789330664,0.6482252578218746,32.1,0.12981905628120427,30,open,-1,,24,0.42117134065050715,0.05728571257142556,False,
9480,146,1012592.0371658199,0.12884438190015635,0.6810201382657604,32.1,0.17261460701630904,45,open,-1,,30,0.2611450095020664,0.08965952505352572,False,
9903,146,1762793.2250156726,0.12733359587563936,0.8247826305110991,32.1,0.06491389527712155,16,open,-1,,29,0.07088503030722064,0.05664212560696827,False,
9966,146,574385.7209583496,0.12572398772666227,0.7604108130779035,32.1,0.1656826839961134,42,cured,149,,20,0.35167757699287794,0.0773076234565028,False,
10034,146,1524744.0263613237,0.12107064129559783,0.7981246066459738,32.1,0.05547430507669193,14,open,-1,,24,0.2273783903145601,0.051127425365185906,False,
10038,146,1094147.7155791938,0.12468269453454019,0.7441688626700549,32.1,0.14330866491218242,34,vol_sale,156,1085415.366703726,10,0.20687593129286216,0.0479890287048472,True,0.10540050258321698
10151,146,1310005.5388427267,0.12786120419211863,0.9004158803337967,32.1,0.10469963633229007,24,open,-1,,27,0.08601483216693254,0.08209323483994756,False,
10319,146,932359.0503160867,0.13414200878046761,0.6874208286907514,32.1,0.1494193300897484,36,cured,153,,20,0.15617783722782727,0.05825643491979656,False,
10407,146,952492.8479264267,0.11845844938463695,0.6911099703577176,32.1,0.15234729122400892,37,vol_sale,159,952492.8479264267,13,0.050342178834246146,0.0862769789222228,True,0.11988325676869238
10408,146,854510.1360406781,0.13153476561446775,0.5093162190023666,32.1,0.40398286343471446,102,open,-1,,27,0.2787562947014405,0.0490007741555767,False,
10697,146,1384705.2516003102,0.1311138890125878,0.7753768222380348,32.1,0.14330866491218242,34,sale_exec,167,1219104.6375968237,21,0.2577014934601209,0.07376408928206879,False,0.2992299514180551
10713,146,1655943.9267231654,0.14053175438994164,0.746971999906379,32.1,0.14330866491218242,34,open,-1,,28,0.2123877715470041,0.05946384617932801,False,
11928,146,899057.2429050291,0.12939437402109144,0.5795626651107474,32.1,0.201602161776415,56,cured,154,,12,0.1813854158225437,0.05473791217596374,True,
12246,146,467130.72462015424,0.13856328642881297,0.4113773531623761,32.1,0.5221562178664874,124,cured,151,,20,0.23612947949539656,0.08534494431965949,False,
12388,146,441690.9022794336,0.1383323197101024,0.802779197771093,32.1,0.1656826839961134,42,vol_sale,160,441690.9022794336,14,0.015336862285796414,0.05874835389210123,True,0.14825200797112825
13188,146,864569.1377649085,0.1180734759589752,0.5888744765743698,32.1,0.36320538843402206,94,open,-1,,27,0.19143332232603774,0.07593063009529777,False,
13912,146,4111975.337943252,0.13791264646190435,0.7889337372572524,32.1,0.15234729122400892,37,sale_exec,166,4111975.337943252,20,0.14721212383838508,0.05758170149147386,False,0.20430841003302713
13987,146,672211.4041696403,0.14017204404648007,0.535724061862255,32.1,0.33486353513454126,89,vol_sale,161,672211.4041696403,15,0.058302661812142914,0.05694647998017651,True,0.159870818240737
15380,146,376518.8028813444,0.12181044543753564,0.6615326095398248,32.1,0.2994551706932609,82,open,-1,,22,0.2287097657769302,0.0494702115135184,False,
15537,146,292286.8454712724,0.14672322585992256,0.6783621989152899,32.1,0.13686375546130747,32,sale_exec,165,242189.2092930692,19,0.39578483245015855,0.05593476824391033,False,0.3422427953567987
16289,146,2341320.018171966,0.12299992893603937,0.8185622395020045,32.1,0.14640618833516772,35,cured,154,,10,0.2502576686329765,0.04858555400042748,True,
16427,146,700824.9347203601,0.13428493741138708,0.85566945813121,32.1,0.08481720111499502,20,vol_sale,159,699636.4690149379,13,0.05910182673262387,0.08161304910972306,True,0.13615735916809957
16802,146,1357086.2283900916,0.11965334207118328,0.8431441164498328,32.1,0.14640618833516772,35,cured,149,,9,0.03220980275361382,0.07584708995246611,True,
16842,146,2290014.0683401106,0.11693909575158658,0.8202069692928617,32.1,0.17261460701630904,45,sale_exec,166,1514914.5361015731,20,0.38463634675190084,0.084886187023553,False,0.4551005067623429
17003,146,1599569.2638588517,0.1284786645862005,0.7701941208906314,32.1,0.2046630502932718,57,vol_sale,158,1599569.2638588517,12,0.07040033326736812,0.0645479504215968,True,0.11996689483820566
18312,146,1624787.7952790468,0.11983138180887269,0.6640631521232121,32.1,0.15794456480754038,39,open,-1,,25,0.15963773759534647,0.08876979247405661,False,
18508,146,2836597.739201443,0.14688393893164298,0.685518243297579,32.1,0.15518929051555097,38,cured,152,,30,0.2801709646239269,0.06689873961793744,False,
18731,146,1992290.8597795584,0.12109954072754772,0.7843279922016664,32.1,0.06015218748189044,15,cured,152,,13,0.0006350974368086413,0.056399479787198614,True,
20477,146,363733.2218040678,0.11643769259489054,0.48465165980018865,32.1,0.38469453596885317,98,open,-1,,30,0.10481606522335706,0.06649213996064592,False,
21092,146,1299689.5304450581,0.12596790693986823,0.7558237889294207,32.1,0.06015218748189044,15,sale_exec,165,1194945.2931367108,19,0.26258987758342545,0.04948071521063436,False,0.24605406815256392
21329,146,527909.8256939404,0.121299545106417,0.4852367392091714,32.1,0.2814403044733418,78,open,-1,,27,0.4495166087880728,0.05947524524105512,False,
21525,146,738202.0342650936,0.13119317772815556,0.6736143578649197,32.1,0.15234729122400892,37,sale_exec,165,738202.0342650936,19,0.1569842411075929,0.07095451247442024,False,0.18665121319717737
21529,146,2210648.9315277813,0.1370362082663385,0.7839355318335689,32.1,0.11371925461514354,26,open,-1,,23,0.14471671781330767,0.04672832814356198,False,
21563,146,1561695.461143885,0.12201456842891263,0.7636656375547217,32.1,0.16061236933902,40,open,-1,,26,0.21128218212055733,0.06160918992468804,False,
21877,146,2471545.4073203937,0.12483144771676748,0.6721964677865028,32.1,0.16061236933902,40,cured,154,,13,0.1144836940324105,0.08479921787504828,True,
21893,146,1239098.9893108516,0.11435737369823834,0.6386380265213959,32.1,0.09001186712048037,21,cured,149,,21,0.1415368260575489,0.07701008358653197,False,
21973,146,2009469.9515146003,0.13663435629067777,0.5259895238359635,32.1,0.38972759831426584,99,cured,151,,28,0.2646562523180298,0.060102162571825164,False,
22188,146,1523335.042443618,0.1392204398276196,0.975698686207729,32.1,0.021109289036936207,6,cured,153,,20,0.2173071609945337,0.05366831019493781,False,
22798,146,1159230.8049299552,0.12797804379411934,0.6282481158423425,32.1,0.18737446261660362,51,cured,151,,15,0.06800805598626765,0.05161072840522365,True,
22835,146,525639.2117809588,0.11414186429872458,0.6740712318423202,32.1,0.13342692307403525,31,cured,155,,18,0.16591971321785356,0.04817573218948851,False,
24895,146,2004010.934965362,0.12910900396137237,0.7848564132283601,32.1,0.16061236933902,40,open,-1,,24,0.18787205137144314,0.044498826084579064,False,
26067,146,740312.0902259812,0.12080383830172656,0.4416658980364889,32.1,0.5768402959004486,133,sale_exec,167,740312.0902259812,21,0.2264891345294595,0.0765461064005797,False,0.18969915838356644
26543,146,1026090.8133678982,0.12608560094578578,0.4345985852364199,32.1,0.46737611982454763,115,open,-1,,27,0.2623098509665473,0.06475491963420886,False,
27098,146,2353036.6979542365,0.1237951080572816,0.9041464471732833,32.1,0.09995566333504047,23,cured,152,,20,0.15035651636353356,0.068789262187811,False,
27366,146,653309.0326857563,0.11836210502327978,0.47195135245313496,32.1,0.49167239124080453,119,cured,154,,18,0.16133612520731885,0.07655816896992132,False,
27531,146,2000547.240463234,0.1441630002287617,0.9614217176940001,32.1,0.14330866491218242,34,open,-1,,25,0.05828293736457553,0.05144929364441325,False,
27713,146,465667.9220936671,0.1475,0.66342588143055,32.1,0.2902831102778072,80,sale_exec,167,449139.9720978921,21,0.32209003974701544,0.05394421347149035,False,0.25374631274654547
515,147,1028901.022591886,0.1370734436988862,0.6747978070035514,32.1,0.1884291068756796,51,cured,153,,29,0.2739298210468456,0.06828040819159374,False,
1253,147,793590.1894877541,0.1348422413056262,0.7287757810425366,32.1,0.01674697260503688,5,open,-1,,25,0.5111674785700355,0.08516557504181224,False,
2291,147,1484196.9208340212,0.11175738818336245,0.7496265012636941,32.1,0.12559137136063225,29,open,-1,,24,0.33818673125679827,0.08335822078851637,False,
3529,147,413681.8443534119,0.11979108688507693,0.5753634566310785,32.1,0.04962366706769439,13,cured,148,,20,0.16163932320766902,0.0754884070533044,False,
3569,147,1191254.6590566009,0.12628682732848087,0.6546926554799252,32.1,0.10813836396974041,25,open,-1,,26,0.4131098509182677,0.07392197696873029,False,
3812,147,1294117.4693668385,0.12579669192078946,0.8332867312807568,32.1,0.16681278165343705,42,open,-1,,23,0.2431481585690105,0.05552874965717558,False,
3847,147,1032929.2943429606,0.12943075300526619,0.6435322465055927,32.1,0.12559137136063225,29,vol_sale,162,1032929.2943429606,15,0.019006447744119997,0.07059375701829677,True,0.1486416516901795
5355,147,1331964.9343568233,0.1340678812478856,0.7233715987864954,32.1,0.01674697260503688,5,open,-1,,24,0.07415225261366873,0.08279224893401158,False,
5433,147,1661709.2180865498,0.1354200771693707,0.6822941400796945,32.1,0.21469994204470133,60,vol_sale,158,1661709.2180865498,11,0.06559948125957125,0.06394828169553643,True,0.11612520729862663
5747,147,2006162.1169126455,0.1182296926498169,0.6059489805394812,32.1,0.14997474083026985,36,open,-1,,27,0.3439820987436496,0.07799003084391606,False,
5974,147,909850.3681488817,0.13359617623516687,0.6986442210310441,32.1,0.1785598070354506,47,sale_exec,165,909850.3681488817,18,0.1987837861586386,0.08629699401941202,False,0.1806852664596481
6194,147,3975880.8630841835,0.11844336803094507,0.7757862785354215,32.1,0.14040260411061078,33,sale_exec,167,3828096.1651389296,20,0.20074325382586095,0.0608287255672553,False,0.2088885962648297
6692,147,752570.7945071785,0.12513344694960699,0.7863308079328969,32.1,0.2023447219401575,56,vol_sale,158,752570.7945071785,11,0.001749714882881501,0.060951346597170955,True,0.10784172339146314
6918,147,1158121.6583399263,0.12109916547708648,0.6184120863580509,32.1,0.16681278165343705,42,cured,150,,22,0.24958194863588026,0.06244544454612121,False,
8211,147,1294656.4810213516,0.11627060639929407,0.797452898682067,32.1,0.1127413241093802,26,sale_exec,165,1250231.4891690179,18,0.17846785362581125,0.054208542732796704,False,0.18818522017798545
8545,147,2322583.8107295944,0.12637357110502126,0.6927035788079801,32.1,0.21791716607666678,61,vol_sale,161,2322583.8107295944,14,0.04467700534111314,0.08184733278369796,True,0.13641669092746933
8739,147,977415.1970988126,0.13236493751561845,0.5477247368995792,32.1,0.18335592691121505,49,vol_sale,159,977415.1970988126,12,0.15932787545901808,0.04600198956140824,True,0.1233436774415334
8983,147,675648.4117189579,0.1302036886430123,0.6997290069081775,32.1,0.12147018219280059,28,vol_sale,158,675648.4117189579,11,0.011325958890317574,0.08074587892458324,True,0.11193515661228626
9408,147,688401.4389106154,0.12995973872855726,0.5793691470705518,32.1,0.41283163093417086,104,cured,151,,28,0.33063076280490206,0.08426756714981347,False,
9780,147,842376.3261787072,0.13210343726525034,0.7215253839357716,32.1,0.15593433728426587,38,sale_exec,167,842376.3261787072,20,0.2298671989391149,0.05667701317935386,False,0.19665363536910163
10700,147,1152249.8809117384,0.14731960429597626,0.6264690035386294,32.1,0.07309029343146634,18,open,-1,,24,0.26957019809762744,0.0774899624069223,False,
11492,147,2549550.4555425933,0.1248674127525804,0.7459653719080069,32.1,0.14040260411061078,33,open,-1,,24,0.20961667597243852,0.04131758702667548,False,
13013,147,825735.7633521084,0.13661843618749564,0.6773210231844423,32.1,0.1468675753841937,35,vol_sale,159,825735.7633521084,12,0.16794957550942177,0.06724492650328656,True,0.12702346083037774
13430,147,1357211.3531543203,0.12671197198697945,0.762996264411312,32.1,0.1468675753841937,35,cured,149,,9,0.07168756154623701,0.08550642981218343,True,
13566,147,2409920.2451877617,0.13292739046704283,0.8300091664903336,32.1,0.12147018219280059,28,sale_exec,166,2145561.402538168,19,0.18983074953087498,0.07778700007739253,False,0.27783642426412447
13774,147,642547.557206064,0.12108885819951018,0.601510326044532,32.1,0.3730381131170857,96,open,-1,,23,0.17303943363809043,0.040772240500530244,False,
14380,147,671491.2502306403,0.13670143968963058,0.6858645927940791,32.1,0.12147018219280059,28,open,-1,,23,0.1558253925028907,0.05991198225689728,False,
14570,147,981485.169764132,0.14065981267667385,0.8431846111745218,32.1,0.03652865762056523,10,cured,150,,20,0.24918732079368403,0.05142337913235285,False,
14646,147,480499.1842820985,0.11981068880442039,0.4908674446111322,32.1,0.33362081442346847,89,cured,156,,29,0.1893730306035993,0.045543862214699055,False,
14711,147,3148670.696826962,0.1175933000669819,0.6283548562038461,32.1,0.15593433728426587,38,open,-1,,21,0.34240432301176343,0.0563793390696301,False,
15749,147,459273.77519334434,0.12343130512200982,0.7856565650946764,32.1,0.16681278165343705,42,cured,155,,22,0.12765415323914617,0.08765022141850934,False,
15780,147,1535450.970120807,0.12228317168242386,0.8939438984509777,32.1,0.10813836396974041,25,open,-1,,26,0.1655195926312686,0.0402514512999453,False,
15973,147,1355013.3697636493,0.13131586073054624,0.622399400258323,32.1,0.24546918425440678,69,open,-1,,23,0.373202153023951,0.08802541414800479,False,
16284,147,261061.26374696483,0.11876954204817389,0.8303101888539404,32.1,0.15593433728426587,38,vol_sale,158,261061.26374696483,11,0.04962606284056991,0.06622128665401522,True,0.10267470094139175
16374,147,1006880.3993779655,0.1342953663651161,0.5149624313167823,32.1,0.3035001366388699,83,cured,156,,18,0.24904439076109772,0.052901212585376584,False,
18205,147,650704.7146117222,0.13104694269591405,0.4967851999264474,32.1,0.29429952527924463,81,vol_sale,160,650704.7146117222,13,0.019086392995171543,0.044337878033797566,True,0.13168257601119548
18424,147,326485.1746904292,0.13426934046169356,0.535761988234094,32.1,0.4719437929293637,116,open,-1,,26,0.11983800942130676,0.08500698322315141,False,
18603,147,972764.5732286517,0.11824297974150169,0.8616992986697162,32.1,0.07309029343146634,18,open,-1,,21,0.07800383853874329,0.05038138101666173,False,
18754,147,2969290.7516674073,0.12618941953351442,0.8907976620733215,32.1,0.12954736700984837,30,sale_exec,167,2260986.282460297,20,0.25539612240997045,0.06907666069251339,False,0.38229208796906544
19171,147,870151.4909872921,0.1262019522285631,0.7323412675720142,32.1,0.24546918425440678,69,sale_exec,165,856532.3759886101,18,0.20652279185596367,0.08829799666515056,False,0.18461071243917015
19412,147,1449129.2648623432,0.12234630836102109,0.7805997742472408,32.1,0.15593433728426587,38,sale_exec,165,1205363.879985774,18,0.2796764108128399,0.08177052502487027,False,0.3070321040809235
19515,147,2027168.936427546,0.13371286584452596,0.7438997247069653,32.1,0.12559137136063225,29,vol_sale,162,2027168.936427546,15,0.06844038427310127,0.05955804527481665,True,0.15313733280415964
20169,147,2422758.8505934207,0.14228599606556497,0.7141148527494,32.1,0.1369550734935876,32,cured,156,,13,0.03255513010536732,0.04864970583360191,True,
21856,147,807817.5764640428,0.12243419328280841,0.7711554537836525,32.1,0.15878518319907808,39,sale_exec,166,804883.0177381235,19,0.1688783520859767,0.07255449538600323,False,0.17840786785785223
22145,147,1323345.3879211987,0.11460751492831281,0.8539465404123963,32.1,0.14367658448598375,34,cured,150,,14,0.006802958678937745,0.08214122173950937,True,
22174,147,641056.9784531683,0.12675742479983132,0.6240119163564019,32.1,0.23475394592524745,66,cured,153,,15,0.046392612265394845,0.07942355493696127,True,
22677,147,1341743.7079067212,0.11814750808596326,0.5022391200971429,32.1,0.3784951966151906,97,open,-1,,28,0.25435123893966766,0.06869236553318606,False,
23415,147,1856671.1030372342,0.12723041160261944,0.6373048452806656,32.1,0.2988484614394402,82,sale_exec,167,1856671.1030372342,20,0.16261271839296165,0.04416102925260989,False,0.19017283596509127
23867,147,1551851.931092359,0.12747347290302077,0.8347493788532556,32.1,0.02824297312498336,8,vol_sale,158,1153111.2592064103,11,0.3064222483161777,0.0687458848394699,True,0.33848305775890175
24172,147,1140311.8751463415,0.12435559443983207,0.6516549162646028,32.1,0.13333597607222658,31,open,-1,,25,0.1815589299125695,0.05736921346838749,False,
25277,147,633133.0844987317,0.11498146019880315,0.7598411881262778,32.1,0.05875980327377284,15,cured,156,,20,0.2019398946914986,0.07308515256177256,False,
25359,147,3280605.056631891,0.1310406376855333,0.5950568540099334,32.1,0.1369550734935876,32,vol_sale,157,3280605.056631891,10,0.0003563619518306124,0.04193028413203279,True,0.10291853261611583
25414,147,2057424.098346594,0.13373328703423065,0.8566458161401946,32.1,0.14367658448598375,34,cured,151,,14,0.04264089901051996,0.06833653155846478,True,
25901,147,320252.1666176612,0.12043358001651763,0.45217839168405854,32.1,0.5329934392680391,126,cured,150,,25,0.20610931558930387,0.04245094106724813,False,
26179,147,970043.3333748817,0.11729803856688502,0.7727306618473363,32.1,0.15593433728426587,38,sale_exec,166,900935.0158091711,19,0.2117728285496521,0.08293034278028737,False,0.22796676507671876
26223,147,962635.2000802382,0.11589172126383815,0.5084641168452949,32.1,0.15299726194326313,37,open,-1,,24,0.32924965928717526,0.050198427384403464,False,
26256,147,1116781.3152219236,0.12038002269653045,0.4988997824760677,32.1,0.4963156941885738,120,cured,156,,11,0.05383275249507344,0.05603797642869923,True,
29558,147,1194311.4978514593,0.13538344386774046,0.7799940007329854,32.1,0.15299726194326313,37,open,-1,,21,0.300672895734731,0.04486537924007172,False,
29639,147,2486090.6803083816,0.13342648964938103,0.715789302566043,32.1,0.1785598070354506,47,open,-1,,26,0.22249846863497372,0.08765718281370989,False,
29709,147,1377627.9663596398,0.1239223433613832,0.7802153556815781,32.1,0.054150564378032895,14,cured,152,,26,0.33968555265478895,0.04694525055670368,False,
29913,147,2191439.604007404,0.11880322933894466,0.6182547847329468,32.1,0.2988484614394402,82,vol_sale,161,2191439.604007404,14,0.03072900191213701,0.07410426220618957,True,0.1288334952277509
7,148,831902.8857862864,0.1236380145524091,0.7396339076754453,32.9,0.07631533422237857,19,cured,154,,28,0.21097308098689574,0.06126358914371067,False,
358,148,1529919.4586039819,0.11880843373395732,0.8461428395252929,32.9,0.019802680480468737,6,cured,154,,21,0.19368899953056204,0.07744185927105116,False,
516,148,2094620.46447307,0.11501043970968265,0.768847508410867,32.9,0.12484062278433572,29,open,-1,,26,0.20749859785581506,0.060354092543291014,False,
763,148,3743296.883459378,0.1194618001434136,0.728379693219933,32.9,0.13674207784671322,32,cured,153,,22,0.4642989414830514,0.044178241334103086,False,
855,148,1243177.9806354325,0.1188015668738451,0.7750376343578347,32.9,0.12484062278433572,29,vol_sale,160,737194.8738516406,12,0.4980323692626422,0.04045741169012777,True,0.4731246782222579
1434,148,1358927.4043241139,0.11816100781704711,0.6047213892930786,32.9,0.14711376368623919,35,open,-1,,22,0.0991335648024682,0.07540729973029797,False,
2955,148,2104526.686302583,0.1198935095737759,0.8084818873586386,32.9,0.11146873742261088,26,vol_sale,163,1815682.1078492561,15,0.25276398185940513,0.046209226022783004,True,0.25677209326770467
3199,148,1770538.4622197656,0.1356814336704313,0.8029973841246396,32.9,0.17282546169576385,44,cured,155,,30,0.2709270617417509,0.04292010578106627,False,
3375,148,835946.2552759742,0.11982021037472491,0.6176005896919669,32.9,0.1946501577514388,53,vol_sale,158,835946.2552759742,10,0.19472513268235406,0.08707534053510484,True,0.09457874292875657
3850,148,1059576.8926479362,0.1245454423433144,0.5977314558916239,32.9,0.26438214287517336,74,open,-1,,21,0.3061142164054783,0.05648867188766215,False,
4059,148,2632529.853551315,0.1273939523101315,0.7307925161868588,32.9,0.10669569549863045,25,cured,154,,23,0.21808070416591901,0.04990516557770365,False,
5100,148,2450508.2360325446,0.12515187386671506,0.5355661655439042,32.9,0.18691235749102475,50,cured,154,,28,0.18716603142839242,0.0527388658680078,False,
5328,148,2297900.375567396,0.1290980666982867,0.8909119084749928,32.9,0.13674207784671322,32,open,-1,,30,0.2449243590350265,0.04084685067789197,False,
5358,148,627734.6936349561,0.13358062301624493,0.5464948947575278,32.9,0.36582175796655614,95,cured,149,,28,0.309980282335071,0.06918891490707763,False,
6345,148,2041949.0670519006,0.12902640465259504,0.648659686489623,32.9,0.32712952953321617,88,cured,156,,22,0.21661152023540378,0.041588519778681,False,
6612,148,1221372.2095868636,0.13778781756318131,0.505850397116283,32.9,0.08127762390280391,20,cured,151,,30,0.25382735474307616,0.08883047491280728,False,
6782,148,1267167.9880525908,0.11941459348717157,0.5817613348407246,32.9,0.30741764585254217,84,sale_exec,166,1267167.9880525908,18,0.3137642162656788,0.07686902591361688,False,0.1632555056762054
6974,148,1258788.854727957,0.12172844156192178,0.7741694532866926,32.9,0.15646245329234,38,cured,151,,25,0.23966166210639547,0.08323871817856285,False,
7369,148,839425.4603467877,0.11757465019959697,0.552237629989045,32.9,0.22485409779846544,63,cured,150,,21,0.27773049501613756,0.08841219798281857,False,
7979,148,1412787.273103144,0.11908899659054667,0.788700054320349,32.9,0.03542536580637168,10,open,-1,,28,0.22510596580404812,0.04418994029472381,False,
8020,148,1639935.4495304127,0.12391678994891978,0.845910689250105,32.9,0.16226776943305787,40,vol_sale,159,1639935.4495304127,11,0.05323215530011362,0.06055271553818373,True,0.10685640241517835
8395,148,1353713.7823132793,0.13012964852084677,0.8189819194169331,32.9,0.11608553119237497,27,open,-1,,22,0.18336027743340802,0.06736908496217246,False,
8433,148,1914910.7981458795,0.1283834221059255,0.6340084665806269,32.9,0.13674207784671322,32,sale_exec,166,1914910.7981458795,18,0.2608513236173217,0.06455186695466639,False,0.17432354087863688
8673,148,3544840.4386396743,0.1231190760970881,0.5796231655693629,32.9,0.32204223144732835,87,cured,154,,19,0.09592040035795149,0.0672953520683877,False,
8952,148,485949.35439467913,0.1352991969994666,0.600074549539037,32.9,0.3542056384108929,93,open,-1,,24,0.14830171827864877,0.06917855142691814,False,
9117,148,620008.5495622952,0.12747058820083998,0.798101771986308,32.9,0.023523049369481797,7,open,-1,,29,0.18042528501518423,0.051490379226160586,False,
9183,148,989079.9748562595,0.11921390191857997,0.7437073991155164,32.9,0.1289741976789367,30,cured,154,,25,0.378413504666798,0.053414512406768255,False,
9407,148,1689560.6151402823,0.11773202941249812,0.7680980823069433,32.9,0.20595822100610794,57,sale_exec,167,1419459.4953574575,19,0.2875017507548064,0.0787783694745518,False,0.3021093818969345
10304,148,1022406.7989834294,0.1210092710384325,0.7416927751236037,32.9,0.1289741976789367,30,vol_sale,160,1022406.7989834294,12,6.37439351861114e-05,0.05115378800758033,True,0.11343710362729498
10994,148,1254403.6447731478,0.12891699931549397,0.9161395496656674,32.9,0.05731868414455432,15,vol_sale,161,1220216.0650492264,13,0.029688450322675367,0.06509716114995656,True,0.15341744178186567
11147,148,1289830.7377022288,0.12691282229825732,0.9173689391599862,32.9,0.06194177554044722,16,open,-1,,30,0.23363329145528403,0.06760827135560885,False,
11433,148,1058088.9833341234,0.1267119362952042,0.8296550758174781,32.9,0.016203981721643945,5,cured,151,,28,0.24422449712554978,0.06913550641650754,False,
12138,148,1518498.522425463,0.1282057473365213,0.7128709738032725,32.9,0.08127762390280391,20,cured,154,,30,0.3463928460739508,0.07009295333200147,False,
12614,148,2095948.9985050322,0.11879785563912948,0.8361293735639245,32.9,0.11608553119237497,27,open,-1,,29,0.26778862113918345,0.06598245973181116,False,
13401,148,625792.0194170971,0.12116079448940918,0.750370027165523,32.9,0.15031434471481653,36,cured,150,,30,0.22412548253272535,0.08172250165139643,False,
13802,148,1122774.6025007376,0.13442176783869778,0.7689409587125332,32.9,0.05731868414455432,15,sale_exec,167,919411.38128958,19,0.3274572261833346,0.047557634192888304,False,0.3373284358408811
14040,148,1287614.231070848,0.13383052231396367,0.46625238860075213,32.9,0.5620050642963454,131,open,-1,,29,0.2394851040618063,0.086564566534683,False,
15301,148,812825.2971336412,0.13207086380573677,0.4256584800835473,32.9,0.5437117929350423,128,open,-1,,20,0.10875772295526036,0.052208879772760265,False,
15382,148,531960.9651718005,0.12170174319330443,0.4381317754088473,32.9,0.5008126868269185,121,open,-1,,26,0.34630065368407353,0.0523634331194199,False,
16322,148,538769.2295156622,0.12825997762692185,0.5906189904575184,32.9,0.1289741976789367,30,open,-1,,28,0.1648942584554647,0.08172236444967837,False,
17034,148,895848.9478735719,0.11897064981898746,0.5347767471772573,32.9,0.26048386773890564,73,cured,156,,24,0.36531985223055297,0.062430946008235386,False,
18119,148,1271146.0230047416,0.12346054390282427,0.7422983954645729,32.9,0.15940835565175737,39,open,-1,,27,0.12689983647052977,0.056034225590185664,False,
18408,148,878356.219676181,0.12558724949954683,0.4111001707502413,32.9,0.45942555633656434,114,open,-1,,21,0.22215374935490617,0.0722696824722712,False,
18888,148,1883522.4703290341,0.11442836059187499,0.8350103082359152,32.9,0.13294208258613538,31,cured,156,,14,0.028954272646513516,0.0822366016112023,True,
18976,148,382783.72847889777,0.14363677535545225,0.6097559845386111,32.9,0.4170777224964042,105,open,-1,,23,0.24158559812354374,0.07960613658224519,False,
19318,148,1667315.5862777303,0.12744191946040245,0.6593061352160596,32.9,0.20595822100610794,57,cured,157,,18,0.32074065013203285,0.050282059892023404,False,
19401,148,2419818.92931517,0.13465355757359698,0.8627181415801416,32.9,0.07631533422237857,19,vol_sale,159,2397839.703638011,11,0.06210405531190624,0.07025692017090415,True,0.12354467508939837
20156,148,1884918.102289217,0.1293216870366974,0.7826551162702962,32.9,0.15343084836418197,37,open,-1,,28,0.13188994018443595,0.041161403468843505,False,
21177,148,676852.4800898572,0.12330040590331365,0.7948902186337171,32.9,0.12484062278433572,29,vol_sale,160,676852.4800898572,12,0.009435095318007855,0.08744778524407398,True,0.11544559152417533
21219,148,1432723.7408834537,0.11389387492025169,0.6808932497425193,32.9,0.2806954461902822,78,vol_sale,157,1432723.7408834537,9,0.0004066361209963438,0.065963876076062,True,0.08150386639935003
21502,148,947648.5206451125,0.11718792374610702,0.6820354454481655,32.9,0.08127762390280391,20,vol_sale,157,947648.5206451125,9,0.08170521887853559,0.08307553268330897,True,0.0837486569368574
22166,148,2097624.829200245,0.11642822921867974,0.8380161502309493,32.9,0.15031434471481653,36,cured,152,,10,0.10488364601006242,0.06123086079616991,True,
23678,148,1250161.6819862863,0.12377726759798405,0.7036481181993728,32.9,0.1650399268031264,41,vol_sale,160,1250161.6819862863,12,0.14067648054729134,0.0813933071317158,True,0.11586300487643642
24551,148,3186914.4918227284,0.13660774056192243,0.911809432834529,32.9,0.09669096818607414,23,vol_sale,161,3134289.823486202,13,0.005921311561035911,0.08482648923747883,True,0.15109354262639363
24917,148,640043.0386318908,0.11642871447191601,0.8661174389855152,32.9,0.15646245329234,38,vol_sale,162,640043.0386318908,14,0.01864800778106492,0.07979163429606767,True,0.12644027443401828
25268,148,2793509.245701635,0.12234301687322569,0.6997726289740536,32.9,0.15343084836418197,37,vol_sale,158,2793509.245701635,10,0.08518470237124239,0.04620744366023047,True,0.09646127062876131
25616,148,2000393.0126915758,0.12193395854655754,0.48147981569784853,32.9,0.2151730871391193,60,open,-1,,26,0.17249145719779715,0.0699154647773821,False,
25943,148,752392.542032812,0.13375317979369133,0.7892906670874583,32.9,0.14711376368623919,35,cured,155,,21,0.114205861542407,0.06575274622921788,False,
26082,148,721420.9622984398,0.13952978867025312,0.4194500798326823,32.9,0.4214222382764923,106,open,-1,,26,0.36417071061142914,0.0422752342020467,False,
26324,148,1150610.3329882324,0.12493991971196339,0.5704079054809303,32.9,0.17756630702995468,46,vol_sale,162,1150610.3329882324,14,0.2917682950704749,0.05167685616625702,True,0.13498605195396685
26731,148,1284177.1929374696,0.14057002325817547,0.914809605518859,32.9,0.09669096818607414,23,vol_sale,161,1263761.6093739374,13,0.03005887534547381,0.05485293203383354,True,0.15415967148602494
28192,148,395870.60431898787,0.13162011782731525,0.3203194210353288,32.9,0.6050156006308285,138,open,-1,,25,0.20641016683951752,0.06272071815829372,False,
28628,148,1023551.3966048079,0.12709593139332612,0.8460776347660537,32.9,0.04831942049933424,13,cured,153,,20,0.1718355055397157,0.0673753587984206,False,
28770,148,3211178.8755475106,0.1342353275116983,0.581423348738242,32.9,0.2151730871391193,60,cured,155,,24,0.11920236180855137,0.07085573553328675,False,
29120,148,687856.3546794534,0.13244068493100622,0.5820029306682684,32.9,0.3430429767799723,91,sale_exec,166,687856.3546794534,18,0.19104331097080757,0.04230006722504057,False,0.17927956405133005
29143,148,1161491.301466324,0.11739663359336022,0.8227150185578717,32.9,0.1677240784374463,42,open,-1,,20,0.3584220744651991,0.08643729540903271,False,
29365,148,2694538.3419314935,0.11737525873210546,0.8276303275830275,32.9,0.08127762390280391,20,open,-1,,25,0.2957842381921942,0.04856895909525291,False,
29543,148,2364353.796510209,0.12068279190049482,0.6007120305899775,32.9,0.14382994376584013,34,open,-1,,24,0.16004483001102504,0.07075950120139943,False,
29601,148,607595.5910065013,0.1261364764136353,0.4479577844945312,32.9,0.38263809425052786,98,open,-1,,21,0.19376284779088124,0.08589719786638504,False,
29717,148,744949.7873627751,0.13170841934405536,0.6685278780886824,32.9,0.2151730871391193,60,open,-1,,29,0.10184215149293255,0.04268664460347792,False,
29741,148,489928.57346914354,0.12783914956342093,0.3709398204549213,32.9,0.5742269779326612,133,cured,149,,23,0.11197044916177679,0.05303572936019717,False,
45,149,986842.5273884048,0.12456281641563746,0.8042913594222506,32.9,0.1786469163530935,46,cured,153,,30,0.27354043508336456,0.05517606038777635,False,
534,149,1446300.2448839874,0.12876497421466357,0.777633586635459,32.9,0.12379074663423806,29,vol_sale,161,1446300.2448839874,12,0.016895617162029225,0.06564810398931126,True,0.12021614947384374
839,149,1476959.764186764,0.1396121928091629,0.6810551228952013,32.9,0.1928683654272323,52,open,-1,,22,0.17272995933053703,0.06848665940788119,False,
1708,149,1272678.9738283032,0.13043455545837962,0.7323502247446075,32.9,0.11468956290015031,27,open,-1,,25,0.23137397663814235,0.06891634557711016,False,
2516,149,542083.8284635623,0.1309333144479147,0.6007108199396644,32.9,0.12379074663423806,29,cured,151,,21,0.30285710541564126,0.06378437180620623,False,
3377,149,1925652.3613832677,0.13695116917792155,0.7288679943458758,32.9,0.08947498607858617,22,vol_sale,163,1925652.3613832677,14,0.04687124867681725,0.08074680938811435,True,0.14689403279353042
5468,149,1166646.3271390926,0.12170445748741712,0.8701473842838257,32.9,0.1362251337429603,32,open,-1,,25,0.3275685737614618,0.07172958334960997,False,
5693,149,2290196.9732847153,0.11218510401171768,0.7713569881810118,32.9,0.1928683654272323,52,sale_exec,167,2135698.3694476387,18,0.2174569368913139,0.0695439196237114,False,0.21127697140073531
5863,149,547397.9975514989,0.13144838248221488,0.5623679014340073,32.9,0.1928683654272323,52,open,-1,,30,0.17894184652246367,0.06749825406029868,False,
6280,149,825413.4389301921,0.1285861587319209,0.8842016557439456,32.9,0.1193197352621298,28,vol_sale,160,825413.4389301921,11,0.03800823948349419,0.049905424480604504,True,0.11063148225477071
6382,149,1144400.1516547438,0.11831810463372922,0.6590805261021213,32.9,0.24559441772274293,69,cured,151,,21,0.20533191664343098,0.046483075920863565,False,
6895,149,1471540.6406001716,0.11950062060628587,0.8441271283896975,32.9,0.06038259304375382,16,cured,156,,21,0.15469227687356174,0.04858617600493398,False,
7472,149,1376320.2255195023,0.1167367723502972,0.7031870885181976,32.9,0.15677327207607683,38,vol_sale,159,1376320.2255195023,10,0.2137515228322478,0.08280963218727773,True,0.0922720083726738
7910,149,717274.3816355601,0.13901489374564152,0.5775917189736274,32.9,0.1627681010454196,40,open,-1,,22,0.2644328806125194,0.05591142419581978,False,
7956,149,709952.9819352251,0.11372396856031167,0.6996852211984586,32.9,0.20650990328137397,57,cured,155,,21,0.267215707854531,0.04235737039502462,False,
7958,149,1457660.371606989,0.1316170036967173,0.727269461688668,32.9,0.22511736588488063,63,open,-1,,19,0.18162152829522693,0.04441543036989105,False,
9160,149,1913824.6698801527,0.11551724586597537,0.67369106544458,32.9,0.13224575065828637,31,open,-1,,29,0.31332272610463885,0.06350365059645041,False,
9539,149,775404.9932351938,0.1283669462361507,0.514586469981945,32.9,0.2641365107854885,74,cured,158,,28,0.17349595171542995,0.052936677419144526,False,
10258,149,493779.97874220327,0.11599647859772473,0.42061420672795624,32.9,0.2802070178507461,78,cured,158,,14,0.11630402942852973,0.07463870414381592,True,
10554,149,2351925.654320068,0.12134272758667394,0.6422140004273883,32.9,0.18097867072087515,47,vol_sale,161,2351925.654320068,12,0.24955327302106242,0.08759532740533776,True,0.11372973009667686
11019,149,840424.0766050055,0.13484649319761938,0.5990145032869659,32.9,0.40723293139934436,103,open,-1,,28,0.2321900016644513,0.05645399687851646,False,
11486,149,1320825.7727633382,0.126127732503771,0.9694741115845686,32.9,0.03842583202372407,11,sale_exec,167,925002.1775120394,18,0.24695209210869984,0.066929584525377,False,0.41982213706266147
11487,149,1528011.8379007736,0.1192711367345653,0.6333872277212731,32.9,0.14714454587817327,35,vol_sale,163,1528011.8379007736,14,0.04721512970154059,0.08023961683260324,True,0.12930425964262537
11707,149,1159047.4503772908,0.11970785257097782,0.6264353507035291,32.9,0.21246838908846755,59,open,-1,,23,0.35203475843014237,0.0698145558174182,False,
11790,149,1522983.4800478418,0.12482010994408603,0.6727114423201648,32.9,0.228403492533225,64,cured,156,,18,0.13683268773601734,0.06247671427069723,False,
12362,149,837665.92844701,0.12097045549555663,0.4897762568689236,32.9,0.3309752990603261,89,vol_sale,159,837665.92844701,10,0.17650420242791376,0.041893796968169895,True,0.09543759475020674
12584,149,921362.2644092331,0.12128935550101107,0.6916853560540996,32.9,0.11468956290015031,27,open,-1,,26,0.23410784083471312,0.04060075763504328,False,
12592,149,937627.9156620136,0.12131865952262841,0.7179403155647394,32.9,0.15677327207607683,38,open,-1,,25,0.39831834458100396,0.07230284710440449,False,
12906,149,2384494.827958311,0.11915424420033703,0.7996844730169939,32.9,0.11468956290015031,27,open,-1,,21,0.34056973143777425,0.06245181194307585,False,
13139,149,782740.0446097434,0.1263408882161173,0.6073010963827374,32.9,0.3638973294070251,95,open,-1,,30,0.13448577546143067,0.06472078283735011,False,
13245,149,423414.2688242406,0.12873490110023514,0.8407139769206652,32.9,0.03842583202372407,11,cured,156,,10,0.018762216635422782,0.07747782448242958,True,
13631,149,2316808.7282010033,0.11856704819048382,0.5101728081911606,32.9,0.45832481241465595,114,open,-1,,24,0.277067190801079,0.08338445264213984,False,
14457,149,335094.20339347486,0.13486022011071275,0.6547531538557809,32.9,0.3258732589500024,88,open,-1,,24,0.428671750985597,0.04182194468914713,False,
14481,149,2086225.2316117992,0.12562353970775172,0.8087838919338316,32.9,0.17622408731657635,45,cured,156,,30,0.26373836826362496,0.0760177379901412,False,
14651,149,828051.4874683454,0.12151028814889395,0.7764333589772932,32.9,0.0794342918085078,20,cured,150,,22,0.1515331853081925,0.06588580479950623,False,
15441,149,1433604.8908290896,0.13278235293958615,0.7139813624896776,32.9,0.08947498607858617,22,open,-1,,28,0.19703655645757548,0.08123149167371432,False,
15609,149,895227.9019953411,0.13006287502599873,0.8483655784708624,32.9,0.10496163386492685,25,open,-1,,25,0.1919759488643224,0.06751733160155497,False,
15826,149,836390.7186287654,0.13242162295323928,0.470705283848299,32.9,0.4481567358546874,112,open,-1,,21,0.09320094873607704,0.08355437199857181,False,
15860,149,2070805.758763663,0.12145384198053726,0.8321153072214299,32.9,0.17110792121766605,43,vol_sale,161,1988224.6150031653,12,0.11014798235644241,0.08474267046934397,True,0.14916667816789153
16014,149,1174372.8022815455,0.12027387692416544,0.40879622291884554,32.9,0.6221109240461058,141,cured,152,,30,0.12538081270727672,0.07138452046437022,False,
16377,149,833625.3868073913,0.11997978602730687,0.5246850428316627,32.9,0.28440665855566416,79,open,-1,,27,0.17920998788868406,0.06043972829752313,False,
16491,149,2148779.3933337196,0.12620457337458305,0.5508641254233427,32.9,0.28440665855566416,79,vol_sale,163,2047437.8596806074,14,0.4186393992391448,0.08207029118086556,True,0.17698476504873306
17427,149,1779749.2860527723,0.11366893209267558,0.8232366546399174,32.9,0.1598136620200088,39,cured,156,,19,0.27838317463176,0.08131603187687159,False,
17588,149,2289279.529209743,0.12122715459652421,0.8167160391025061,32.9,0.1684159914212815,42,cured,152,,13,0.011839290545375183,0.04802407460014727,True,
17917,149,508059.6706020549,0.13153638568792905,0.6276423020673011,32.9,0.24918715479172615,70,open,-1,,24,0.3829954808580623,0.05310853348220295,False,
18548,149,868187.3940028315,0.11983515278159763,0.7613181186138304,32.9,0.1684159914212815,42,vol_sale,158,868187.3940028315,9,0.0932869091633977,0.0701741879201693,True,0.08554824262081506
20056,149,1155070.6511039233,0.12124208394239554,0.4848060448267512,32.9,0.19545497634015785,53,cured,155,,29,0.1165050031572281,0.049935838638475075,False,
20550,149,1151961.754359492,0.13477770633161135,0.5239901306361603,32.9,0.19545497634015785,53,vol_sale,163,1151961.754359492,14,0.012396644701564997,0.07604811330458269,True,0.14475234041227258
20758,149,775380.4729555084,0.13971577662346163,0.6046737748011871,32.9,0.08947498607858617,22,cured,155,,21,0.12998209958461793,0.04445696429869,False,
20896,149,1067920.868507945,0.1206806969589934,0.6197293366174859,32.9,0.2008399202869675,55,open,-1,,22,0.2650552698758606,0.04100623537222133,False,
21059,149,1118697.4762437753,0.11521496779609831,0.7385523105660999,32.9,0.1598136620200088,39,open,-1,,20,0.10636702746663391,0.06381256676748488,False,
21130,149,1824597.2046335943,0.1192101355161891,0.41596889347081906,32.9,0.4022950657052953,102,vol_sale,159,1824597.2046335943,10,0.0030863351733914283,0.04582483604102431,True,0.09412285522310015
21238,149,1681953.5402626498,0.12293524154716334,0.8089859607575367,32.9,0.12810019744806955,30,open,-1,,22,0.24699634805777199,0.0750265313934198,False,
22078,149,1218240.4206004029,0.13251284776213962,0.3623933032389804,32.9,0.584937616353365,135,open,-1,,27,0.2967135097714957,0.04816602957476063,False,
22542,149,1470345.8685325668,0.12598968286306897,0.6479993787913081,32.9,0.14367663381815965,34,cured,154,,24,0.18221035402115743,0.08311395102789496,False,
22686,149,2384171.2335667503,0.13437309261211147,0.5525871974651432,32.9,0.17371085764800243,44,cured,153,,15,0.09433702550125547,0.04747048030269871,True,
22726,149,1846614.2903559818,0.1294740538717897,0.6778718013951353,32.9,0.17622408731657635,45,open,-1,,24,0.20686228665229256,0.0699944236553105,False,
22886,149,1219876.0815108644,0.12573788158086802,0.6651542940035156,32.9,0.1786469163530935,46,open,-1,,24,0.3521390005793665,0.08429914811399845,False,
23003,149,1770226.3676547108,0.12406397337254221,0.6340730270844214,32.9,0.18097867072087515,47,vol_sale,162,1770226.3676547108,13,0.014843167091613785,0.08068265455287682,True,0.12515855764531092
23237,149,650228.4469393652,0.1276205158671678,0.60279882182257,32.9,0.3811553718552827,98,cured,157,,25,0.27470253512928916,0.04927517836487019,False,
23826,149,1760629.052680723,0.12897621710498433,0.7678962807377258,32.9,0.10496163386492685,25,vol_sale,164,1760629.052680723,15,0.04132664773780581,0.08069233069274542,True,0.14816295366640675
25095,149,371556.3479182563,0.11977600318103312,0.731177072916785,32.9,0.1928683654272323,52,open,-1,,19,0.3413337338767248,0.07220976528595857,False,
25148,149,1055252.2524391601,0.12782977520811073,0.6478756063370855,32.9,0.20650990328137397,57,open,-1,,21,0.3392735732720257,0.0516894543320795,False,
25743,149,1722400.2873030044,0.13882314849909919,0.7728943544943283,32.9,0.18097867072087515,47,open,-1,,30,0.03111432425599639,0.050690177279717696,False,
26585,149,5808661.609060752,0.12119125945705957,0.8415145950847802,32.9,0.15043788168553096,36,cured,151,,13,0.2747454818313315,0.07428087013790269,True,
27388,149,4121331.697400384,0.11468999764242543,0.7091437768697118,32.9,0.1684159914212815,42,vol_sale,159,4121331.697400384,10,0.06278973195908477,0.06362676895324734,True,0.09073723706905157
27885,149,2005283.7022648072,0.11556614355937929,0.8944304548318363,32.9,0.10496163386492685,25,cured,153,,29,0.1574629945222498,0.0835927259356295,False,
28145,149,804798.8777733137,0.1291060074462644,0.7212923921882626,32.9,0.2036390700648507,56,cured,155,,30,0.1878381984436426,0.07524957380196096,False,
28683,149,1447052.646586623,0.13373981433128151,0.48370698789745736,32.9,0.5420563372834826,128,open,-1,,25,0.13326378419864263,0.05062770416106105,False,
28694,149,1088861.7171179703,0.13664566931384986,0.5266750322141752,32.9,0.37553301241385917,97,open,-1,,25,0.26786148054201386,0.07264698520940308,False,
29031,149,1312921.9879882194,0.13884748434489433,0.6672360627997075,32.9,0.14003614066867787,33,cured,156,,18,0.1409437438209062,0.08192741783527571,False,
29412,149,536074.8398007761,0.12184280213273466,0.6214881791177355,32.9,0.18321869651830802,48,vol_sale,158,536074.8398007761,9,0.055093369161555904,0.059756872928467354,True,0.08691042363722401
29484,149,1005711.2009452459,0.12901399881004366,0.7121919976083051,32.9,0.14714454587817327,35,cured,151,,25,0.13990020545489715,0.04555701719953689,False,
29498,149,484387.7853683371,0.1285135097304153,0.6040494093488091,32.9,0.21869442814215434,61,cured,152,,26,0.16912493642362167,0.050225804042521686,False,
29598,149,1493379.8446003671,0.12711467274983462,0.7761402307997041,32.9,0.18552733022417534,49,cured,156,,28,0.25911649942704473,0.07216721902443049,False,
29734,149,1302675.9901918538,0.1364282691154763,0.2533236355671521,32.9,0.6534851828469008,146,vol_sale,161,1302675.9901918538,12,0.09037226530652703,0.07176972951664398,True,0.12685930146189373
29979,149,2029484.995941068,0.12139449285972793,0.6730628966044134,32.9,0.15043788168553096,36,open,-1,,25,0.34448607881421256,0.050271479166829953,False,
190,150,2827827.868266539,0.12736523302585712,0.6081857446504757,32.9,0.17950588953915925,46,open,-1,,29,0.3756483549880343,0.052324709792744284,False,
643,150,942859.8925274333,0.11460577859334885,0.8813127609473661,32.9,0.049887873521023085,14,open,-1,,27,0.4223149630767885,0.0873290729704415,False,
711,150,2698518.017184852,0.1331373918385644,0.8798438058300881,32.9,0.1600008042583032,39,open,-1,,19,0.24336902631528332,0.0789651586809104,False,
1605,150,1157017.6595247465,0.12301611680826784,0.723215570712314,32.9,0.015116779630008681,5,vol_sale,165,1157017.6595247465,15,0.015825538753111965,0.05798476828668409,True,0.14185939381009394
3605,150,605775.8429439667,0.12178913420569161,0.6723776563074997,32.9,0.2158513171351122,60,open,-1,,24,0.16408845292465585,0.07578033695753268,False,
3768,150,1844838.1473359752,0.11769067877373351,0.7456109948125723,32.9,0.10804460554097872,26,cured,153,,21,0.29776156866454656,0.04399593009470245,False,
3802,150,1016346.8204230911,0.1203760103387647,0.7838285151542101,32.9,0.11299944740361156,27,open,-1,,19,0.14389857329411596,0.05005723916947791,False,
4641,150,661761.3751126148,0.13212234149620303,0.5089211547525075,32.9,0.3295725997941543,89,cured,154,,29,0.17470966602512233,0.06872978972535938,False,
4710,150,1283887.6763733476,0.12732061261657626,0.6526874400510958,32.9,0.1743754487408482,44,open,-1,,29,0.19632587061250503,0.06399588613469248,False,
5222,150,790070.3597870746,0.12109655687279033,0.7836137700536927,32.9,0.13540484819853282,32,open,-1,,29,0.4321154228592258,0.07227573324727896,False,
5273,150,692942.8279579121,0.12188296268766423,0.4261464654088352,32.9,0.3295725997941543,89,open,-1,,23,0.2927952967185234,0.08189427338026399,False,
5544,150,698974.2895496094,0.11555476622278443,0.4325946437439529,32.9,0.6141577886696483,140,open,-1,,28,0.1741727184490415,0.05350766947584202,False,
5607,150,989559.8227559429,0.12246129583873826,0.8345164947374432,32.9,0.1568665489669132,38,vol_sale,164,989559.8227559429,14,0.0798067572595077,0.05144554295785612,True,0.13250664254496292
5868,150,1255051.439616511,0.12175686483246376,0.6118427193616327,32.9,0.2796411791772402,78,open,-1,,20,0.18262776018257892,0.046840208254730564,False,
6092,150,1648949.075468634,0.1135806964663066,0.8287378078766389,32.9,0.04556564051879386,13,cured,151,,12,0.05984743579404426,0.05496752980791856,True,
6135,150,437514.43393970805,0.1256939889257238,0.40441268349615994,32.9,0.6391688108137703,144,vol_sale,161,437514.43393970805,11,0.14027508078368767,0.051472453016525,True,0.10829528443998093
6158,150,972759.556593865,0.13871757514031424,0.8276406633180529,32.9,0.1660123594988112,41,cured,159,,9,0.09333416803276606,0.052988269360217485,True,
6233,150,1229817.2729114343,0.13532047836529704,0.7693539498810733,32.9,0.21282737344242397,59,cured,158,,25,0.41712303904651715,0.0746794251962205,False,
6418,150,1581328.7212370262,0.13296601160098623,0.5365582723720895,32.9,0.21282737344242397,59,open,-1,,22,0.2640780514847671,0.08637295530425809,False,
6605,150,3160034.810242103,0.12702444665626256,0.8360694362438884,32.9,0.05429066044440689,15,open,-1,,26,0.1784397536691878,0.06002261646456057,False,
6791,150,1274037.4892865766,0.11734203081292079,0.6047950329051255,32.9,0.1536477373905547,37,vol_sale,162,1274037.4892865766,12,0.051820181511997514,0.041572997084345704,True,0.11021198406483557
7164,150,3140796.5239174343,0.11347375080749289,0.6414856629819503,32.9,0.17950588953915925,46,open,-1,,30,0.27737880672867116,0.04847627599728331,False,
7310,150,1315548.503271638,0.12860685802971258,0.6033983930279259,32.9,0.324563809175733,88,open,-1,,30,0.2673571974736826,0.042198651272579116,False,
7782,150,1004175.7390379114,0.1263584144402235,0.8107350957605107,32.9,0.10293773304474074,25,open,-1,,22,0.2469635626774979,0.06950288901698276,False,
7984,150,931512.4568606499,0.11555385342826045,0.9124926752131178,32.9,0.0976814662821135,24,vol_sale,161,911815.2773629489,11,0.04193556462179049,0.04415740725545734,True,0.11908114033293316
7985,150,771194.4143500428,0.1212090405679261,0.6961875319899931,32.9,0.11779967663142199,28,cured,157,,12,0.06516895978899012,0.07066442964413683,True,
8381,150,1326402.2423416506,0.1252425810535165,0.7333456618991936,32.9,0.13540484819853282,32,open,-1,,24,0.28867320555290993,0.08087475247935687,False,
9025,150,1249717.2922435275,0.1475,1.0032904503599434,32.9,0.018494395684139242,6,cured,156,,25,0.2698120121191541,0.0873313185508481,False,
9397,150,1453281.010978242,0.12710921648036735,0.6881710990326495,32.9,0.08743659416826599,22,cured,158,,11,0.05032346179826094,0.05168850496996796,True,
9772,150,1715337.3908348426,0.1307977214739556,0.8242047774578077,32.9,0.1568665489669132,38,open,-1,,24,0.23846927234361887,0.05850148542458164,False,
9809,150,998609.6519256986,0.12885916511959244,0.6895698885777474,32.9,0.02199229174370565,7,open,-1,,27,0.26321594955542477,0.046993295985204055,False,
11140,150,2099655.095805965,0.1434123885930339,0.7659845159332335,32.9,0.09251474820326622,23,open,-1,,22,0.27478497380463307,0.06134433916307118,False,
11419,150,855005.5690164714,0.12602064820892322,0.77868078904671,32.9,0.18193547855092507,47,open,-1,,25,0.18064542843898979,0.07198679157744188,False,
11569,150,1467707.4034040412,0.1415163620448952,0.5590106411945764,32.9,0.249069771248146,70,open,-1,,18,0.24416656648647778,0.08459933060413054,False,
11684,150,1413165.0171221406,0.12083739976532565,0.7388453635788371,32.9,0.07272396348548837,19,open,-1,,29,0.1895214988203822,0.047174864122318944,False,
12144,150,1655993.5968774005,0.11709644355444891,0.5214749195740573,32.9,0.19879043498333338,54,open,-1,,26,0.20675177713015946,0.0704614232785547,False,
12474,150,2712341.5614036573,0.12683649690330234,0.8249306199045214,32.9,0.015116779630008681,5,vol_sale,160,2712341.5614036573,10,0.02134548875877814,0.07592076138506199,True,0.09980366755029624
12658,150,895657.5092528982,0.12130549089983228,0.8768723443796221,32.9,0.12244276771366258,29,vol_sale,165,895657.5092528982,15,0.00976562939661333,0.0626049919972715,True,0.14004101466779972
13134,150,878262.2560898665,0.11996934252845248,0.704805130770055,32.9,0.14321697430456015,34,open,-1,,27,0.19440366827293593,0.06265163995939546,False,
13408,150,1284828.1045398628,0.11999222119341835,0.6043642603306817,32.9,0.249069771248146,70,vol_sale,161,1284828.1045398628,11,0.00620758621826321,0.04782712629013826,True,0.10366995443660709
13478,150,2014703.9055899878,0.12197605329843735,0.9032567033066192,32.9,0.0976814662821135,24,vol_sale,164,1967323.1062817047,14,0.03653328608327987,0.06848709945569006,True,0.15243306694017922
13587,150,1462554.0464926846,0.12751988520285268,0.7191598580698438,32.9,0.26003600574049823,73,open,-1,,20,0.16708065590731494,0.06311165352692627,False,
13729,150,588161.8007337336,0.12012051983705144,0.5708186040070616,32.9,0.4251494141357832,107,open,-1,,29,0.3271616719343891,0.06819098755701186,False,
13854,150,1024892.3444370771,0.12900881031442665,0.6703707029621098,32.9,0.037207717220612224,11,vol_sale,164,1024892.3444370771,14,0.02508443869914042,0.05539276463033943,True,0.13903978448190157
13866,150,1904432.2434957603,0.13072270803293637,0.7468568450703205,32.9,0.09251474820326622,23,cured,151,,25,0.2758853026094186,0.04458072047774749,False,
14108,150,1163165.1252140854,0.12239581039791825,0.8946787095198053,32.9,0.09251474820326622,23,open,-1,,20,0.33367743909655745,0.062469387211891075,False,
14136,150,1964178.6731965917,0.12938178842769787,0.6947537502906997,32.9,0.13540484819853282,32,vol_sale,163,1964178.6731965917,13,0.0008820993846774682,0.06036106637341127,True,0.13013163444235487
14478,150,721307.0218223298,0.13581438985832248,1.0050432232764122,32.9,0.015116779630008681,5,open,-1,,26,0.190249436527164,0.05507601593746044,False,
14557,150,1129565.0598539186,0.12520497298968752,0.5737178090737789,32.9,0.20419040355104956,56,open,-1,,26,0.23873731129951462,0.08168553388944036,False,
14580,150,1182692.403689599,0.12308145930560452,0.7780723737900325,32.9,0.21894850308667735,61,cured,153,,24,0.3825050324150708,0.045234129177930404,False,
15304,150,671529.1810411464,0.12692744249901564,0.5957434970289351,32.9,0.14321697430456015,34,vol_sale,160,671529.1810411464,10,0.19782522461019078,0.042276707220312015,True,0.09987117527578959
15578,150,1187535.6125701556,0.12103773218241747,0.8672068602325331,32.9,0.1536477373905547,37,open,-1,,25,0.1973862761659653,0.07696008369659232,False,
15783,150,1038572.030863239,0.12324221012657173,0.5772602916926348,32.9,0.15034521279265212,36,cured,157,,21,0.3281508919091394,0.048365313483917344,False,
16277,150,1566003.6665812188,0.12496588725928388,0.7630308776016715,32.9,0.18427373878502018,48,open,-1,,21,0.19177900180888638,0.04149713378727685,False,
16609,150,1029851.2850871056,0.12510101381893388,0.6814014725524825,32.9,0.1688880605351759,42,vol_sale,164,1029851.2850871056,14,0.08285310933299303,0.05397887529143989,True,0.13514693412915613
17290,150,2210172.357384162,0.11666509053010071,0.6155494271996838,32.9,0.19367302446118817,52,open,-1,,18,0.1588279449177292,0.05926014275257567,False,
17406,150,975425.14727708,0.1316283041466347,0.9195209247077286,32.9,0.08244603922652849,21,open,-1,,19,0.13636771046859777,0.04505622219708098,False,
17648,150,1455278.911694963,0.1310981657069033,0.819155888337206,32.9,0.14321697430456015,34,cured,152,,12,0.005138853783554783,0.06029740676195477,True,
18079,150,3265926.990669171,0.12110956673674707,0.8188991354698525,32.9,0.12692625372832955,30,open,-1,,25,0.2393889666114238,0.06408055375594597,False,
18289,150,3844795.7156152823,0.1211615788892279,0.6467293565462083,32.9,0.15034521279265212,36,open,-1,,24,0.3333509291119187,0.0716424417236241,False,
18397,150,666118.6010583587,0.13507557500444656,0.698349339086466,32.9,0.26003600574049823,73,open,-1,,20,0.38901828630221935,0.08228249078147633,False,
18547,150,2818147.8140592044,0.12898711028509008,0.8218490389062258,32.9,0.10293773304474074,25,vol_sale,160,2440933.223156408,10,0.1979676593387875,0.08290889509019783,True,0.22167810932266552
18726,150,1172975.869938995,0.12426350716913313,0.7375581037316022,32.9,0.0293530488883178,9,cured,159,,30,0.14628019603499842,0.08804838266022622,False,
18814,150,1094657.2726839646,0.1122389617212423,0.6494501541603408,32.9,0.17950588953915925,46,open,-1,,29,0.17372611011287226,0.07750001550735523,False,
19164,150,1290130.7299777656,0.12666568156429556,0.5560904463349345,32.9,0.1600008042583032,39,open,-1,,25,0.17215903498875265,0.07761067881380894,False,
19198,150,2675561.471783467,0.13390538543515587,0.8961396286231849,32.9,0.10293773304474074,25,open,-1,,28,0.19127431205095308,0.07642526162246409,False,
19331,150,2016096.0275969733,0.13382833488494605,0.8394811294989293,32.9,0.1743754487408482,44,open,-1,,26,0.10854190691789492,0.04370148428923822,False,
19371,150,313118.5540026612,0.12911436012598934,0.559982406261989,32.9,0.4337380571394005,109,open,-1,,24,0.3054602396409521,0.05397738221643723,False,
19624,150,839638.5006975976,0.12150021561975065,0.5467129690848406,32.9,0.2755764166011496,77,open,-1,,20,0.13877653657823752,0.07986864879400216,False,
19745,150,2237595.8248734777,0.12376879623710212,0.6089324475586725,32.9,0.1743754487408482,44,cured,152,,13,0.18854366012865256,0.06628401766823819,True,
19800,150,642639.4934600395,0.12312391906279767,0.5199836395791096,32.9,0.3506929656231419,93,vol_sale,163,642639.4934600395,13,0.047511288324675265,0.08649262860114684,True,0.12427626396573821
20126,150,898421.7752173593,0.14035287165404903,0.7623014825639377,32.9,0.12244276771366258,29,open,-1,,26,0.33479421832294454,0.04944937648616787,False,
20984,150,2505609.9878406515,0.12740979325115426,0.860019516479342,32.9,0.1393953342255736,33,vol_sale,159,2505609.9878406515,9,0.05083741037767789,0.05996742478450193,True,0.0906758230828324
21663,150,779799.0314180243,0.1389881685852133,0.8857502002909556,32.9,0.11299944740361156,27,open,-1,,29,0.0649846645872743,0.05479447307898898,False,
22254,150,1303561.096544359,0.1288682718026795,0.834486853914088,32.9,0.1393953342255736,33,open,-1,,22,0.23830958316410603,0.07401716679843243,False,
22975,150,780317.6191764039,0.13109527360257173,0.9063890312998228,32.9,0.049887873521023085,14,open,-1,,26,0.26392752511617856,0.08066402365194128,False,
22984,150,1186846.1299792596,0.1425352509245,0.8279109111684091,32.9,0.11299944740361156,27,open,-1,,22,0.1950008682078649,0.06615711495364113,False,
23546,150,977307.6236651446,0.12873880050306913,0.6139493283736699,32.9,0.13540484819853282,32,cured,151,,23,0.38895433928614837,0.05764591302927374,False,
24029,150,2122546.930271391,0.13802865969368816,0.5651544594457107,32.9,0.12244276771366258,29,vol_sale,165,2122546.930271391,15,0.20813463149547873,0.04866253453333158,True,0.15764276208593297
24574,150,1310940.3006766133,0.1302136520785452,0.7268303787423697,32.9,0.19367302446118817,52,open,-1,,29,0.333121298171204,0.05636707190917056,False,
24680,150,3514694.2074319585,0.1284811326412001,0.662564333872041,32.9,0.1600008042583032,39,vol_sale,165,3514694.2074319585,15,0.2473761747614218,0.05529951825798659,True,0.1476412249237642
24718,150,709097.3304385049,0.12729927447151082,0.7252467340731029,32.9,0.24551915749061015,69,open,-1,,18,0.16581789970825747,0.07913216786021532,False,
25487,150,1403067.0887632002,0.12210836725819836,0.452742144270504,32.9,0.2837789445625465,79,open,-1,,28,0.38229873598564335,0.07002717712147086,False,
26263,150,1487634.0202085816,0.11822306260487064,0.6471644875076088,32.9,0.131247728411942,31,cured,156,,24,0.12453835996603935,0.05169575089496456,False,
26305,150,522372.1358502087,0.14723396778961662,0.8097062425496965,32.9,0.08244603922652849,21,open,-1,,25,0.24820804770252483,0.08332413285783062,False,
26485,150,827286.5123791761,0.13813620791023573,0.6353195140703644,32.9,0.28799030275424964,80,open,-1,,22,0.08826148326576874,0.041509027436875706,False,
26494,150,988257.8450192867,0.11802955098393411,0.7039092163752276,32.9,0.11779967663142199,28,open,-1,,19,0.17637246836351364,0.055606221836924506,False,
26941,150,2064673.19236036,0.11112437895331237,0.7958260478484706,32.9,0.1660123594988112,41,open,-1,,20,0.30151762912999375,0.0715465927094493,False,
27089,150,888115.0460370793,0.12347953647664399,0.37403237547937784,32.9,0.12692625372832955,30,cured,156,,19,0.28283977140496674,0.0672760952684368,False,
27209,150,255959.3201303762,0.1163710740404511,0.49824000001908453,32.9,0.3736014950195381,97,cured,155,,11,0.004166004003572477,0.0743925602759758,True,
27402,150,819156.8322304713,0.12828452790063996,0.7385136668265827,32.9,0.07272396348548837,19,vol_sale,160,807990.218557357,10,0.20123644262106957,0.06547780636255887,True,0.11313454858033889
28460,150,1263942.617407905,0.1382680832250095,0.8159836713139299,32.9,0.08244603922652849,21,open,-1,,29,0.1621713467123141,0.07162132552619246,False,
28488,150,365274.5346790585,0.13731091706439172,0.30637599364258594,32.9,0.5463588540994668,129,cured,152,,18,0.18950089702459813,0.08160901834575238,False,
28919,150,1162511.1106345968,0.1309361566069448,0.68054419487781,32.9,0.1660123594988112,41,open,-1,,27,0.13764241622569118,0.08318129657628412,False,
29277,150,337115.7133246344,0.12584791955788674,0.6598794837833757,32.9,0.2966362175319057,82,open,-1,,18,0.17372717169804133,0.08964111280347778,False,
29372,150,696734.1587240191,0.12967131882459393,0.6390938409942389,32.9,0.2676635989105147,75,vol_sale,159,696734.1587240191,9,0.012876516888034806,0.04231884152815358,True,0.09220054221067053
29604,150,944445.6955639704,0.1320533580962456,0.49425385539293654,32.9,0.5093613338236365,123,cured,157,,21,0.1616934655631774,0.0528406217033627,False,
29969,150,892654.066389277,0.12075087996523812,0.7938440482501268,32.9,0.1688880605351759,42,cured,158,,10,0.02762807926424376,0.052459850599481536,True,
262,151,634055.6699344532,0.1246977960862402,0.5681934563305936,33.5,0.22225095469541567,62,open,-1,,25,0.24570734072798994,0.04493496448453845,False,
290,151,610300.0060431196,0.13229276955222552,0.5829976106593034,33.5,0.31842702619381824,87,open,-1,,27,0.19591692512436398,0.04739699986878225,False,
844,151,3624216.3467699727,0.12848030960920412,0.8169256534210294,33.5,0.11104658936626466,27,open,-1,,29,0.1165633877243391,0.0762298922873737,False,
1117,151,2522588.54931743,0.13089783313523973,0.5314985936825066,33.5,0.1827014807495846,47,open,-1,,23,0.10488742750740111,0.08691929478465878,False,
1623,151,2152860.1091276985,0.11933538073184469,0.7747391235913362,33.5,0.12548375994144445,30,open,-1,,23,0.20543740050552142,0.07512553965562759,False,
1746,151,1281022.2041129004,0.13366860155038904,0.7292307276939529,33.5,0.13848095810638195,33,open,-1,,21,0.22684368742384228,0.05739322217720231,False,
1817,151,434377.2205759807,0.11381826418062807,0.32539347848668576,33.5,0.6562395674642993,147,open,-1,,24,0.1442700218322656,0.056330931742957835,False,
1833,151,1045374.3961978838,0.11974598405573858,0.7417543472621786,33.5,0.23516823472939263,66,open,-1,,24,0.19178517969988154,0.08599083100882174,False,
2151,151,1382336.6643974762,0.1259753384454633,0.8128494759385179,33.5,0.12548375994144445,30,vol_sale,161,1382336.6643974762,10,0.0674930916725706,0.07037213417020005,True,0.09916416478664825
2895,151,1588885.0791876705,0.12645543127523518,0.5527884379366774,33.5,0.44655739162055874,112,open,-1,,27,0.19182919078460114,0.050546930097892906,False,
3123,151,702066.3890774598,0.1396770576737203,0.5675298276931182,33.5,0.2597315386914343,73,open,-1,,21,0.1702872352710607,0.07527433538935852,False,
3708,151,823467.4986372184,0.1452492872668297,0.7646327276711319,33.5,0.05273229548645042,15,vol_sale,165,823467.4986372184,14,0.0031330885779576666,0.08445104151467309,True,0.15501815513306705
5103,151,1627724.044455431,0.12171910901164625,0.9189234660124397,33.5,0.08537866981310716,22,open,-1,,26,0.17209978805939105,0.07300305958181615,False,
5176,151,1725973.7195560269,0.12114866850834054,0.7100784421433958,33.5,0.11601485519671795,28,open,-1,,22,0.34079442131582205,0.05393057642131507,False,
5227,151,332266.2595307872,0.12884913752983745,0.8754903069718535,33.5,0.04839835241993584,14,open,-1,,30,0.11115590844549042,0.05254505906617197,False,
5336,151,1168371.4639325044,0.11991588656589884,0.837108856442431,33.5,0.17485038615223836,44,vol_sale,160,1168371.4639325044,9,0.001023373965605706,0.06538324808120947,True,0.08560306368234705
5382,151,731991.5163163113,0.13826020652285595,0.5816169282653965,33.5,0.313722082843511,86,vol_sale,160,731991.5163163113,9,0.020599983605381976,0.0697085413514957,True,0.09796533887473036
5934,151,754281.3620223014,0.12028736476942437,0.3541924525285216,33.5,0.5567109369496948,131,vol_sale,162,754281.3620223014,11,0.1515635315538342,0.08067411129599524,True,0.10391001906805952
6642,151,2736417.8512459756,0.14363973248253703,0.87964143846164,33.5,0.12997939289715466,31,open,-1,,22,0.23554573391091502,0.07935979268240709,False,
6658,151,1076380.595027321,0.12852022886954434,0.7103209799955922,33.5,0.18017441088038377,46,open,-1,,26,0.2129828505501042,0.05563471543624469,False,
6878,151,768389.4052960759,0.1272280598693604,0.5746205327053583,33.5,0.30459696029212946,84,open,-1,,22,0.18525097375846294,0.044917713816824134,False,
6960,151,575258.6580350085,0.13818206916821063,0.7966944488606382,33.5,0.20745287159245085,57,cured,156,,12,0.031945445879591125,0.05994831212436778,True,
7271,151,1480837.9545251357,0.12110524874065914,0.7622746949866938,33.5,0.06622205451943897,18,cured,158,,28,0.2378039850499444,0.06517714819744644,False,
7583,151,2484935.019966014,0.12390106223143099,0.919832727296115,33.5,0.08537866981310716,22,cured,152,,27,0.21802660607804258,0.08459380423813453,False,
8988,151,2616676.4802716067,0.1295515403855653,0.8725264252433433,33.5,0.12997939289715466,31,cured,158,,29,0.15322959499457298,0.08030696636799639,False,
9250,151,1043853.369359101,0.13001790270260163,0.7059047367704221,33.5,0.14631424931361003,35,open,-1,,22,0.34217861420333173,0.07892993671778983,False,
9733,151,1843821.9575711323,0.12161557167431304,0.8619811004449709,33.5,0.02839013959736092,9,vol_sale,162,1120925.95760896,11,0.41797420966546867,0.049377220892434986,True,0.4558907886761848
9933,151,779133.9198440163,0.11376899889783049,0.49324249459696035,33.5,0.4887995966309291,120,open,-1,,22,0.28719649526091895,0.05419181802319645,False,
10588,151,873452.790672318,0.12474200168306289,0.3625982040655995,33.5,0.6499125736670683,146,open,-1,,19,0.22707235350013286,0.054490478220846045,False,
10848,151,1614924.915971434,0.13472772470401462,0.7884953790781584,33.5,0.08537866981310716,22,open,-1,,30,0.1661199555527896,0.04467518956936295,False,
11262,151,1233672.2363365144,0.133283938115544,0.7129812998978848,33.5,0.1851376521560293,48,vol_sale,163,1233672.2363365144,12,0.20343544217977835,0.0828544484434863,True,0.12414014325292122
11683,151,1458184.689443559,0.12443432626754727,0.5886018846497074,33.5,0.27109803250714326,76,open,-1,,18,0.21176885498328335,0.061009346854150104,False,
11829,151,1669130.7764851886,0.11928448968813099,0.6752460705168316,33.5,0.17485038615223836,44,open,-1,,25,0.22858191115001775,0.046300691904358926,False,
11918,151,803005.8620615946,0.13552932604037182,0.5303600066624499,33.5,0.4829353099469791,119,open,-1,,24,0.2408919397659803,0.06868425299586356,False,
12384,151,4044205.7060729624,0.1284241956232066,0.8064886344413923,33.5,0.12082808950611756,29,open,-1,,18,0.2550861808960328,0.048645319414467654,False,
12598,151,607322.9652256133,0.1389634498961343,0.8526936765037462,33.5,0.1600008042583032,39,vol_sale,164,570858.7799391609,13,0.10259752750623717,0.08828755269460212,True,0.1907097079677197
13711,151,403016.76796068763,0.12805156671620996,0.5986109466885526,33.5,0.3331747611323945,90,open,-1,,19,0.18534911927192854,0.040837603771078604,False,
13915,151,504500.87435613165,0.11248898275980429,0.709644315158198,33.5,0.2672384275901465,75,open,-1,,28,0.21803286216377513,0.04296751366529903,False,
14050,151,951880.7801222211,0.1304799394108437,0.8364794194513582,33.5,0.1600008042583032,39,cured,152,,15,0.0590421500221091,0.07923817193543511,True,
14079,151,652871.0245418323,0.12991384268868125,0.7519073645995209,33.5,0.14248225540803028,34,cured,160,,24,0.16372175118808638,0.06994487895144456,False,
14264,151,1929909.3543810584,0.13027691952446385,0.8432224622054153,33.5,0.12082808950611756,29,open,-1,,25,0.14321998390436563,0.041145274365019156,False,
14586,151,1276256.815566459,0.1364349538711728,0.8205230742857946,33.5,0.12548375994144445,30,cured,152,,22,0.33956651341143046,0.04997948953000195,False,
14611,151,1730727.3107427692,0.11815572053277949,0.8942615881326442,33.5,0.10592588101129419,26,vol_sale,163,1724849.630755957,12,0.026964467724635656,0.06455310558584978,True,0.11394802441274476
15122,151,2624814.2067179396,0.12100546985970052,0.5267654403862008,33.5,0.23186401158446968,65,open,-1,,20,0.24028260996818124,0.06991626405399778,False,
15247,151,1176470.7397558822,0.13701033573194796,0.7588509731338448,33.5,0.12997939289715466,31,open,-1,,24,0.1454441415768492,0.04209605616968685,False,
15297,151,1792472.9919404443,0.1139563541041297,0.7269375265024717,33.5,0.032141836621066844,10,vol_sale,160,1792472.9919404443,9,0.12803152262495532,0.08958700990997948,True,0.08154650080624037
16250,151,1183836.0506777142,0.123100871649708,0.9038260798124961,33.5,0.05714701071584649,16,open,-1,,18,0.29476302440965063,0.08663229023595147,False,
16492,151,1029284.7405315224,0.1248966927266226,0.8361101649031506,33.5,0.11104658936626466,27,cured,156,,29,0.30282864185304903,0.04492433518257458,False,
16599,151,1575199.0510233976,0.11689927769452109,0.6162761942287511,33.5,0.2597315386914343,73,vol_sale,166,1575199.0510233976,15,0.14267825760904232,0.04640879451693766,True,0.1353382977568025
17164,151,1256609.2644361958,0.12553790294797063,0.7035052469059637,33.5,0.1720548852584307,43,vol_sale,164,1256609.2644361958,13,0.0804255279358077,0.05729279388115613,True,0.12653999660417747
17238,151,848747.471284102,0.13702730641323682,0.8437081437475408,33.5,0.03601733536188201,11,open,-1,,28,0.23409005631467555,0.0686907425187973,False,
18160,151,1443556.0329679528,0.1217944978017925,0.6501947242812747,33.5,0.313722082843511,86,cured,155,,26,0.20938132241692328,0.08901505926629816,False,
18448,151,536619.951150658,0.12698154884509472,0.371446747551803,33.5,0.5998619336729307,138,open,-1,,28,0.14997798730056108,0.0769878613272964,False,
18534,151,537069.0935888859,0.11915719826540565,0.7304446544779024,33.5,0.12082808950611756,29,open,-1,,19,0.24124180474489543,0.07284808797161899,False,
18821,151,3254405.988290889,0.12308356454284564,0.80435225063227,33.5,0.032141836621066844,10,open,-1,,25,0.24497733185951712,0.05881867124638407,False,
18962,151,592595.9725333482,0.124200229152509,0.33096520988962486,33.5,0.6247807187057381,142,open,-1,,18,0.30992386666038213,0.08314706874056188,False,
19022,151,547552.805475948,0.12671287892423247,0.6071845179454367,33.5,0.024761137252306442,8,open,-1,,28,0.2835575930922688,0.045519645462153493,False,
19391,151,1356837.8452430903,0.1426018631880339,0.6979415551300808,33.5,0.16620068425402956,41,open,-1,,19,0.23406289483648388,0.04245124299823849,False,
19525,151,2547741.7732477766,0.11778961526704897,0.5976466671610431,33.5,0.1499747904341151,36,vol_sale,165,2547741.7732477766,14,0.08540466122397324,0.0610675068727826,True,0.12781275655268498
20165,151,1483634.1607906302,0.13453539025168437,0.7101514931602421,33.5,0.11601485519671795,28,open,-1,,28,0.13508198408795993,0.05349894197634698,False,
20865,151,364886.0750457051,0.12687069886406102,0.42778633266135696,33.5,0.6562395674642993,147,cured,152,,11,0.1177240327430199,0.04966175273767841,True,
20932,151,390838.8444942328,0.13431048866541376,0.5914659919389634,33.5,0.4149824762750616,105,vol_sale,160,390838.8444942328,9,0.01948001007776411,0.06519845386410889,True,0.09531938531046502
21996,151,466430.0992161654,0.11931620750604545,0.7235622977336789,33.5,0.1720548852584307,43,vol_sale,163,466430.0992161654,12,0.12916439387064305,0.061122316310514846,True,0.1119497314527127
22281,151,441807.1599614035,0.1340923160903256,0.7815615102165946,33.5,0.16314355107037937,40,vol_sale,165,441807.1599614035,14,0.06577639449147178,0.04094490847917473,True,0.144075774659977
22585,151,473913.253235506,0.1391496859527801,0.6995078597344314,33.5,0.27109803250714326,76,cured,159,,11,0.030398743483565336,0.08296997507447212,True,
22616,151,1360509.0115919432,0.11752251356516771,0.7026910766889777,33.5,0.2254057031201233,63,open,-1,,27,0.12135119013413224,0.06054965588900381,False,
23395,151,883048.2350271567,0.13022780518506266,0.725997634296038,33.5,0.22860994586261962,64,open,-1,,18,0.19447199504947613,0.057894656349332,False,
24534,151,1562296.5141133503,0.12363611966465332,0.7713763238114913,33.5,0.12082808950611756,29,open,-1,,24,0.06767437943689114,0.062169482316396525,False,
24711,151,1013669.4463159362,0.11838103948361534,0.5934067773834888,33.5,0.044144378972003295,13,open,-1,,19,0.23523748676526454,0.05137587064252058,False,
24836,151,1153615.674607555,0.12873639240009502,0.8754750369291996,33.5,0.04001778531262534,12,open,-1,,20,0.2572658732053897,0.07601198177199603,False,
25147,151,1629381.2408764376,0.1338562107881451,0.6878736664462839,33.5,0.1600008042583032,39,open,-1,,18,0.36102434749045775,0.04664518404360604,False,
25811,151,593861.7740232209,0.12388867366092765,0.5245494798148931,33.5,0.5196467229345902,125,open,-1,,18,0.30103650763473544,0.0842845178555052,False,
27104,151,1827877.5648004739,0.1338586307765613,0.6861481355324596,33.5,0.2524538292826235,71,open,-1,,19,0.11219020522809281,0.05541259518965086,False,
27608,151,1441101.3801625625,0.13139909355795487,0.842330262166358,33.5,0.11601485519671795,28,open,-1,,22,0.21401661935018115,0.04077276598596602,False,
28323,151,1081876.8692784694,0.13171143995084636,0.6388009389768763,33.5,0.19943741787223823,54,cured,153,,24,0.279824501406708,0.0721905899431845,False,
28479,151,2483664.6413283027,0.12062102729399188,0.7788652080714041,33.5,0.1775571402398215,45,cured,152,,23,0.2743133790635195,0.05165017053336243,False,
29006,151,1226196.5762764034,0.1386402647219343,0.6871343456753469,33.5,0.19205595604152714,51,open,-1,,21,0.26082506225585483,0.0742049221458674,False,
29656,151,4289332.540763582,0.13974611838196327,0.7678639284240264,33.5,0.15677327207607683,38,open,-1,,25,0.2602861672173181,0.0566451698374741,False,
38,152,885211.5948392285,0.13861334315517743,0.7169959030323505,33.5,0.19286163227590736,51,open,-1,,24,0.3313068156777216,0.0880687075238337,False,
366,152,2026941.9100713998,0.11895042445108545,0.7690790654218018,33.5,0.18825259324843802,49,open,-1,,27,0.25127161693529737,0.07413764163536844,False,
629,152,1270254.8547909027,0.11956999976248896,0.6447227248032239,33.5,0.14548508374467461,35,vol_sale,166,1270254.8547909027,14,0.19673152082164966,0.05133383640980657,True,0.1296048048630526
1378,152,2633145.4257317022,0.13024043483540348,0.7962829261001981,33.5,0.15299731167748343,37,open,-1,,19,0.3319552536478044,0.06799303672249915,False,
1550,152,1131535.527864664,0.11829923598121957,0.566898780921458,33.5,0.21930959668164207,61,cured,157,,21,0.2781074445063096,0.04411657063474435,False,
2012,152,1265882.587375771,0.13080731531655296,0.6582391968566638,33.5,0.04688874223356243,14,vol_sale,163,1265882.587375771,11,0.05182241476041296,0.08071221321662407,True,0.11242112501353796
2363,152,2246832.6753534046,0.12740454591838318,0.7307265130308841,33.5,0.10883262687803241,27,open,-1,,20,0.22439151104450414,0.0431685126750767,False,
2537,152,588469.8263756683,0.11844415888605474,0.7049928229359111,33.5,0.19758604189475704,53,open,-1,,22,0.26476794361782185,0.058773244555673676,False,
2623,152,1649475.7291280795,0.12406896856887561,0.6528592255429808,33.5,0.1751354404310792,44,cured,160,,27,0.33338595233401175,0.08052691002006282,False,
3003,152,3142570.077940006,0.12268935572059099,0.8054212308372902,33.5,0.11894811828718388,29,cured,157,,27,0.28573304135274596,0.048036608166948214,False,
3243,152,1309997.7719042336,0.11853389509387272,0.9874228545365943,33.5,0.034854653156965565,11,open,-1,,28,0.23527945147128737,0.0717142198378136,False,
3498,152,474241.5494137702,0.12067707795553068,0.7098821711122287,33.5,0.2557456999712979,72,cured,154,,28,0.2695625449233015,0.041786554985778934,False,
3939,152,4744086.938930267,0.12252077393174066,0.5083184970639286,33.5,0.15649348635142135,38,open,-1,,25,0.12704131282919226,0.08672666691478978,False,
4428,152,2049831.1479578346,0.1287714072736231,0.5666698456327944,33.5,0.14147326968544505,34,open,-1,,22,0.29225480120372244,0.07793528083701454,False,
4574,152,1343519.893956399,0.12735761007973437,0.7176957948188535,33.5,0.1751354404310792,44,open,-1,,24,0.22011046610050689,0.08675643702956055,False,
4894,152,813959.8730205363,0.12453196875630268,0.47291677504010765,33.5,0.5422475230804407,129,open,-1,,19,0.19957650197493293,0.040583668077743704,False,
5895,152,1222996.728765208,0.1157075470353077,0.8380486584960228,33.5,0.06443367430818614,18,open,-1,,27,0.13196188262553835,0.057769686033987085,False,
6453,152,1110473.93379542,0.12722612564836228,0.8270569071010078,33.5,0.014109825935867404,5,open,-1,,24,0.27071085911720755,0.07981714018766506,False,
6743,152,671935.4614580203,0.1238849729470976,0.7823093099449008,33.5,0.09835393409654847,25,open,-1,,22,0.11040085081475738,0.06957943249457779,False,
9151,152,914287.1970130347,0.11773657760733496,0.5117298898667493,33.5,0.4327664393233397,109,open,-1,,29,0.1627015054122345,0.04741120130899204,False,
9525,152,1016184.5568544551,0.11991242271388548,0.736100720415766,33.5,0.10883262687803241,27,cured,155,,9,0.015518046396110888,0.08384123141242941,True,
11261,152,655912.2162836012,0.1275234064966384,0.7090968183283489,33.5,0.08823141068525309,23,vol_sale,166,655912.2162836012,14,0.01698209108148517,0.06342350414655626,True,0.13756227824967915
13356,152,1217942.0323941235,0.1121369900204721,0.9133122898408328,33.5,0.08330129929542496,22,open,-1,,20,0.2456021481209804,0.04519272215705755,False,
13698,152,738413.2790547799,0.11704300253700481,0.7240415460866052,33.5,0.06902444535160335,19,open,-1,,25,0.2634240454230215,0.052582621178873586,False,
14987,152,1366785.7947987053,0.11566105924402659,0.6259213140616026,33.5,0.14147326968544505,34,open,-1,,20,0.3006416906437496,0.06586973524202783,False,
15343,152,1981851.3719408237,0.12144640906146723,0.4816274662475541,33.5,0.4327664393233397,109,vol_sale,167,1981851.3719408237,15,0.02832990836348597,0.07632044439737322,True,0.14019096456724667
15842,152,1986425.3982235005,0.12588247517954945,0.9961315416069031,33.5,0.020542295019524204,7,open,-1,,27,0.28327536123449504,0.04746133124477304,False,
15917,152,611503.5252612497,0.13677640530634652,0.5046370993205272,33.5,0.48683296362959916,120,open,-1,,20,0.38265482928743133,0.05400845439969804,False,
16305,152,618707.6492994112,0.12094205259291062,0.3099837077679614,33.5,0.5916555218198651,137,vol_sale,164,618707.6492994112,12,0.00985274840181706,0.06412503483388023,True,0.11337810306725227
17223,152,926898.8241488541,0.1231665380435841,0.6647095262494942,33.5,0.2318391467912604,65,open,-1,,18,0.3041796680594116,0.07125347247284594,False,
17356,152,1754286.066311062,0.11992327129122128,0.769823882102018,33.5,0.19060335082977353,50,open,-1,,25,0.3181915735653301,0.053408359944067556,False,
18612,152,1924887.7364960115,0.12264321178770125,0.7515118081809959,33.5,0.1722443695766389,43,open,-1,,20,0.16101468571638083,0.07372450011864157,False,
18684,152,1134902.8667418526,0.1343246764673402,0.7112323959409043,33.5,0.24177821123813747,68,cured,153,,10,0.06129741728813088,0.06647906797680171,True,
18750,152,1166927.3471631147,0.12133383915741286,0.502680802592585,33.5,0.3867432616350679,100,open,-1,,30,0.23367047660302212,0.07508460266770847,False,
18899,152,1651121.2400709158,0.12870947602027824,0.8286106209755344,33.5,0.15649348635142135,38,open,-1,,24,0.254732020948133,0.07578575753629267,False,
19829,152,1615971.559177438,0.12881519336955946,0.9925741111178163,33.5,0.02393796348717947,8,vol_sale,161,1411003.5643173826,9,0.05054608677709631,0.05390635747467472,True,0.2068410970984682
19877,152,1061118.8985386868,0.12392908824949204,0.7487361766367804,33.5,0.1751354404310792,44,open,-1,,26,0.25635554814895317,0.04868140506468847,False,
20264,152,708237.1134133297,0.11689673213855781,0.8368499241483914,33.5,0.132949359498171,32,vol_sale,161,686615.9132925089,9,0.12557713372017004,0.04321309209509818,True,0.11152801420324143
20980,152,1398561.120310972,0.1196704308747229,0.728079963368163,33.5,0.13729393125580658,33,open,-1,,30,0.215898524297582,0.07983794490375387,False,
21280,152,403288.096120946,0.12198563528015359,0.5332650425832142,33.5,0.26677054592116645,75,open,-1,,25,0.27722029696611017,0.07746287709969675,False,
21950,152,1304944.2964497227,0.11784657199317554,0.6923085344496759,33.5,0.1751354404310792,44,open,-1,,20,0.3527420653943755,0.043415819585808764,False,
23165,152,867962.3636972269,0.12290319584600568,0.7216645590583585,33.5,0.1722443695766389,43,cured,156,,24,0.10316251222410254,0.048423737450923675,False,
23257,152,2454261.859423586,0.12880481834365934,0.8488221516621961,33.5,0.008149749311749499,3,open,-1,,25,0.21328430320471173,0.07845849090895943,False,
23661,152,2105852.917907486,0.11884990035578682,0.7843581041896311,33.5,0.19060335082977353,50,open,-1,,28,0.3434378019526307,0.06110323209771437,False,
24132,152,1115664.3296728411,0.11587288513359154,0.6028517033236824,33.5,0.12844191050421006,31,open,-1,,29,0.217486309743026,0.06406767997902534,False,
24187,152,927232.9764381702,0.12014017792736632,0.6799015289898157,33.5,0.22862648221913906,64,cured,157,,28,0.2893525062393611,0.05763583139276048,False,
24468,152,2018075.1434798,0.12878210522712485,0.7042359181274529,33.5,0.12377400339821021,30,open,-1,,23,0.2758105549794297,0.04302098022575909,False,
25076,152,993243.3945676917,0.1202298383464784,0.3348296842740285,33.5,0.6416235724864354,145,open,-1,,24,0.23848631140701848,0.04583999128919965,False,
25311,152,1111116.4267055618,0.12925092700655932,0.7276065115639215,33.5,0.16304967724435482,40,cured,153,,30,0.13699604026386875,0.07286059741414824,False,
26044,152,786351.6216718777,0.12597307409994282,0.6781462481169322,33.5,0.16304967724435482,40,vol_sale,166,786351.6216718777,14,0.07029580674960162,0.0746540651023508,True,0.13601729081170266
26493,152,1294208.7989243255,0.12112582908556271,0.6536495979923275,33.5,0.19060335082977353,50,open,-1,,19,0.2063367747477054,0.07199557813779278,False,
26498,152,1999060.2209484356,0.11549083752262827,0.8275440407820407,33.5,0.16304967724435482,40,open,-1,,28,0.18533640327818926,0.05105092550043327,False,
26661,152,1749830.9602936842,0.13138165873763974,0.7815334168360139,33.5,0.15649348635142135,38,vol_sale,167,1749830.9602936842,15,0.11081708797508863,0.08739137778987899,True,0.1506930068377057
27591,152,1182820.563170245,0.12433109895364097,0.6249337761946373,33.5,0.3080258806991829,85,cured,158,,13,0.19243307728308434,0.05686025517785276,True,
27899,152,505806.28780678206,0.13276097546611682,0.7277237701238094,33.5,0.15649348635142135,38,open,-1,,20,0.24368205905335227,0.060145721055541806,False,
27934,152,553741.4159708829,0.13580269799610065,0.5216430102299014,33.5,0.22862648221913906,64,open,-1,,28,0.2881729982148615,0.057684746880575816,False,
28278,152,1473946.3535107293,0.12007380653250035,1.0110865601809735,33.5,0.008149749311749499,3,open,-1,,21,0.2861984648190984,0.07626361987947819,False,
28936,152,474621.7154155479,0.11463473263904109,0.358856837926178,33.5,0.3634984367845826,96,open,-1,,24,0.35939693287737245,0.046841028653368436,False,
568,153,425086.385225439,0.13410889631729866,0.7318493143551593,33.5,0.10635937880707802,27,open,-1,,24,0.20794003060684305,0.08690289394812198,False,
672,153,1202850.8486792743,0.1293182202319875,0.8236878666597292,33.5,0.18629051324720747,48,open,-1,,28,0.36775534833099727,0.06820144313451604,False,
921,153,2691483.5372473737,0.11795271222667533,0.6179552477340678,33.5,0.2224155920449149,62,open,-1,,26,0.30109756530995124,0.057840558899237254,False,
1047,153,2089690.2557100602,0.12444561828625134,0.8692383662920302,33.5,0.13131643503127655,32,open,-1,,20,0.1138316633311062,0.0626062235109564,False,
1185,153,605675.3119231778,0.12288982517296493,0.8262544961854308,33.5,0.2056533482997016,56,open,-1,,28,0.1800790672899115,0.07664784659247616,False,
1309,153,2524626.142405571,0.12414660506248267,0.6992605110107493,33.5,0.195900255697685,52,cured,156,,19,0.2084674131250892,0.08425508853999333,False,
1477,153,1381153.1743560566,0.13078332648581686,1.0055783915536063,33.5,0.013646717400439323,5,cured,158,,20,0.3548511110448734,0.07309769599800077,False,
2816,153,1870987.2050592618,0.126812592206106,0.7294324042778707,33.5,0.18365967893757063,47,open,-1,,24,0.38988861498803506,0.0687953091142913,False,
2963,153,1256271.5025197219,0.12101433643477927,0.45683597423266825,33.5,0.2254634420525512,63,open,-1,,20,0.1942406015765444,0.07090462376990589,False,
3681,153,1357192.206074992,0.11935867915462355,0.7107287924045327,33.5,0.18093889744443725,46,cured,162,,24,0.2153183702951237,0.06307683341988944,False,
3717,153,1226715.261714226,0.11034097399485408,0.6816798314268587,33.5,0.1484030230182536,36,open,-1,,18,0.21148313614803343,0.07256834915183435,False,
4141,153,731593.5877617602,0.11787114679700421,0.7244612174603059,33.5,0.08120457011364812,22,open,-1,,28,0.3218458793655937,0.07592324113104897,False,
4524,153,1097189.4685412485,0.11929520080688653,0.8246461075118066,33.5,0.17224436957663936,43,open,-1,,21,0.2008919076000854,0.07207679711810494,False,
4689,153,3503491.3249561028,0.11190851448707582,0.7404340322993854,33.5,0.159439467762573,39,open,-1,,23,0.3010024939396259,0.06891628687971108,False,
4821,153,945259.613314549,0.12540033053845928,0.7764279733131084,33.5,0.07643379484696844,21,cured,158,,21,0.27375529947350097,0.06382081226019201,False,
5253,153,1444206.8714563283,0.11331301541366533,0.6599735950855655,33.5,0.18093889744443725,46,open,-1,,18,0.3653215848764703,0.06556926482812465,False,
5295,153,1871927.769348085,0.11489937117912692,0.7308642756015776,33.5,0.17812890922615,45,vol_sale,164,1871927.769348085,11,0.012821720511696376,0.055103218848281954,True,0.09951644933640247
5318,153,750172.136348004,0.12467399823442699,0.6293599559890238,33.5,0.023141962605985666,8,open,-1,,27,0.15046300913591895,0.044444656421354395,False,
5964,153,792705.3506853562,0.11689667668286279,0.8226627190723186,33.5,0.17224436957663936,43,cured,162,,11,0.026069670930194657,0.07187932677533276,True,
6574,153,871102.3018995342,0.11520608071067008,0.8931111196811369,33.5,0.09100350542227087,24,vol_sale,162,871102.3018995342,9,0.012083300671320279,0.04320384398171263,True,0.08239882477697502
7791,153,846393.4191967989,0.12304037203131325,0.8169016071984431,33.5,0.08606083536550635,23,vol_sale,166,846393.4191967989,13,0.03418503116692123,0.04498601328814664,True,0.12419780403804281
8127,153,1217643.9470174094,0.1181952942224385,0.7876337511545665,33.5,0.09100350542227087,24,cured,160,,26,0.1878580202201211,0.06798486500840902,False,
8138,153,700549.0730110981,0.13037187550545254,0.823159105541742,33.5,0.17224436957663936,43,cured,158,,26,0.1914972184360889,0.0856307467417429,False,
8200,153,1693534.105047978,0.13694190587754174,0.7247535482089459,33.5,0.11165719990452372,28,open,-1,,26,0.08019539719595957,0.05915536500044278,False,
8470,153,3604303.2189166215,0.11736753399110428,0.7227245556292274,33.5,0.18093889744443725,46,open,-1,,20,0.14680211880243174,0.046791806924331374,False,
11023,153,1402574.073232614,0.11234794941683608,0.6232682569666187,33.5,0.15225487574027574,37,open,-1,,20,0.2774944884188252,0.07560247113582588,False,
11141,153,762311.3707004399,0.11243091178009129,0.46396180511793506,33.5,0.44507272373052853,112,cured,162,,26,0.179498884671991,0.04333624360977318,False,
11257,153,2717811.8762410083,0.13253306862353442,0.7065621071374706,33.5,0.17523047383304502,44,vol_sale,164,2717811.8762410083,11,0.025300802748375085,0.05386344006751855,True,0.11380889669369143
12587,153,5847578.610414763,0.11370271481554696,0.7229650959595738,33.5,0.16917139319275698,42,open,-1,,19,0.17929609443624459,0.04270591535536284,False,
12967,153,2223695.1660039336,0.11546095347016432,0.7756687972045679,33.5,0.15225487574027574,37,cured,161,,24,0.2688875117814913,0.07493455978269699,False,
13551,153,653986.5265356548,0.13037907526641038,0.7236146824962416,33.5,0.11165719990452372,28,open,-1,,18,0.1938081082058316,0.07335990158152819,False,
13630,153,2338223.007734833,0.12557496966073248,0.5502855315212317,33.5,0.28566070872249205,80,vol_sale,167,2338223.007734833,14,0.00030750049669573933,0.047717777546809184,True,0.13562008055921748
13900,153,1976186.5659370588,0.11927801718390149,0.5217394810861045,33.5,0.4271621599133337,108,open,-1,,25,0.21079058613615936,0.042210363466844036,False,
14894,153,1386260.4122474568,0.11994077300755757,0.6550957995520204,33.5,0.18883067933156572,49,open,-1,,29,0.2535613789056488,0.07620225183289334,False,
15217,153,1328892.3219845688,0.11973824238311938,0.8869465394243983,33.5,0.09603351406762406,25,cured,160,,19,0.2796832474989344,0.08832286308730854,False,
15393,153,875070.757459585,0.12252172510344536,0.5823266089993466,33.5,0.15593438714517638,38,open,-1,,27,0.3205067385435249,0.08699309776718282,False,
17128,153,214642.43080512315,0.12744605373253928,0.5842280753572355,33.5,0.2165394917219401,60,open,-1,,21,0.194236256657359,0.042875648743443774,False,
17513,153,726149.3269551331,0.1270435114374998,0.7036978269158469,33.5,0.18883067933156572,49,open,-1,,27,0.3984219808789633,0.07534057648345649,False,
17850,153,790561.6996523436,0.11968874506509619,0.5967521511256776,33.5,0.33009431929157773,90,cured,155,,30,0.13271499628141756,0.05715353392265299,False,
17959,153,2009922.295478571,0.1180070776286679,0.6552004018584592,33.5,0.19363622164227157,51,open,-1,,23,0.19351798870940348,0.07570558775852837,False,
18863,153,1922865.5054662586,0.13883992543995727,0.9215674144012181,33.5,0.049555523162778004,15,open,-1,,15,0.10574207813320544,0.07087594865212625,True,
18908,153,1420584.7967310685,0.11729406301433024,0.5271900685441627,33.5,0.2165394917219401,60,open,-1,,18,0.25715582825639655,0.06456965038027646,False,
19949,153,2209810.4825191544,0.12553240142839098,0.7471305430375524,33.5,0.159439467762573,39,cured,158,,25,0.2559549343273115,0.0627638391529304,False,
20027,153,1178370.7195178515,0.1291313397751379,0.7477450413678041,33.5,0.07643379484696844,21,open,-1,,30,0.17585336084090689,0.04307908969043359,False,
20925,153,856965.4388532946,0.12584510728016216,0.5065950017788547,33.5,0.4015065655898469,103,open,-1,,19,0.2471849817517165,0.05291905561307424,False,
21125,153,2510038.820141114,0.12080020913822018,0.8203487770440865,33.5,0.16917139319275698,42,open,-1,,15,0.025581986972132417,0.0623381690829591,True,
21554,153,3374045.7087654755,0.13132767309920385,0.7594955711076213,33.5,0.023141962605985666,8,open,-1,,20,0.16777180538659026,0.07844025208430566,False,
22114,153,575249.548689837,0.11871134023042285,0.6779474707396236,33.5,0.17523047383304502,44,open,-1,,20,0.31553776383933535,0.051681694181361114,False,
22237,153,535543.6162201002,0.14271284023117065,0.3984270747014644,33.5,0.5647783915209525,133,open,-1,,19,0.21788594886044008,0.055871897374564,False,
23047,153,2120662.2642250694,0.1285348709771746,0.4799146539962342,33.5,0.2738057280457904,77,open,-1,,23,0.3389558633580204,0.06592357123094003,False,
23320,153,1155491.4524746125,0.1214775195406788,0.6337852080543853,33.5,0.26257575393761856,74,open,-1,,20,0.10012149779709524,0.04696193126634107,False,
23770,153,303811.68088275136,0.14298329908305535,0.7282040168607603,33.5,0.17523047383304502,44,vol_sale,165,303811.68088275136,12,0.08805157845725953,0.07924572065106503,True,0.13249860852047457
24305,153,760688.8696897964,0.12627678464443226,0.5141481812831549,33.5,0.2137103410797494,59,vol_sale,163,760688.8696897964,10,0.21683775574150427,0.06872674932906854,True,0.09938807783751868
24894,153,1117204.1323235924,0.13826495101139555,0.6717193314604933,33.5,0.3252596049898395,89,open,-1,,29,0.36993086926940966,0.061353341370907796,False,
24896,153,1479462.9467142294,0.13197805357955228,0.7024615159275827,33.5,0.15593438714517638,38,open,-1,,22,0.2762981326578099,0.06467327482421917,False,
25357,153,2702749.434325881,0.13762357805527592,0.7427897755713548,33.5,0.17224436957663936,43,open,-1,,29,0.12361500006196528,0.05043535254968236,False,
26295,153,1909841.7066968428,0.13145024973206662,0.6350404328267824,33.5,0.14438098950704892,35,vol_sale,162,1909841.7066968428,9,0.076086049012769,0.040381513481404646,True,0.09339790033095396
26833,153,2539571.9183396366,0.12557449611155047,0.5753865878662274,33.5,0.1401910048840076,34,open,-1,,22,0.1878080562121102,0.08641122158658576,False,
27257,153,2313045.8194866204,0.11639147876394255,0.6537328038478731,33.5,0.2699974404298868,76,open,-1,,25,0.43893762379635254,0.05531968812637863,False,
27798,153,570882.1822764587,0.12470426030636378,0.7607297084439033,33.5,0.18365967893757063,47,open,-1,,23,0.18104330107218344,0.07208677078370779,False,
28247,153,1990778.7503189007,0.11865094966691349,0.6662043116450209,33.5,0.23175621085192644,65,cured,160,,27,0.3959262211412695,0.06353294338805011,False,
28524,153,1419543.1281180268,0.1193063877230642,0.6633085595981801,33.5,0.17523047383304502,44,open,-1,,19,0.423907783674817,0.0774266739193003,False,
28729,153,1066997.3348535772,0.12427807711319241,0.6086215069672573,33.5,0.39027576736815717,101,open,-1,,30,0.1928141635674444,0.049646045429763974,False,
29848,153,1608299.6105548504,0.1213738765570124,0.7977536678313023,33.5,0.1660123594988112,41,cured,162,,27,0.3489302367060545,0.07859155059171762,False,
247,154,1177527.6611253726,0.1303715143249691,0.5270490400519895,33.2,0.13410656655790465,33,open,-1,,27,0.2957659148888952,0.08194544107675171,False,
1078,154,1379964.8302498262,0.11433091771238238,0.6440693472274392,33.2,0.1688880605351759,42,cured,162,,23,0.28407906491330853,0.054010551000407386,False,
3155,154,1480811.3832403317,0.1141213050693751,0.7443842340940481,33.2,0.216703678206287,60,open,-1,,30,0.18768139604766892,0.0480565836809576,False,
4354,154,303286.04319338634,0.11889718548289742,0.3762582793076754,33.2,0.2693828742623334,76,cured,156,,25,0.23966060291126262,0.05002212871309663,False,
4397,154,381378.5979153694,0.1118157910694837,0.5346508101937549,33.2,0.25144345943883395,71,open,-1,,18,0.22077883648323593,0.0404905646816249,False,
5832,154,838820.7480826231,0.14168408826664072,0.8224846000485662,33.2,0.12941522706429143,32,open,-1,,29,0.22843853764014901,0.0784367320097147,False,
5912,154,1142096.642148866,0.1146073254624193,0.3457644435483439,33.2,0.6183763344230642,142,open,-1,,19,0.20469837865361806,0.052865177444511434,False,
6351,154,902461.1195833839,0.11312502758506039,0.5930265962345119,33.2,0.292938496186226,82,vol_sale,165,902461.1195833839,11,0.19744295865949132,0.07965491224850843,True,0.09806444439290585
6613,154,2552310.717037797,0.12510591487928568,0.7910511761046944,33.2,0.165635800865227,41,open,-1,,15,0.02450324606439,0.0667602511700566,True,
6834,154,1509213.8540043638,0.11712992195763901,0.5869803834365063,33.2,0.3647286131452434,97,open,-1,,18,0.3342323040029567,0.048742604717359354,False,
7000,154,1104781.5094294075,0.12468942400472899,0.8175054043680839,33.2,0.17513544043107965,44,cured,162,,9,0.0356808097259506,0.06890829180413299,True,
7406,154,5170891.343258592,0.11367105171484496,0.7041976824714512,33.2,0.19884966834900264,53,cured,162,,11,0.003939944044376226,0.04413364034319328,True,
7691,154,1484324.5234332113,0.11694585929426571,0.8851381939301067,33.2,0.10908795950033467,28,open,-1,,22,0.33543846066810673,0.06473741167484348,False,
8243,154,995820.2975009595,0.13577146721654068,0.6029892508332669,33.2,0.18385141135014216,47,vol_sale,166,995820.2975009595,12,0.004902567671243318,0.0810956792614676,True,0.12629206809860105
9163,154,1174146.1071171956,0.12292358575492562,0.5256431347218841,33.2,0.17812890922614977,45,open,-1,,23,0.264847798912209,0.08426696385355616,False,
9584,154,1383888.6020809188,0.12449049607573306,0.8127126894770528,33.2,0.07908857097708566,22,open,-1,,18,0.1979151708912042,0.06259036613957875,False,
9762,154,713855.3465364847,0.12497964151705793,0.719633402515343,33.2,0.2620494072468147,74,open,-1,,29,0.17334019748666754,0.045620349694468765,False,
10380,154,2784569.253998958,0.11657002025760911,0.7449448719430555,33.2,0.16229895827473184,40,open,-1,,28,0.2539101307940822,0.05784707985626081,False,
12478,154,1592905.701138838,0.11461061753245223,0.8898576650888337,33.2,0.10908795950033467,28,vol_sale,165,1465299.1836762151,11,0.07632131210868534,0.08837830188237006,True,0.17143632447362078
13360,154,4694977.444714525,0.12333051210067522,0.7955868356268979,33.2,0.10386755177058493,27,open,-1,,25,0.22269516730561278,0.0466483554692266,False,
13561,154,444742.9683300057,0.12423061013254819,0.7158342625518328,33.2,0.22543039866876824,63,open,-1,,26,0.2633981109782968,0.04028824757495974,False,
13817,154,1359821.073175172,0.11749613171054073,0.8022540149588823,33.2,0.11439884645381215,29,open,-1,,25,0.23584697632707136,0.08779713410892497,False,
13844,154,1743473.8022675102,0.12418147913638311,0.6821317125571225,33.2,0.17513544043107965,44,open,-1,,28,0.17535251233962681,0.04168826747560647,False,
14715,154,971355.227097522,0.11622571729045388,0.7697711476676178,33.2,0.14300302349400584,35,vol_sale,165,971355.227097522,11,0.02136389727404974,0.08835797131864465,True,0.10060017731852589
14786,154,1330737.8128300384,0.11778839001806868,0.7812116295124674,33.2,0.13410656655790465,33,open,-1,,21,0.27745491651377635,0.062231900918693364,False,
15228,154,278285.3165643849,0.1174029863148549,0.7645648051146836,33.2,0.23802284576157895,67,open,-1,,27,0.41645209358971985,0.05994798001075116,False,
16364,154,844581.0544500418,0.1132639448677228,0.7043498232500289,33.2,0.11439884645381215,29,cured,162,,11,0.07251284170157754,0.07738176207713567,True,
16649,154,1362719.307068638,0.1173578596490665,0.4572789533249213,33.2,0.46728768536654286,117,cured,161,,29,0.1673778317292314,0.06506208110728785,False,
18131,154,1339576.5013076859,0.12547212800617857,0.8805306462591193,33.2,0.09369421438917125,25,open,-1,,20,0.19241417932247246,0.05532280270798121,False,
18163,154,4101078.9808925446,0.12988681040876632,0.8025497309387668,33.2,0.18921622568119978,49,open,-1,,24,0.203205511419066,0.05920900456992507,False,
18232,154,380868.3269664891,0.12398593752466812,0.46441552754369336,33.2,0.4723563416874337,118,open,-1,,18,0.26669475771903123,0.04186023644913193,False,
18330,154,910511.0068150134,0.12326354927372321,0.300016293949658,33.2,0.420820157249961,107,vol_sale,165,910511.0068150134,11,0.012465973982247752,0.04638121208549633,True,0.10632687962531784
19261,154,593913.4061838317,0.12071382312849256,0.8504474398236372,33.2,0.07439083217181874,21,open,-1,,21,0.3414345226469582,0.06835603004315893,False,
19409,154,1199770.1463646644,0.12434649036043056,0.346358430629191,33.2,0.216703678206287,60,open,-1,,19,0.14026265602323315,0.05848102155610689,False,
19600,154,3036202.960641456,0.11304071950012831,0.740151510439962,33.2,0.19421749244529196,51,cured,155,,19,0.28994844306200834,0.06481993104286601,False,
19623,154,412642.3641989154,0.11846868884151078,0.4915875501537889,33.2,0.4623827149612436,116,open,-1,,18,0.16087685586189687,0.04652223583007703,False,
21065,154,1026257.1863542317,0.11325603623349557,0.8372306241864769,33.2,0.12456511653319335,31,open,-1,,19,0.13416242959211067,0.0698366118021945,False,
22826,154,1460527.9413839772,0.11967607439487768,0.9110755331681567,33.2,0.02237313195291679,8,open,-1,,14,0.1307205175619278,0.07096182549098734,True,
22970,154,444990.2627918231,0.11228180392287174,0.535371849844636,33.2,0.420820157249961,107,open,-1,,20,0.2414672587619669,0.061923691303432185,False,
23445,154,915961.6887194471,0.11570232078881293,0.7271390073130738,33.2,0.0479858009869667,15,open,-1,,23,0.2881326612810769,0.07869508784264712,False,
23638,154,1579010.322577613,0.12098391868965838,0.433850528962436,33.2,0.4885587310882258,121,open,-1,,28,0.2194704996036168,0.05763033800558465,False,
24283,154,471670.82863463415,0.1227484894867323,0.6665980215894608,33.2,0.10386755177058493,27,cured,159,,20,0.15537133796844868,0.06249312609203451,False,
24549,154,1327666.000561434,0.11647426545010389,0.7472101611575233,33.2,0.06524626062332284,19,open,-1,,24,0.274576904525156,0.07439609630536756,False,
24824,154,513008.74920343084,0.10953242701546612,0.6916500774221784,33.2,0.2139397481462484,59,open,-1,,25,0.20595290411423295,0.07671268295930676,False,
24931,154,1396199.1570648996,0.12316737958829088,0.7809840112697471,33.2,0.19421749244529196,51,open,-1,,18,0.24067122968440866,0.08569686162388579,False,
24978,154,360608.13501851243,0.13202462530372394,0.559159728310656,33.2,0.4623827149612436,116,cured,155,,30,0.4278840450898571,0.07882575765167332,False,
27554,154,1473995.9490379689,0.12737323132264475,0.5846193991490815,33.2,0.1688880605351759,42,open,-1,,24,0.10986564193347262,0.04957362418135886,False,
28016,154,618449.6074203142,0.11681652660031211,0.9700404164023472,33.2,0.0400495113247914,13,cured,158,,15,0.02356936016272129,0.0659561129373215,True,
1148,155,2375572.068604443,0.12022667220769331,0.6969112365217989,33.2,0.15785170043591568,39,cured,161,,15,0.06794417317407761,0.08097611655406775,True,
2728,155,1268408.860500231,0.13684243236335988,0.702661882134398,33.2,0.19943404712650392,53,vol_sale,165,1268408.860500231,10,0.011955782490304719,0.08781212114959885,True,0.10719765279020355
2795,155,3223622.9760408006,0.12594312429864343,0.8942972686812429,33.2,0.09630281505483307,26,open,-1,,30,0.27303145558969055,0.05901334997984848,False,
3662,155,1145968.2629865513,0.13288701362743852,0.8692782615659397,33.2,0.031532503831741776,11,cured,163,,9,0.00718936063933643,0.042889729267737944,True,
4399,155,296116.1398469136,0.12034136584349446,0.6696321776387556,33.2,0.22835320699273365,64,open,-1,,23,0.2480056493558165,0.0725685838901735,False,
4765,155,1098318.5336867645,0.12455563333322739,0.6022762028966705,33.2,0.28786207765086225,81,open,-1,,18,0.24315033129080083,0.08223091854465352,False,
6163,155,785229.293408878,0.11360653689133565,0.7510274396013683,33.2,0.15785170043591568,39,open,-1,,21,0.2830351023103859,0.07824486220664673,False,
6751,155,1857039.3666269805,0.12561197059657397,0.8173410685613515,33.2,0.20405378938968433,55,open,-1,,14,0.03206915714529847,0.058322759685607815,True,
7592,155,2496680.454707803,0.1123772674998539,0.6353282775956515,33.2,0.15785170043591568,39,open,-1,,14,0.05163952411023744,0.05649071320764343,True,
8101,155,845608.7996948953,0.11731093060156536,0.6081865237159484,33.2,0.201709078229515,54,cured,157,,14,0.2762484647869433,0.05314439173929813,True,
9317,155,2264254.7136845137,0.10947199536842708,0.9333237569625766,33.2,0.06778700927865655,20,open,-1,,19,0.335461440548246,0.06294562995954558,False,
9528,155,1370816.533593431,0.12609189541894955,0.7302227496534985,33.2,0.2253642610731068,63,open,-1,,23,0.30928292548691205,0.062373713397937375,False,
10037,155,1998490.2011861734,0.11864924191455534,0.7636938550733696,33.2,0.10650041714782321,28,open,-1,,19,0.3421388181836634,0.06253234449719018,False,
10075,155,755415.3233252806,0.12453343352531321,0.9290560805484381,33.2,0.07695339180056249,22,open,-1,,29,0.18206690986684193,0.08918207260284217,False,
10712,155,1271651.884265678,0.11203791772455447,0.509408919297333,33.2,0.15785170043591568,39,open,-1,,30,0.25374734126602577,0.0415911713302744,False,
10908,155,564142.0488816646,0.1315766788220125,0.6907387231941067,33.2,0.1684159914212815,42,cured,162,,12,0.09239320183839476,0.051123538475090574,True,
11488,155,1212014.862978442,0.13506139299044045,0.34801989997709,33.2,0.5161524518172256,126,vol_sale,165,1212014.862978442,10,0.13478094535326984,0.06666673951731984,True,0.10588643837243983
11655,155,2030165.9510267458,0.11913806441285901,0.6243972980726111,33.2,0.17167600814674744,43,open,-1,,25,0.2503187784012491,0.06086156530131827,False,
11828,155,2354097.6229348155,0.13152901565458822,0.8389710648438938,33.2,0.02481162270972903,9,open,-1,,22,0.2637347706120449,0.07860171899418637,False,
12009,155,1372534.9680099005,0.12079343966595449,0.7390237731650892,33.2,0.1457292319796244,36,cured,156,,20,0.2298354824734084,0.08690575401972665,False,
12243,155,1367520.5580946654,0.1249913001115126,0.5759216955396942,33.2,0.34152002048687446,93,cured,163,,24,0.3773611224364002,0.0731014959304341,False,
12247,155,1326851.5054043822,0.12291775926705435,0.7986847478057999,33.2,0.03507517769991164,12,open,-1,,13,0.02569195721357112,0.07520910013512017,True,
12585,155,1850269.083962214,0.11123507017213204,0.692338495606867,33.2,0.05465350833529348,17,cured,158,,30,0.3062874669254494,0.041538308746958824,False,
12922,155,4785342.9346719785,0.10855036182923426,0.6655475364280453,33.2,0.17485038615223836,44,open,-1,,18,0.2589330354126282,0.04647212055655046,False,
14146,155,146223.5361728076,0.11312508742760932,0.3829494858525457,33.2,0.6601523923809631,149,open,-1,,24,0.2196061602886513,0.06876504162259627,False,
15542,155,1627092.7415367623,0.12066851998805661,0.5570350103930884,33.2,0.17167600814674744,43,cured,158,,28,0.24052434395496053,0.04995653461993694,False,
16208,155,1814820.7431405534,0.11784910640643242,0.7241705529018503,33.2,0.16507119003417903,41,open,-1,,15,0.025465718730220924,0.043538389648157476,True,
16251,155,3748224.014571899,0.11833982330408932,0.7831673619071025,33.2,0.07695339180056249,22,open,-1,,26,0.14556441601085665,0.042798422098927445,False,
16398,155,1475320.0288761791,0.12273493620702207,0.8973913591867428,33.2,0.05048538123717905,16,open,-1,,29,0.0901099435333434,0.0785933839480649,False,
16580,155,2885298.3996958686,0.11598172718796558,0.7888316515313848,33.2,0.01857028344476297,7,open,-1,,22,0.4045003336852586,0.07806247299766841,False,
16840,155,3573525.8365571895,0.11640714002775447,0.8194050331890651,33.2,0.01280135482615452,5,open,-1,,26,0.19446820950023191,0.08906991438482308,False,
19091,155,1737641.710090098,0.11688769285738346,0.8584834623271876,33.2,0.15398113818626014,38,open,-1,,19,0.3095826207224351,0.05210332393435008,False,
19322,155,944006.1197184242,0.1300427311541162,0.95129851856099,33.2,0.031532503831741776,11,open,-1,,21,0.16555388535697352,0.0611898103336492,False,
19531,155,1109694.3161232234,0.11675380347516111,0.898813385856071,33.2,0.10135725586115885,27,open,-1,,23,0.17084531029626498,0.06186963005986029,False,
19546,155,1298768.6696153006,0.12489648026621117,0.8210495099547754,33.2,0.01857028344476297,7,open,-1,,30,0.18665389061942672,0.04737534121517645,False,
20971,155,1543939.9485925138,0.11529695021867917,0.8154202846068348,33.2,0.17167600814674744,43,open,-1,,24,0.2806587408141467,0.0610521242801962,False,
21793,155,1832550.693192947,0.11116806959424824,0.7336982949985615,33.2,0.1457292319796244,36,open,-1,,23,0.2367678752828481,0.06869306968101281,False,
22303,155,3425246.6984092635,0.11172091012882727,0.6073543287638709,33.2,0.12724734825113915,32,open,-1,,20,0.35928196993007105,0.06180556341433148,False,
22473,155,938189.5716496101,0.13419107555525334,0.9649562020838947,33.2,0.03874070531471996,13,vol_sale,164,862102.7879719769,9,0.0027407464308495904,0.08076423035595737,True,0.16861497488137545
23648,155,570987.1592754335,0.11697905213991043,0.7267765729234389,33.2,0.23141586126160618,65,open,-1,,13,0.0017887850891224078,0.04971426793788673,True,
24369,155,1049390.4703715472,0.12987398076031614,0.64233388564667,33.2,0.18385141135014238,47,vol_sale,167,1049390.4703715472,12,0.06192722751212192,0.08565794488416746,True,0.12118090367390832
26110,155,849459.1062748105,0.11637801250205451,0.32932994255036335,33.2,0.6222363690906381,143,open,-1,,19,0.10788249342470956,0.0833720047299983,False,
26202,155,556304.4229608756,0.13158430592008524,0.8998480723509069,33.2,0.04253016250852126,14,open,-1,,14,0.09753421189705101,0.08269499275705065,True,
26276,155,1383577.896229311,0.12419178847087294,0.8060664312875194,33.2,0.17485038615223836,44,open,-1,,22,0.25159858909567917,0.08057982815809031,False,
27514,155,962619.366709206,0.12404903475662214,0.9791613745425066,33.2,0.04253016250852126,14,open,-1,,21,0.2144995588848235,0.05506846564094233,False,
28736,155,3527474.1325783986,0.12093563366095192,0.5649839797729664,33.2,0.11173327621808449,29,open,-1,,27,0.20367273955769966,0.049321417351314185,False,
28810,155,1524519.4345633325,0.12881901343969226,0.6956927575390365,33.2,0.12724734825113915,32,vol_sale,167,1524519.4345633325,12,0.08846422920622295,0.051884757095735236,True,0.12026318621079801
29342,155,1688316.4621714891,0.1098676665910659,0.7015569797712664,33.2,0.17793828884320484,45,open,-1,,21,0.20313941550655992,0.04114957966184598,False,
502,156,1480605.277985123,0.12053654930640627,0.8917924954854468,33.2,0.10389468810728109,28,open,-1,,22,0.33449262441895056,0.047233791899476074,False,
799,156,856119.5261311873,0.12716914320453887,0.776767796249763,33.2,0.0271727004107436,10,open,-1,,23,0.18957154640577925,0.07579577843575488,False,
2043,156,722264.6076260624,0.12459419716553895,0.5785486189940839,33.2,0.2791063506785221,79,cured,158,,21,0.15315707906155024,0.08942133537782643,False,
2974,156,1062412.2030487943,0.12292859489012008,0.5790131521084203,33.2,0.31626049796104816,88,open,-1,,24,0.23474460631597843,0.061126380973455754,False,
3659,156,624349.8710189508,0.11191302696191152,0.807003251066885,33.2,0.11963043302990051,31,open,-1,,22,0.3615286227357395,0.07903381507030632,False,
4833,156,1170665.9247124465,0.11461341375000382,0.6689776366916595,33.2,0.28294195279836853,80,open,-1,,20,0.4520775829674728,0.06114735768031726,False,
4840,156,1515218.4544430894,0.11867583739153335,0.5386910631828575,33.2,0.22241553859652052,62,cured,162,,20,0.2912395904950243,0.08296495327546606,False,
4865,156,1292238.3336591567,0.12027467224824702,0.5718107844749478,33.2,0.41155870987960985,106,open,-1,,27,0.18954533207396462,0.07016805714184902,False,
4877,156,939269.1840850564,0.11626103037261833,0.6531109708326287,33.2,0.20447771243002522,55,open,-1,,26,0.1341939074737211,0.04506030504855046,False,
5412,156,1474510.202803091,0.12244511534264006,0.8279438759134191,33.2,0.1394306717544762,35,open,-1,,13,0.1656655392143405,0.06465058951212355,True,
6954,156,635789.7755061095,0.1184124888877179,0.5609003590798863,33.2,0.442132869164644,112,open,-1,,14,0.047098435898719815,0.06473107627298913,True,
7262,156,998223.117455944,0.11678390113675058,0.7951388158717067,33.2,0.17437544874084843,44,open,-1,,14,0.04383184326767839,0.04594726081018291,True,
7961,156,920699.616091311,0.10652868662231643,0.6518958706784033,33.2,0.21963863316465226,61,open,-1,,28,0.24617617967822528,0.05269690713037957,False,
8192,156,2180583.296503811,0.12154202813793256,0.6301046402569944,33.2,0.16051929101588258,40,open,-1,,29,0.14030616258241757,0.05032861531213648,False,
8650,156,1468516.2347547445,0.11299610345031967,0.6670201506768276,33.2,0.18365967893757085,47,open,-1,,13,0.10117225953859711,0.07494110139774389,True,
8651,156,577834.2224613993,0.11298055233006994,0.9373743798325392,33.2,0.02398522196203845,9,cured,159,,20,0.3083360571768277,0.054448488587320994,False,
9821,156,852054.5265455396,0.11319304345182366,0.4561771581749309,33.2,0.18365967893757085,47,open,-1,,29,0.0900539094194172,0.07291145898347132,False,
10903,156,998816.3952501313,0.11797417023233045,0.7384256259529929,33.2,0.17110792121766627,43,vol_sale,166,998816.3952501313,10,0.16659302351756042,0.052268881381417734,True,0.09319848724744206
11819,156,1084571.706963684,0.13174990741332557,0.7189971202733567,33.2,0.17755714023982172,45,open,-1,,20,0.3820765900362614,0.08442294459674222,False,
12258,156,1494793.3230412959,0.12145963800920918,0.9940036396685862,33.2,0.020916981637742804,8,vol_sale,165,1194629.0021796199,9,0.09539022758784993,0.08067008557452608,True,0.270057178851531
12654,156,1600645.3405427984,0.11450865490091221,0.6689434735137565,33.2,0.17755714023982172,45,cured,161,,27,0.1340657241214225,0.04633362248573752,False,
13401,156,633767.9572509832,0.11366079448940919,0.7443639089984344,33.2,0.17437544874084843,44,cured,161,,29,0.4489081984846567,0.07707509894679497,False,
13563,156,1607168.9964131303,0.10735262631158814,0.8556260700477969,33.2,0.1865789030244296,48,cured,165,,15,0.10617749035717783,0.08486945370859157,True,
14716,156,956025.5152278668,0.11750491673220144,0.7376346019200166,33.2,0.07024709856840805,21,open,-1,,23,0.2764494473788945,0.05800311068446017,False,
15442,156,1184655.1286148187,0.11746959445232938,0.7164078297888803,33.2,0.17110792121766627,43,cured,165,,18,0.19771713995673706,0.08973218904099038,False,
16862,156,3571543.785320669,0.11231711830030187,0.7308529543202659,33.2,0.012391926307099732,5,cured,159,,30,0.11835405221304442,0.042786686541076445,False,
17691,156,1155841.2349290308,0.1155878119955596,0.6935796870035775,33.2,0.17110792121766627,43,open,-1,,26,0.2690602929211695,0.056722533327129926,False,
19160,156,979241.7765787345,0.10718002054446765,0.7438362804444669,33.2,0.17437544874084843,44,open,-1,,21,0.1649378300312592,0.05300773340014193,False,
19163,156,2645944.8669048627,0.12103406766311617,0.8612969999157825,33.2,0.1298444290399443,33,cured,158,,11,0.08046605419198966,0.08023302239000485,True,
19631,156,1051338.8954875914,0.115172476709943,0.6339462627988206,33.2,0.23118322697077764,65,cured,163,,22,0.25253135919179226,0.07931223347161853,False,
19789,156,884370.7880416763,0.11976010527728481,0.5604311552178933,33.2,0.28294195279836853,80,cured,160,,22,0.19275311448203292,0.0758182970055846,False,
23534,156,1270529.943934902,0.1198714321542248,0.7447628813422319,33.2,0.22818739477722128,64,open,-1,,27,0.20250809079299079,0.08917576359855649,False,
23706,156,1934250.920119042,0.12405441790825597,0.4786298632381603,33.2,0.42749024999580154,109,cured,160,,24,0.21647153674341604,0.07417500237435093,False,
24470,156,806270.7855246781,0.12743152180483203,0.8241341509129833,33.2,0.037459901747516566,13,open,-1,,20,0.20048311441154235,0.07143704001720674,False,
25794,156,1350659.8056200023,0.11850340593975572,0.7468434855419631,33.2,0.22526498099557557,63,open,-1,,18,0.2459845062461933,0.06620521628831216,False,
25984,156,1417824.3707316471,0.11995189010321977,0.7076676397581502,33.2,0.08415439215977871,24,open,-1,,22,0.2205470057954401,0.08243620365162434,False,
26159,156,1392417.8362262384,0.10992904592076252,0.8885239989484455,33.2,0.00973799461715874,4,open,-1,,23,0.22285025112847565,0.07178571805962672,False,
27233,156,1119140.0783448461,0.12106715545235083,0.7825656543595074,33.2,0.20682782560273316,56,open,-1,,23,0.2710459312780355,0.054397728324619,False,
28003,156,1092366.0317712505,0.1121424902364079,0.40918706578129993,33.2,0.37113538206397845,99,open,-1,,27,0.17379850120731927,0.07622787911079264,False,
28321,156,1808840.1527679749,0.1345063805202617,0.6530703523213828,33.2,0.020916981637742804,8,cured,162,,11,0.31721237274565145,0.0850515819713298,True,
29119,156,1859601.0510696906,0.12197024450672757,0.6711066087172395,33.2,0.18365967893757085,47,open,-1,,30,0.23252879217012765,0.040580578182516036,False,
1981,157,755419.9155133886,0.13208259440115777,0.5381777107096537,31.9,0.2936982331551474,83,vol_sale,166,755419.9155133886,9,0.13597277632418742,0.06705115014257969,True,0.09382309439240655
2266,157,863973.3644215084,0.11169499354363271,0.7130705957004114,31.9,0.24014727079750453,68,open,-1,,12,0.09427019286152453,0.04650293332250198,True,
2412,157,1816801.213555115,0.11209588878001313,0.856597281988331,31.9,0.13723936225566558,35,cured,165,,15,0.006957055975276258,0.0714979477394566,True,
2692,157,1573990.2416484824,0.11720476082838223,0.6379921513157363,31.9,0.1703508987519049,43,open,-1,,11,0.004168166640696709,0.05905002192739496,True,
4875,157,1760165.4870929942,0.11782130285950729,0.8123296946632228,31.9,0.12211895418994545,32,cured,163,,11,0.12035184458606092,0.04495445094982486,True,
6549,157,340331.4491981517,0.12849484834860248,0.5120357537941056,31.9,0.5105987435995722,126,open,-1,,22,0.1701628687086572,0.06036429761777627,False,
7113,157,1697690.5401786088,0.12857072580704973,0.8328503597123876,31.9,0.1920526585681197,50,open,-1,,11,0.026667501279703448,0.05707626870632679,True,
7696,157,999989.4322756465,0.11593851469002257,0.7926579537703795,31.9,0.01739102813379456,7,vol_sale,166,971296.502420816,9,0.14843279333029782,0.06693497812420583,True,0.1092125654668491
7924,157,1686364.9017271143,0.11596205460770201,0.6093767583497643,31.9,0.21963863316465226,61,open,-1,,21,0.10981004904804166,0.05127950778098586,False,
8059,157,2083106.427113891,0.12836700804662182,0.9677015803931492,31.9,0.04344792698856992,15,open,-1,,27,0.26001039419097727,0.06802370721944655,False,
9652,157,434125.11763795704,0.13596239155018572,0.3831345436102928,31.9,0.5607271428994631,134,open,-1,,14,0.012353782484722063,0.08800705391839046,True,
11115,157,985426.253542517,0.11666418455837521,0.36793325560482343,31.9,0.5046485914656456,125,open,-1,,13,0.10702494429952411,0.05839668747614449,True,
11351,157,969348.9028313112,0.12101785455370688,0.6664348436147405,31.9,0.13723936225566558,35,cured,165,,28,0.25469367744384325,0.08713496743432927,False,
12229,157,1094133.196355623,0.13104096065369591,0.5764674653356893,31.9,0.4357007858636561,111,cured,161,,10,0.08608815037063078,0.08097030023859299,True,
13042,157,1703115.2764590718,0.11188787117441477,0.6669601426245371,31.9,0.21193583621997614,58,open,-1,,24,0.26576647208517185,0.062214365494414475,False,
14059,157,734130.2136590737,0.11122674842069367,0.44007145925956614,31.9,0.44059311672605217,112,open,-1,,21,0.09073067984472376,0.07879299344833207,False,
14632,157,1900513.644647096,0.1160070222370974,0.822926296337017,31.9,0.18921622568119978,49,open,-1,,23,0.25540294361102844,0.05950477329113534,False,
15132,157,993479.2531807304,0.1154128043339362,0.743522204288078,31.9,0.13235565210630562,34,cured,163,,27,0.24710325871263042,0.06487636159118158,False,
15138,157,1320438.7376365063,0.10932405755776503,0.7580607244414227,31.9,0.036207060373594224,13,open,-1,,23,0.174214791307424,0.06672137530499787,False,
15690,157,1654753.6315172613,0.12212050365631998,0.5750133043707213,31.9,0.2671800161997093,76,cured,160,,21,0.20486560367512538,0.0576907477240134,False,
16452,157,1660677.8443483163,0.11651882537373343,0.49840421915281297,31.9,0.49887086826616,124,open,-1,,14,0.006951353148458347,0.04795650224456399,True,
17170,157,1072161.9844759514,0.1256446605399448,0.7460122254740629,31.9,0.1703508987519049,43,open,-1,,30,0.19914820041861375,0.06598487767150707,False,
17714,157,1013634.6506005807,0.12044176211433344,0.8669030514604388,31.9,0.11677127554417077,31,vol_sale,166,979423.7987329211,9,0.06592145959651702,0.07505636666095844,True,0.11680952547393919
18449,157,265524.02702785254,0.12303106781482012,0.5417465921351775,31.9,0.4543794758474995,115,open,-1,,24,0.15828238365583064,0.04421422165910464,False,
18871,157,601809.2550121719,0.13727729188185134,0.6204060024969862,31.9,0.3798362375322102,101,open,-1,,28,0.3362490495902374,0.08768639848772808,False,
19101,157,1764277.4053001665,0.1267049757520453,0.6141933379618734,31.9,0.09137973611426031,26,open,-1,,28,0.14201258868750266,0.04373297375251722,False,
19126,157,1405160.7702255556,0.11499654155659104,0.49486210672607145,31.9,0.18017441088038377,46,vol_sale,166,1405160.7702255556,9,0.21215653108569685,0.044355822241564924,True,0.08225597867013856
20283,157,654315.8606228273,0.10813265064260698,0.6535044695482018,31.9,0.19479904520953806,51,open,-1,,27,0.2893178682572627,0.06529598818317682,False,
20435,157,1518028.5186102325,0.10730591034583482,0.28341332112590406,31.9,0.6934036024792494,155,open,-1,,28,0.37079233345241486,0.06203006273342512,False,
21129,157,1428482.1280598291,0.11927865700060289,0.6878934837302656,31.9,0.07262585898139262,22,open,-1,,21,0.29326676245025324,0.04548448152345532,False,
23340,157,777515.5935581117,0.11796202680068865,0.6543396614050836,31.9,0.11677127554417077,31,open,-1,,15,0.11415171079560925,0.043521507621976076,True,
23787,157,3111885.706133463,0.1348526854900526,0.7531627108469123,31.9,0.20249055171073427,54,open,-1,,22,0.27096702466579736,0.05958936869614584,False,
23928,157,745631.9760759094,0.13317291424401764,0.546538167562957,31.9,0.18017441088038377,46,cured,158,,21,0.19630786025644872,0.05889688910393798,False,
24429,157,2435686.9479394914,0.11107585703054962,0.7713386163258001,31.9,0.20249055171073427,54,open,-1,,21,0.2611190490842884,0.04687702561568306,False,
24758,157,2307790.2968550287,0.10926209119142534,0.8674394967852398,31.9,0.12731464044944119,33,cured,162,,28,0.22380533470931815,0.07790680605717346,False,
25104,157,1304160.9165978548,0.11829160021493954,0.7578707925653864,31.9,0.23091719760343832,65,open,-1,,12,0.017508097183725552,0.04191558650908094,True,
25308,157,1066718.8100442837,0.11501170599674543,0.8020426688948822,31.9,0.18327630690231267,47,open,-1,,23,0.12309566267169464,0.0502543877641456,False,
25651,157,1014515.6038177271,0.11319280922515387,0.6672051253169128,31.9,0.2048694766943444,55,cured,161,,24,0.3798577498171147,0.06790282778378498,False,
25845,157,1480738.7609681492,0.11313624568085297,0.7542049963621942,31.9,0.1920526585681197,50,open,-1,,21,0.262152028775541,0.05950762969720225,False,
26112,157,1526789.624664873,0.1294798918568899,0.7788152929278152,31.9,0.12731464044944119,33,open,-1,,30,0.19912523085994338,0.05339145527436621,False,
28266,157,578738.0258017401,0.12689683523739356,0.4716864040502178,31.9,0.5669924290074484,135,open,-1,,11,0.0642470878738211,0.0778261893503677,True,
28426,157,513888.373089616,0.1113800760478151,0.4396054481281986,31.9,0.5669924290074484,135,cured,160,,25,0.2867924534599594,0.059822390423040286,False,
29126,157,271278.08367242967,0.12517699188115017,0.46249887970252856,31.9,0.47745246528082386,120,cured,158,,19,0.2541269605923922,0.04830179120699054,False,
29885,157,3308642.54772803,0.11549589653678004,0.5831650480123414,31.9,0.16309869286772227,41,open,-1,,18,0.13438056610953694,0.08143609925571874,False,
628,158,1296430.5499282188,0.11470301208419519,0.906885222939424,31.9,0.06602687405301744,21,open,-1,,28,0.22224900993907437,0.052313356260246684,False,
3670,158,4776920.259940478,0.12866748446469234,0.761885866415617,31.9,0.19176265650038848,50,cured,162,,27,0.28557197448670185,0.05685172897950719,False,
4183,158,1972571.672686686,0.11215773183296836,0.7213775326128062,31.9,0.19460516295068886,51,open,-1,,10,0.017038246801542065,0.08742534699080202,True,
4990,158,988553.3202894288,0.12499998391615565,0.6996255312886447,31.9,0.21703265064867905,60,open,-1,,18,0.18697497160993853,0.07197589018433487,False,
5313,158,2695941.176434355,0.11069326324587492,0.6493249300087941,31.9,0.14440845088932064,37,open,-1,,19,0.18960488602133246,0.06361855702217871,False,
9298,158,774771.7616448719,0.10932379788231841,0.6938918640408904,31.9,0.17285693384753276,44,open,-1,,25,0.34147411353815704,0.0636656026441082,False,
10319,158,947810.4298298092,0.12664200878046764,0.677367508380486,31.9,0.18581001876264813,48,cured,167,,18,0.1840841803778886,0.04997018479159973,False,
10694,158,1494861.0691834006,0.12824247571048417,0.7462519801051735,31.9,0.20744942532126198,56,open,-1,,30,0.11254011948054649,0.07867134576084436,False,
10714,158,1480416.9489291157,0.11898771690339952,0.7591182868118889,31.9,0.1762240873165759,45,cured,166,,9,0.10234667315505779,0.06778168884861588,True,
13535,158,1136565.7461534913,0.12072335085815454,0.8966194229272983,31.9,0.11389475394970505,31,open,-1,,20,0.28641676724485426,0.051224162859815625,False,
15695,158,622884.0718664441,0.11368034697790522,0.587120684374399,31.9,0.22225020651581873,62,open,-1,,26,0.24018175289314236,0.08695069926926283,False,
18585,158,1166134.040165214,0.11890688257768928,0.6556189470207089,31.9,0.20506540642136972,55,open,-1,,25,0.29437665763692394,0.08072260576907317,False,
18620,158,645153.9558281546,0.1240251275619573,0.543436718053789,31.9,0.308901901719,87,open,-1,,23,0.23693083481901336,0.06837328338853317,False,
18992,158,676968.4497799112,0.11175556515851953,0.6706815880303207,31.9,0.019569535131310545,8,open,-1,,24,0.38337308205297554,0.04267468345871284,False,
19113,158,2180138.8676858908,0.10937706199210652,0.9800332237869199,31.9,0.028458659792550023,11,open,-1,,11,0.14977131348766162,0.05380716209704517,True,
19550,158,3192182.93727528,0.12226958353463012,0.6997505352612005,31.9,0.25257745636154927,72,cured,162,,15,0.040432488941538995,0.0837106660289813,True,
19612,158,505840.30447922123,0.11114853566430954,0.6420342457060575,31.9,0.25257745636154927,72,open,-1,,24,0.10002088251983579,0.04749510151012223,False,
20042,158,590152.9203235322,0.11207541403397236,0.649915943931951,31.9,0.1762240873165759,45,open,-1,,28,0.16544890862808348,0.05118007218182247,False,
21254,158,1096089.947251163,0.1126453864774072,0.6618604926334648,31.9,0.17285693384753276,44,cured,164,,20,0.23158647334359336,0.06923301335763123,False,
21952,158,1511740.4358643992,0.123682561911041,0.8308618384481633,31.9,0.16558919904592373,42,cured,164,,22,0.23849931158203577,0.05326079498156194,False,
22386,158,891501.4947265692,0.12096499787397391,0.8522712619988764,31.9,0.07949454991898253,24,open,-1,,25,0.2882787674404222,0.0815247750747044,False,
23077,158,482604.8218683264,0.11441340863222302,0.7354809231440503,31.9,0.07043369114582965,22,open,-1,,25,0.1809169895711673,0.06789835507705175,False,
23769,158,3111660.919953669,0.12495064036719222,0.6414806196183122,31.9,0.1762240873165759,45,open,-1,,10,0.07756234006353387,0.06343895182813739,True,
24607,158,400315.6340369811,0.1227398199064253,0.5322906443953702,31.9,0.3358119479256221,93,open,-1,,26,0.25546836459428374,0.0821719307494386,False,
24676,158,343434.1347433763,0.13283746399512372,0.5359359959161161,31.9,0.41772532244132665,108,open,-1,,25,0.25099229120683214,0.08439742990770308,False,
25735,158,968414.5754772616,0.1133527667433555,0.8433643761550257,31.9,0.04199220580091256,15,open,-1,,22,0.3096911374658709,0.07186706845204302,False,
25968,158,2268692.274590569,0.1176366567748391,0.6479214763890899,31.9,0.2145309158174329,59,open,-1,,22,0.30739377279407926,0.07910510372294292,False,
26930,158,460696.3238867922,0.11509550289096321,0.6825336341023673,31.9,0.300538854098497,85,open,-1,,27,0.27578036722072846,0.05150766025479564,False,
27098,158,2385074.3224519915,0.1162951080572816,0.8883321448899971,31.9,0.1347803291907057,35,cured,162,,14,0.280252003705038,0.066752045348553,True,
28055,158,3477814.008264088,0.1267618613115315,0.4953288748355706,31.9,0.43877500621930454,112,open,-1,,21,0.36005882971858016,0.04117432584022176,False,
28563,158,922244.022731152,0.1332718772681913,0.7327772921095769,31.9,0.1762240873165759,45,open,-1,,10,0.1461693003323361,0.07826102053276446,True,
29044,158,1647383.4360212602,0.1275501030584197,0.8517465045317398,31.9,0.08415027665979191,25,open,-1,,28,0.3105714849207848,0.05898597923213265,False,
29615,158,1402077.0329221154,0.11686808049495,0.9376065430930706,31.9,0.028458659792550023,11,open,-1,,29,0.21512923295683778,0.08728241453089577,False,
2559,159,2447215.561850523,0.12059845335807662,0.523223882838614,31.9,0.3636111579368204,99,open,-1,,30,0.27135700530781154,0.05785605293548543,False,
2732,159,1683781.8599918606,0.11178356873353645,0.8572719185090747,31.9,0.13205557916369814,35,cured,162,,19,0.28498551606874484,0.07574892820682928,False,
5327,159,1143554.333891208,0.11994302583258082,0.7711599034452371,31.9,0.1008921326827974,29,open,-1,,19,0.17494191477198445,0.0830416929278479,False,
5364,159,2367377.501044001,0.12306131249581895,0.7446013162980907,31.9,0.14202203953709014,37,open,-1,,28,0.3264189814672135,0.040174009551063775,False,
5587,159,642177.3392059291,0.12063505904384005,0.6628435528988748,31.9,0.2798175471986286,80,open,-1,,27,0.1512194344043137,0.059336639789383826,False,
6028,159,2423766.3190945624,0.1178207489464516,0.6938004792806056,31.9,0.027489124152362043,11,open,-1,,28,0.1939897432702652,0.06940850345623582,False,
6568,159,1603192.5541665372,0.11103274669449376,0.6791014387374914,31.9,0.20754764385304925,56,open,-1,,25,0.16309046769931726,0.05582457768465217,False,
7103,159,1647541.3577171064,0.11962540816442094,0.6100213213202578,31.9,0.25852426416137675,74,open,-1,,9,0.21251955089057614,0.08248683352451193,True,
8145,159,1292513.9344265405,0.11383672655467891,0.5456871756973722,31.9,0.18193547855092507,47,open,-1,,13,0.13679220225055613,0.04313677334272914,True,
8360,159,632455.7495100219,0.11459903525734957,0.8603494542290283,31.9,0.011162247657637625,5,open,-1,,25,0.17047259981328097,0.08892204017570669,False,
9330,159,1428385.600922041,0.1361389003863782,0.5150964223517319,31.9,0.2761367152866785,79,open,-1,,14,0.03716043075760241,0.08812275744479779,True,
9395,159,1082543.3179183432,0.11437420680996364,0.7219966515490664,31.9,0.07713680320077265,24,open,-1,,12,0.009340591103459207,0.07272523394719721,True,
12820,159,2114907.3497968796,0.11785786370227741,0.9311965925269654,31.9,0.021669681439400623,9,open,-1,,26,0.32647642948281924,0.08897990158955352,False,
13067,159,511745.94151642866,0.1241428981551534,0.6875455368113347,31.9,0.2551575608369503,73,open,-1,,10,0.0386549041005567,0.05276291077624982,True,
15626,159,1169053.2455862572,0.10784282217970545,0.6482938076147072,31.9,0.1717198809377607,44,open,-1,,19,0.29016149199192387,0.08052404373356503,False,
16105,159,937551.2009320481,0.1222125383529546,0.36867493664053863,31.9,0.6364410518711541,147,cured,165,,25,0.3397716015125778,0.0834625576377907,False,
17573,159,929902.5086820279,0.11279082618497296,0.6544137646447857,31.9,0.11100099874943914,31,open,-1,,29,0.17517485347090664,0.07799060992260685,False,
18825,159,536400.2179180931,0.1315172195092039,0.8623965122292558,31.9,0.08171813194600341,25,open,-1,,28,0.25877191920119585,0.08580567163835966,False,
19137,159,1983603.572517802,0.11115560938655789,0.7050047459161325,31.9,0.17527282709920833,45,open,-1,,12,0.047036688990317446,0.07938786880214835,True,
20311,159,1207026.749025847,0.10839281744470798,0.4244880075494042,31.9,0.18825259324843824,49,open,-1,,30,0.14810808846678655,0.059667250477943655,False,
22737,159,394689.10840975645,0.11265625739147456,0.3831069933126434,31.9,0.6301140251365378,146,open,-1,,27,0.2549094038420351,0.06253568099308983,False,
23348,159,446788.5142640712,0.12632581927572936,0.5407371512774144,31.9,0.3073705958867501,87,open,-1,,21,0.2715308028315699,0.08462703498013796,False,
24857,159,1551134.041901717,0.10798079970672747,0.6926399550917213,31.9,0.1059023000719086,30,cured,160,,22,0.2892838241859313,0.07271037595342103,False,
26242,159,1648026.119469363,0.11686655217534966,0.8776555992549965,31.9,0.05968367803927088,20,open,-1,,20,0.3174293864776276,0.06322086873961247,False,
26660,159,1450356.5983147135,0.11297171468654679,0.8025526636078675,31.9,0.18193547855092507,47,open,-1,,20,0.3451922875916632,0.04942394317122789,False,
29086,159,1685901.5810405954,0.12535892822873532,0.5660231089675788,31.9,0.2761367152866785,79,open,-1,,24,0.3775389095970319,0.061061980472200544,False,
29839,159,876245.2115292771,0.12388730812333398,0.7913450353729278,31.9,0.1970658539934762,52,open,-1,,30,0.2210264644406567,0.048849892767314995,False,
252,160,1538295.9723721142,0.11475582698388195,0.6757357445370978,32.9,0.24465590818243332,70,open,-1,,26,0.23291787084866725,0.060549046758662795,False,
1455,160,2156637.6829301184,0.11088206696448151,0.7137009214094651,32.9,0.08853267536149945,27,open,-1,,29,0.20116278039546684,0.057276339783323624,False,
2746,160,1018144.9218061011,0.12286495912767004,0.47104048245729807,32.9,0.3509254508427526,97,open,-1,,28,0.14679204715798608,0.06839771496204247,False,
5428,160,517027.7590439794,0.11755868284174965,0.7968017111454406,32.9,0.1906033508297742,50,open,-1,,23,0.1061309944951111,0.08903103957501374,False,
5662,160,3223156.5495722243,0.10900389836178478,0.664503537019255,32.9,0.1290673016056989,35,open,-1,,15,0.23890783248621714,0.08680956300827593,True,
5678,160,1249506.9501605455,0.10328906365929102,0.6331331385818346,32.9,0.16638861554300166,43,open,-1,,11,0.1366448776008065,0.08121010174905219,True,
6555,160,492413.2331184451,0.1199240847003995,0.6715964823495589,32.9,0.29769566865258756,85,open,-1,,15,0.051624571557859565,0.051391986644173215,True,
7559,160,783255.6397287927,0.1293869502782551,0.6708721312377804,32.9,0.20486947669434485,55,open,-1,,26,0.3559799527223141,0.07414838651424335,False,
8241,160,1052664.4312391991,0.11920127993015937,0.7608642072767279,32.9,0.2786613367984061,80,open,-1,,27,0.24488980705965777,0.07336006154502492,False,
9180,160,992037.7025138508,0.10783217789521425,0.8258930369991777,32.9,0.10809014147102025,31,open,-1,,24,0.11531295005253173,0.08745047005039858,False,
9525,160,1030832.7241038812,0.11241242271388548,0.733329262544578,32.9,0.1290673016056989,35,open,-1,,30,0.35684263367714586,0.06995082209396256,False,
10320,160,615971.2269310904,0.12017036884361046,0.5678435785058832,32.9,0.3559438951300662,98,cured,165,,23,0.2652606206125553,0.06951567626146597,False,
10521,160,1637708.4474367716,0.13062083012835743,0.8648519831526537,32.9,0.13936738686013705,37,open,-1,,25,0.3935391678851698,0.04471447843745415,False,
11908,160,848612.5596550785,0.11896694766642611,0.732687026081908,32.9,0.1842737387850204,48,open,-1,,10,0.008662666896566388,0.04922186872299531,True,
12118,160,846947.2379898072,0.13059471007126702,0.7432835083880512,32.9,0.026547099605759072,11,cured,161,,29,0.138354689834169,0.04997215820522256,False,
13533,160,2624879.3375979327,0.10917512314520787,0.636467079105485,32.9,0.1703007936491745,44,open,-1,,29,0.22865893458885928,0.048489070949640625,False,
14122,160,2304704.1309140245,0.12216227171167134,0.7030028765046625,32.9,0.11319892706495183,32,open,-1,,12,0.022824815540638123,0.08936021896805214,True,
15174,160,1243191.6217949232,0.1183759207089695,0.631860233347691,32.9,0.18097867072087537,47,open,-1,,18,0.2304651406043897,0.08512564183405633,False,
15624,160,1382231.5929555818,0.1233663391694691,0.8605533480508846,32.9,0.1580479857549999,41,open,-1,,19,0.22579662670769998,0.0710753033541546,False,
17971,160,1231850.2776086233,0.1141898772247085,0.6330607626837899,32.9,0.20486947669434485,55,open,-1,,27,0.35156390775887325,0.0830638851549627,False,
18885,160,2208976.2562265247,0.12216199053350797,0.9080044568847797,32.9,0.1236865092432724,34,open,-1,,12,0.10164451383800442,0.05442440091616703,True,
18994,160,1580454.3135659543,0.1121825732889521,0.837749295735507,32.9,0.1842737387850204,48,cured,164,,23,0.27509559428667574,0.07946699557786593,False,
19874,160,1970453.515643539,0.13118294849580558,0.6780972371897062,32.9,0.1703007936491745,44,cured,166,,27,0.22425351981245173,0.057449416095931356,False,
20540,160,1718960.2335406335,0.11753295393177499,0.7963543193649193,32.9,0.17759790639980455,46,open,-1,,28,0.15306756847803296,0.04195834645857444,False,
24405,160,1680136.6933195798,0.10667802167628346,0.5022155721019806,32.9,0.30579594797968945,87,open,-1,,23,0.3582833782934329,0.06671184043199144,False,
24498,160,1517594.249336564,0.12085698086755273,0.6154501944052689,32.9,0.14903442776482545,39,cured,162,,28,0.3623171927658128,0.06199134461880389,False,
25414,160,2079066.7410397155,0.12373328703423066,0.8383147011818284,32.9,0.18097867072087537,47,open,-1,,15,0.06458045226361392,0.05851335791117287,True,
25533,160,375847.5492981488,0.10374248869434716,0.5625802788239878,32.9,0.3099570083695493,88,open,-1,,18,0.2598878678720915,0.0700342566005741,False,
26870,160,2017150.0352291774,0.11246797777979822,0.8325918914080003,32.9,0.09329224891399313,28,open,-1,,12,0.06723308256727667,0.05265108062050725,True,
27186,160,1001137.0433511584,0.11321771561801992,0.643847855775471,32.9,0.1906033508297742,50,open,-1,,9,0.02921255910262849,0.05704701115101299,True,
28036,160,3561899.9587780256,0.10618166875768971,0.6997382825578393,32.9,0.02092492904971488,9,open,-1,,27,0.3752898953068847,0.08833245997332034,False,
28095,160,1280726.1381660446,0.1126098070908742,0.6933834377488315,32.9,0.0981377411730997,29,cured,165,,22,0.1675174401987637,0.0822537072614292,False,
28627,160,549144.2519531056,0.12127068673494312,0.42071397954166034,32.9,0.3610713484199606,99,open,-1,,24,0.13298581221827743,0.04750432748349828,False,
28997,160,1089698.1922759644,0.11447097300577137,0.6363990704686033,32.9,0.327354674185929,92,open,-1,,14,0.04673270301735391,0.05196926644960207,True,
3290,161,1321103.379386498,0.12095688418752235,0.6042242601696277,32.9,0.24088844588936964,69,open,-1,,29,0.21370051477261034,0.05685742564789851,False,
3734,161,1674191.1021491445,0.12662904287819243,0.839420609376377,32.9,0.16024451768827586,42,cured,162,,9,0.0356015919821597,0.048783664990142236,True,
4778,161,866466.3609187368,0.11294382286661159,0.7097347578353601,32.9,0.25342015912046123,73,open,-1,,21,0.2920495015071832,0.0601972824511179,False,
6485,161,316504.09521801624,0.1282387940275123,0.7974444328824143,32.9,0.015084381965644322,7,open,-1,,30,0.2515355955885185,0.08296050737690809,False,
7233,161,834763.2431739776,0.12036017752732456,0.5639504979799487,32.9,0.18321869651830802,48,open,-1,,9,0.02928955189649681,0.07729972862667123,True,
9018,161,2435165.021471401,0.10902372032475607,0.6411455199206476,32.9,0.21462972111017575,59,cured,164,,18,0.3203648314606917,0.04604241238942851,False,
10289,161,1020996.3239188655,0.13413311244870685,0.7341888870674064,32.9,0.03779499878670678,15,open,-1,,15,0.002130461104282473,0.054562219950054336,True,
13927,161,2194027.6692903833,0.13203016918347438,0.4843823260859375,32.9,0.5417076250338722,133,open,-1,,12,0.042236586150558336,0.07118841290934155,True,
15734,161,824813.8629863225,0.11746483047263916,0.4963241637509131,32.9,0.36890038438659567,101,cured,165,,19,0.26171613437894026,0.04151821649191565,False,
15758,161,1283522.049684893,0.1201027441409485,0.6172485087971433,32.9,0.06801495235699107,23,open,-1,,22,0.2192610813185547,0.05059265333760537,False,
16291,161,1987239.8381424174,0.12277054124471419,0.7705658133487047,32.9,0.08131484210603945,26,open,-1,,18,0.12069048753976319,0.08117569015681023,False,
16576,161,1120471.5438562343,0.11390086857963298,0.676415777871329,32.9,0.1798315197196183,47,cured,167,,18,0.1988082167495428,0.0784662271483069,False,
17588,161,2381853.845244132,0.11122715459652421,0.8262006244561988,32.9,0.201709078229515,54,open,-1,,24,0.12193036785180766,0.047540661293454675,False,
19814,161,1494900.3112669648,0.12438234633723973,0.7095062417732123,32.9,0.2738564976348128,79,open,-1,,29,0.1175843490016469,0.08237773624792506,False,
20678,161,2633150.8422780363,0.10893338864587247,0.810488704308581,32.9,0.17626479225643932,46,cured,162,,21,0.21900361528657686,0.06585637190906264,False,
22125,161,2834529.2699701474,0.13201703324849398,0.7251886568938565,32.9,0.21462972111017575,59,open,-1,,30,0.3781459561937602,0.04557413025911978,False,
22466,161,616047.9557225486,0.12450418060144494,0.5627829637737773,32.9,0.40881043475960066,108,open,-1,,13,0.0043449350174983425,0.05819596563259293,True,
23751,161,2159121.7041541976,0.11932465895558021,0.789779648308566,32.9,0.195900255697685,52,open,-1,,29,0.24349022915544122,0.07076195201247648,False,
24788,161,1425478.343561179,0.11337951776076285,0.6838745258733515,32.9,0.18973460883236837,50,open,-1,,30,0.23615551635823942,0.05967210636380309,False,
25400,161,1585230.9112530437,0.1375,0.7318752130899017,32.9,0.16450819514868198,43,cured,162,,28,0.2809186690629526,0.06802657814056448,False,
26632,161,1336526.658061687,0.12218796849897497,0.8109148883056695,32.9,0.13120886431579493,36,open,-1,,24,0.18874643895757612,0.061045352959551866,False,
29398,161,5624792.017295818,0.11993634481755999,0.7039650783576064,32.9,0.2071548174691169,56,open,-1,,13,0.11777330026380463,0.054210415975653875,True,
29486,161,3173280.3227765434,0.11487168121285078,0.6717636493381186,32.9,0.15581227249205476,41,open,-1,,27,0.1390794506958286,0.06822155720963102,False,
29535,161,1018796.3312095808,0.125302615867932,0.7309409458153585,32.9,0.08131484210603945,26,open,-1,,27,0.15639161109392477,0.0866565624193165,False,
667,162,2165719.773845096,0.11799574015572545,0.5678025853314957,32.9,0.17072209866970445,45,cured,166,,26,0.22618698690666927,0.07905964372958613,False,
1887,162,2462468.6828650194,0.11255142877778,0.7202204675934926,32.9,0.20389030393109908,55,open,-1,,11,0.016278792039833994,0.0866296724894396,True,
2006,162,1304341.1125173462,0.11064232202184637,0.6125317634180191,32.9,0.16235048094340265,43,open,-1,,30,0.2807957405412923,0.06931893341160589,False,
2183,162,239509.71172422112,0.12290740258810129,0.4992938469381787,32.9,0.4448701877141046,115,open,-1,,21,0.23345201035316962,0.07833601783061175,False,
2987,162,501711.2313402204,0.12756837357470147,0.5871245365865759,32.9,0.34147987131637314,96,open,-1,,21,0.3014860564350181,0.045394308616657525,False,
4837,162,1208738.9245713456,0.10872845434122337,0.6217351832934115,32.9,0.11220702830182572,33,cured,167,,18,0.1172166770792993,0.08379144833644327,False,
4905,162,2312090.014291812,0.11931037555411765,0.7495571181666606,32.9,0.18867367050248918,50,open,-1,,23,0.2979426430210493,0.054033528623645646,False,
6024,162,465756.0176161747,0.11307449409844827,0.6278292105319191,32.9,0.2946796890673087,85,open,-1,,26,0.26933076864715233,0.08174018080624242,False,
6894,162,462919.56861929415,0.11996992630734189,0.35652788290774523,32.9,0.639407274559741,149,open,-1,,29,0.11468713217416655,0.0628493309740174,False,
10906,162,2053922.4604693828,0.12062403148092968,0.9571020850802744,32.9,0.057654288610603954,21,open,-1,,18,0.1969915335373446,0.05278736399767576,False,
11586,162,1860959.0984074082,0.10756244396167687,0.45483384634785556,32.9,0.4596910832734076,118,open,-1,,24,0.21250774628630673,0.06972878728875005,False,
18918,162,1273199.3047992762,0.11353837767714003,0.793058553319483,32.9,0.09735415714088225,30,open,-1,,27,0.33457645302189165,0.043761597217686875,False,
19883,162,1676408.330950194,0.12630536252628305,0.7979639933289224,32.9,0.1950267989521779,52,cured,165,,13,0.11713477623795938,0.07232443102880323,True,
21482,162,2248816.6456988575,0.11768275052680632,0.6483696768403131,32.9,0.2144318502776814,59,open,-1,,27,0.2266776437022125,0.08423411530178367,False,
21845,162,449480.62679223315,0.10908418937892206,0.33944789098459444,32.9,0.6267224421400845,147,cured,165,,24,0.29394017563537045,0.06839946831250707,False,
22252,162,2231737.1696153907,0.12690335254567847,0.6867264718605522,32.9,0.2144318502776814,59,open,-1,,26,0.20036623656466146,0.05364800687753938,False,
22491,162,709531.4061028654,0.10740379318835488,0.4898912584110313,32.9,0.37675351401909696,103,open,-1,,30,0.2142441634968066,0.04220697423295508,False,
22584,162,897521.5022471591,0.11882414340782585,0.6450800513863387,32.9,0.16235048094340265,43,open,-1,,30,0.2182065950376138,0.0892467754900168,False,
23374,162,1617566.8191085218,0.1270819924708414,0.5234265266797645,32.9,0.2908695463375386,84,open,-1,,10,0.011780125246072188,0.07960248700657852,True,
25135,162,222968.30435537372,0.11904521621012878,0.5168132651076894,32.9,0.4053066566072083,108,open,-1,,14,0.08018740912419392,0.04703317658856855,True,
25241,162,2061004.7762144832,0.12940603955063018,0.8532894309376788,32.9,0.14853268572291412,40,open,-1,,9,0.01978428565738338,0.07527862486905099,True,
25553,162,881853.9714166864,0.10653926324902269,0.5924954404308918,32.9,0.2908695463375386,84,open,-1,,12,0.0030826495510729696,0.053809072397944246,True,
28374,162,2418684.1064691185,0.10725505814321958,0.6028385765378347,32.9,0.15791019076581891,42,open,-1,,15,0.08324144160498101,0.08974870787627269,True,
28731,162,2139959.7469272567,0.11821132316998631,0.9580025939364124,32.9,0.027494201093444914,12,open,-1,,10,0.05771364779706878,0.08730246515021606,True,
1236,163,1485528.9483891665,0.10757586799376838,0.5341036991733183,33.2,0.18053875098268923,48,open,-1,,30,0.11294613205633966,0.07662208580205024,False,
1250,163,579134.9272933805,0.10498734979388018,0.7580767613833949,33.2,0.05957404003755262,22,open,-1,,14,0.03513142179654004,0.045324833751455795,True,
2616,163,740588.7790317856,0.10908767571064121,0.49433122926399814,33.2,0.31302633102837985,90,cured,167,,11,0.012621117091110322,0.06124026254606345,True,
4189,163,1440318.87619474,0.11038826117417971,0.7541559289678991,33.2,0.14567623063693858,40,cured,167,,11,0.040241788922013605,0.06886507181371421,True,
4552,163,959713.9816931803,0.11061238779963431,0.7788010822265599,33.2,0.10917792249447489,33,open,-1,,28,0.1828251889038095,0.05056692942966365,False,
4759,163,296792.22407603945,0.11851958675297172,0.8312454993349061,33.2,0.08524380013969557,28,open,-1,,22,0.3948976744619475,0.0552265627212447,False,
5545,163,513529.99306943774,0.10890360319252741,0.9808525160861294,33.2,0.026577939623386282,12,open,-1,,9,0.024903790807365305,0.06924592270908148,True,
7381,163,877323.5544946138,0.11649951162855865,0.9663096123849072,33.2,0.04839658536605396,19,open,-1,,26,0.2977258227877199,0.08111568190123275,False,
9275,163,278228.4604557631,0.10946648198825053,0.32267004921052667,33.2,0.6808367393565742,156,open,-1,,26,0.17750656493644143,0.07559889348123164,False,
9355,163,481605.14509772114,0.10386156227248639,0.688831583332665,33.2,0.19719589562888507,53,cured,164,,20,0.2523459935177067,0.059341371849679525,False,
9555,163,1073765.7513569929,0.10428362847699464,0.8272123512369453,33.2,0.16001191697724582,43,open,-1,,20,0.23778888102357731,0.07587651548013033,False,
12445,163,1137862.43666845,0.11007948276102751,0.6474248963931848,33.2,0.28945000698153445,84,open,-1,,13,0.15738295129114172,0.053519839010720625,True,
12475,163,1390750.6990714085,0.1111651511667728,0.510883724404112,33.2,0.3584057225459465,100,open,-1,,18,0.2637344610193622,0.08673838643958992,False,
12746,163,979621.3363368161,0.11173892971378628,0.6996623664680108,33.2,0.16001191697724582,43,open,-1,,29,0.3819783099766604,0.042437207620542296,False,
14295,163,622796.4277801171,0.11623210377893252,0.7549748362684668,33.2,0.17678092022129444,47,open,-1,,28,0.147805571565911,0.06451066584765376,False,
15109,163,908126.6182693909,0.10448410701090935,0.7324920334662476,33.2,0.22871832009253756,65,open,-1,,20,0.2362864588249905,0.0805897771232309,False,
15452,163,732791.7775245769,0.12997528000838698,0.9172293273157255,33.2,0.05957404003755262,22,open,-1,,27,0.3889026393187186,0.06289740007080485,False,
15849,163,1016124.5448883082,0.10646428567789021,0.41600443662835696,33.2,0.6360221225720843,149,open,-1,,18,0.1775634138518076,0.07320514940486009,False,
16089,163,953456.491275277,0.11192778107662507,0.6965429519039577,33.2,0.18411843815193607,49,open,-1,,29,0.09385615915636777,0.08674234347257911,False,
17148,163,1008408.6470263443,0.11676476547219508,0.6074026494083294,33.2,0.29702966599955705,86,open,-1,,30,0.249843140983755,0.05557595054373335,False,
17884,163,701712.3443410179,0.10685900617815283,0.36177186310149345,33.2,0.642382967551844,150,open,-1,,30,0.14106728406359945,0.08758340507223178,False,
19771,163,1993935.410339107,0.119340854836327,0.819469410473496,33.2,0.07189558523441941,25,open,-1,,19,0.25610723433184157,0.08276764940522333,False,
21102,163,1288045.1826778355,0.10424367453398137,0.6645305025980126,33.2,0.21904307882510232,61,open,-1,,11,0.05627810502162713,0.08797606573464581,True,
22138,163,1122837.0803308743,0.10838835926604927,0.7655493002468098,33.2,0.2032056892341243,55,open,-1,,18,0.2631007272354028,0.06056535705972723,False,
22342,163,752066.9100260236,0.11347470389957469,0.6013883413513857,33.2,0.16873943627330834,45,cured,167,,10,0.275342582131648,0.061757970254422735,True,
22880,163,560099.4520051483,0.10538952735031919,0.6254945994540928,33.2,0.07626262053181043,26,open,-1,,22,0.21725656007898225,0.08822427207898426,False,
23132,163,3806105.708793551,0.12282678308948318,0.7440927377055933,33.2,0.1299085257084367,37,open,-1,,30,0.2557802136613896,0.04722249187653053,False,
24780,163,970829.5953571654,0.12265617899201782,0.5906883390136061,33.2,0.18411843815193607,49,cured,166,,9,0.13044061025764045,0.08704569251326924,True,
25061,163,1191894.2717836688,0.10995285852641079,0.6080245207676218,33.2,0.21154101511782808,58,open,-1,,26,0.25715559443671654,0.043202737727262755,False,
26205,163,1190906.0558636417,0.10980221647296629,0.6487421713539521,33.2,0.2453972146942558,71,open,-1,,23,0.1134243840649206,0.07799854333172448,False,
27977,163,1889244.534080171,0.11110266060939038,0.712313142630656,33.2,0.21663616912043393,60,open,-1,,13,0.3927969530944403,0.048315343865506094,True,
29030,163,1000460.369624636,0.12523051187028134,0.8118331475672564,33.2,0.21413524929743666,59,cured,166,,11,0.038425129513978896,0.051639256185102844,True,
168,164,1822530.302578323,0.11392125726201097,0.7896431442613248,33.2,0.1574939635075241,43,open,-1,,13,0.03493698419786015,0.06521333105080512,True,
958,164,2257572.6565705757,0.12504764145885786,0.7536003140779518,33.2,0.031227601800364546,14,cured,167,,22,0.15679795382947287,0.08181510655481267,False,
1576,164,1918872.8225194705,0.10925305265516581,0.7092795373280736,33.2,0.1319594260148116,38,open,-1,,14,0.07891736883877377,0.06766651577092528,True,
3553,164,1099940.577693811,0.11507879264821229,0.5350076810481098,33.2,0.22595955836185944,64,open,-1,,28,0.3253887118037327,0.07584324850791349,False,
3963,164,890962.8992543156,0.10983304803198705,0.6908696803641938,33.2,0.19299271689421382,52,open,-1,,22,0.38834849173366165,0.07506116804340357,False,
5195,164,537882.2205481629,0.1157585300881995,0.5836197930379733,33.2,0.3817559486187503,105,open,-1,,25,0.28902767153082914,0.045604731449176886,False,
5969,164,568037.9346471544,0.10804306210383478,0.4060380793133829,33.2,0.4741591163202723,122,open,-1,,22,0.269683511110618,0.04996237189531366,False,
6093,164,1086960.0272746985,0.10860499689074259,0.713186725885688,33.2,0.13737983338285864,39,open,-1,,11,0.0677956138291067,0.07436102443530593,True,
6666,164,869694.5415317264,0.11798087470755766,0.7711513026630435,33.2,0.020621868913608177,10,open,-1,,24,0.2241530424297641,0.04077085916272765,False,
10601,164,1540267.3917474311,0.11978766822683755,0.5331828875629275,33.2,0.3928718677081746,107,open,-1,,14,0.016385989810460272,0.08018266859854672,True,
10970,164,1465173.5050939294,0.10342107444177294,0.6705276828777261,33.2,0.1862677350306965,50,open,-1,,10,0.013209100488183212,0.07669004196107831,True,
11440,164,718338.8951886877,0.1048678594672321,0.37377538723268183,33.2,0.6136410027852841,146,open,-1,,30,0.34218572353768445,0.0814531796844497,False,
11811,164,1310822.4189396482,0.11302531556818698,0.5897330839926903,33.2,0.20538963143876865,56,open,-1,,22,0.25818104294909633,0.052360687088106816,False,
12097,164,944016.9536822116,0.12584406707580972,0.5096333728309096,33.2,0.3710919635052017,103,open,-1,,10,0.0087285094622634,0.08245965902272068,True,
12104,164,740721.6596448662,0.10783990994562423,0.43124364945301835,33.2,0.4044486806793668,109,open,-1,,24,0.1791432920289378,0.07311917173025068,False,
15651,164,914540.1527301299,0.11457767467371306,0.5770514600757228,33.2,0.1426461812598543,40,open,-1,,18,0.17182520715469274,0.05901697173803552,False,
16998,164,1209503.3088982084,0.11176292528121885,0.6205368061290042,33.2,0.2212557675224276,62,open,-1,,23,0.2437735585429841,0.05074236600381096,False,
18143,164,1977296.0406452415,0.12166239179534108,0.7076700465596385,33.2,0.20538963143876865,56,open,-1,,29,0.2715856016615395,0.08553151512845658,False,
18772,164,663266.8641325865,0.12012085888184228,0.7583366656104061,33.2,0.22841822992436467,65,open,-1,,27,0.16270819402875775,0.07451891369665761,False,
19004,164,756301.7705843002,0.10510193348111992,0.6294758387537649,33.2,0.23355095844688023,67,open,-1,,20,0.3808988037694839,0.07653815020618177,False,
21608,164,1908721.6510207597,0.10823075783943506,0.7843926858875956,33.2,0.1749759180159629,47,open,-1,,27,0.158691920353052,0.08555097270838931,False,
22404,164,939315.1668446128,0.11680703774520348,0.46513732833051746,33.2,0.4601852619602169,119,open,-1,,27,0.24124159099803402,0.040018450399151605,False,
23020,164,1157390.0153760486,0.12247236559857422,0.7876818579999073,33.2,0.20242412915554353,55,open,-1,,19,0.12405506842712465,0.06847280792378879,False,
23112,164,1355717.427718019,0.11468679756342107,0.819448649701841,33.2,0.17086081868028002,46,open,-1,,22,0.3582783720701481,0.06338390876977432,False,
24499,164,1188942.8712071022,0.10909009505809708,0.7096083799735936,33.2,0.20538963143876865,56,open,-1,,26,0.14938035262626137,0.04096256882493653,False,
25132,164,402511.575361174,0.11162001162456872,0.38167821028360344,33.2,0.658150291061381,153,open,-1,,14,0.13316628555482635,0.051275911459553854,True,
25291,164,1357345.5962799725,0.10848633855972692,0.657223327608057,33.2,0.18967338955167845,51,open,-1,,27,0.20635325798718313,0.07909812985921061,False,
26157,164,322224.91856883874,0.12621825858166827,0.43817198608846636,33.2,0.5883036118067404,142,open,-1,,11,0.032123959214513206,0.05841708182255945,True,
26587,164,2846801.6944798073,0.12205439518953756,0.7730057809813724,33.2,0.09183781734528429,30,open,-1,,25,0.26378275196894996,0.05308598287716029,False,
27082,164,1224953.877712183,0.1171949857347505,0.8213835829826784,33.2,0.1789168987495604,48,open,-1,,12,0.07046352352984168,0.07828041711651904,True,
27426,164,955194.7857566845,0.12566013268522844,0.5630470275547238,33.2,0.18967338955167845,51,open,-1,,15,0.19594950068557854,0.07888462162161766,True,
27889,164,1307346.2840600722,0.11399129808905613,0.6078567215804922,33.2,0.2137400867971333,59,open,-1,,27,0.16448984369204103,0.04861614238868975,False,
3672,165,978535.6047035694,0.1224160057971498,0.5971602639184885,33.2,0.2499223661129082,73,open,-1,,27,0.2434285372833781,0.06360743426903778,False,
5107,165,774295.6454812337,0.11709356003986633,0.8065401918913908,33.2,0.03898393251704024,17,cured,166,,9,0.20448897836552235,0.060596029633433364,True,
5390,165,939304.3902837579,0.11894914247940437,0.5174046340970775,33.2,0.39540007355424756,108,open,-1,,29,0.3053866732793245,0.08179087464143626,False,
5404,165,431506.96153242624,0.10441146980310227,0.43744804312140223,33.2,0.45275224160845706,118,open,-1,,21,0.24490548065284712,0.08209059062811452,False,
5732,165,905856.5350997709,0.10358457268459359,0.447359116713022,33.2,0.238469662407792,69,open,-1,,12,0.13180222138289482,0.06924951582073573,True,
5986,165,390765.6057864762,0.12873418452301308,0.4927434734546731,33.2,0.3441366994375803,98,open,-1,,25,0.4162224359038687,0.05398452523741258,False,
6096,165,1220634.3219755779,0.11566028062692103,0.7208468777426313,33.2,0.19839611871988372,54,open,-1,,25,0.2473487472425487,0.05253286501490741,False,
6591,165,1043251.7899917545,0.10656200924263079,0.681444232707162,33.2,0.27260372729026083,80,open,-1,,22,0.12495469321201151,0.05206774011825017,False,
6978,165,1037796.9954665068,0.10927548086181998,0.5643274306892844,33.2,0.1918327692391515,52,open,-1,,19,0.3447107259684249,0.04444143406184606,False,
7321,165,1539043.4707742098,0.11815512339914906,0.6277710339384888,33.2,0.1918327692391515,52,open,-1,,21,0.2585300657474651,0.04950873219669541,False,
7685,165,988011.440929502,0.11093026255285458,0.671129550603264,33.2,0.13944429488188748,40,open,-1,,18,0.1905303691794843,0.04321984492188736,False,
7822,165,2179796.0196757056,0.1196973727231637,0.7641321456251913,33.2,0.14472020172248845,41,open,-1,,29,0.17766547161818805,0.051721356506534956,False,
8039,165,1098270.314564625,0.1099297037068421,0.742699649203955,33.2,0.13401404891639745,39,open,-1,,20,0.35417459136190543,0.05526040900290316,False,
9682,165,2550625.2777054263,0.10898405411447593,0.7089996042604023,33.2,0.18105675429876977,49,open,-1,,22,0.205719439384687,0.050201732737384895,False,
9868,165,1145233.0299623648,0.12028631937849163,0.5792555188328001,33.2,0.3136727310087699,91,open,-1,,29,0.19015741109722853,0.060003023723016434,False,
10004,165,976566.0957792806,0.10547772818486813,0.7708733191487853,33.2,0.11320812104501998,35,open,-1,,12,0.12286780070818965,0.05535032704009944,True,
10153,165,1188287.0523313805,0.11856374338059944,0.6829153403048429,33.2,0.233182868739096,67,open,-1,,23,0.14249068781095114,0.04679964658497536,False,
10156,165,1577428.2895267443,0.10752261156501977,0.8926713776206117,33.2,0.04871652182505137,20,open,-1,,24,0.27174419745635364,0.06341498558822373,False,
10387,165,3131434.406167307,0.10706798503796704,0.8515692950053448,33.2,0.06741696025538269,25,open,-1,,24,0.3796338172705732,0.05290934941545494,False,
10655,165,839385.5614677729,0.1120721866609963,0.5612294944654437,33.2,0.330621991039445,95,open,-1,,14,0.04626015655153798,0.05638818465324963,True,
11041,165,594813.016594834,0.11123359672873238,0.7016131780384309,33.2,0.04535035741582738,19,open,-1,,18,0.2633507473792036,0.08990817270526487,False,
12175,165,860601.6853700327,0.10929161037760203,0.8206237505177778,33.2,0.04871652182505137,20,open,-1,,27,0.3747295088512014,0.0785031597643525,False,
13317,165,234618.73275332965,0.12092156087814357,0.4582528952314827,33.2,0.5657041926719244,139,cured,166,,24,0.31434665684450797,0.04304451856234972,False,
13460,165,1936467.8712880723,0.12989285302710957,0.6788188246305665,33.2,0.17298605161473213,47,open,-1,,30,0.3436359171610321,0.07734517582845027,False,
13737,165,1657856.750439086,0.11462995507342165,0.7874474945149929,33.2,0.14983904580884788,42,open,-1,,29,0.13674878032201337,0.08031465766724491,False,
15042,165,748302.931106307,0.129027914921507,0.5883182216399405,33.2,0.3735806365827483,104,open,-1,,20,0.25415712408963653,0.08379687923132884,False,
16173,165,452724.22775857174,0.10769316108012185,0.7181113489316752,33.2,0.05955859935701602,23,open,-1,,28,0.07383796722868619,0.04473773751849975,False,
17344,165,748826.9301396449,0.10995468410139013,0.6644594726141939,33.2,0.16422682087282903,45,open,-1,,29,0.2892920020583922,0.06829990249424217,False,
17437,165,979065.0926204869,0.11453952296963006,0.7742760687232509,33.2,0.10823046809936554,34,open,-1,,29,0.30835697449461086,0.04462441307686365,False,
17987,165,454542.66133023635,0.10933427552205359,0.33613318711437257,33.2,0.6292403774236626,149,open,-1,,15,0.10260670559389941,0.047262672371877944,True,
19893,165,507679.81551348383,0.12221832353677357,0.3504794171133568,33.2,0.5848245252464308,142,open,-1,,13,0.08328090822601454,0.046753182555296695,True,
20113,165,579102.0892910814,0.11664796120333971,0.7605591519742948,33.2,0.08463851757683849,29,open,-1,,18,0.17640242162346143,0.06957437657746682,False,
20559,165,4186589.2893059505,0.10670499170176315,0.8251058594910151,33.2,0.11320812104501998,35,open,-1,,22,0.2230967051940788,0.04422486822691285,False,
21009,165,3008057.803069198,0.11334260580131066,0.7388313244722601,33.2,0.28313043197918586,83,open,-1,,27,0.2124658073215046,0.046186540080205056,False,
21485,165,571639.5500289088,0.11683907463639584,0.7802220099070554,33.2,0.13944429488188748,40,open,-1,,25,0.4134806746413947,0.07387963503686937,False,
21877,165,2475472.0631530397,0.11233144771676748,0.6440562361728366,33.2,0.21324655510977464,59,open,-1,,26,0.1734956980215562,0.07081938913537564,False,
21899,165,851464.445661195,0.11937919844526493,0.8242081824212159,33.2,0.05955859935701602,23,open,-1,,25,0.14005432835895332,0.04979991516059306,False,
24143,165,1435711.362379219,0.10588853992114901,0.6391250757710254,33.2,0.18105675429876977,49,open,-1,,12,0.4919397932944609,0.04770569245949491,True,
25766,165,4165144.756120645,0.10913274212417544,0.7262090689658387,33.2,0.0985371243762514,32,cured,166,,23,0.26308469112935184,0.0418520249976851,False,
27574,165,686479.4147872998,0.1106180697239228,0.3333400081455829,33.2,0.6038917492965812,145,open,-1,,28,0.272493439144887,0.07115147036567096,False,
28416,165,1339280.700703323,0.11082301462545846,0.3927836338274106,33.2,0.4857150991333721,125,open,-1,,21,0.2701753506537249,0.07055931374087877,False,
817,166,2187266.3253118237,0.10711944808246425,0.638359183487729,31.9,0.2232731611051586,63,open,-1,,22,0.12147475706986893,0.08426666730311773,False,
1649,166,1578316.6906215437,0.09762782718862328,0.8448648944639735,31.9,0.03497456782066832,16,open,-1,,12,0.20101120066542685,0.08671969748069222,True,
2860,166,997805.6613479964,0.11106487054827147,0.5528759614320026,31.9,0.15689423723168883,44,open,-1,,23,0.39268579268574466,0.07281311644859155,False,
3100,166,713039.6801682499,0.11828934075352102,0.9164395581090197,31.9,0.08213384692407888,29,open,-1,,30,0.12133487631960707,0.0663561530548165,False,
3213,166,947151.3057440275,0.10561277949062928,0.7026099900122729,31.9,0.2232731611051586,63,open,-1,,24,0.24008200991674641,0.07251935268820812,False,
3367,166,1791019.4454001477,0.10474735732790448,0.5570349829073183,31.9,0.12030412163767079,37,open,-1,,24,0.37099038616197677,0.044449608062946545,False,
4151,166,560969.3003026502,0.11621452180786808,0.7049440334105116,31.9,0.161699718417883,45,open,-1,,24,0.24583114244253565,0.041116350350675485,False,
4369,166,1592128.238966122,0.12195560456964606,0.6968070711901004,31.9,0.2715030872246933,80,open,-1,,10,0.008138011364699601,0.045336688216269676,True,
4690,166,2202719.8713182122,0.09867198555550671,0.5667853386097045,31.9,0.2232731611051586,63,open,-1,,23,0.16124107545726932,0.07001983844939144,False,
4875,166,1790049.3457504918,0.11032130285950728,0.812086061723347,31.9,0.14151250359108825,41,open,-1,,11,0.03396776551623238,0.04860245826895965,True,
5765,166,907335.3385970406,0.1077925175166273,0.3787925819191168,31.9,0.4795154742258694,124,open,-1,,15,0.14576891133300912,0.0898734742426518,True,
5909,166,1084428.9573073508,0.12107294481779729,0.5557979892143272,31.9,0.2232731611051586,63,open,-1,,23,0.10232564150578903,0.05206750280191052,False,
8224,166,875613.9320304045,0.10921706351297819,0.7341810768696286,31.9,0.07348360887066518,27,open,-1,,30,0.16275995535892968,0.08173970365685881,False,
9345,166,680469.1744444013,0.10310158653620588,0.44775486994930297,31.9,0.42164261366567035,113,open,-1,,25,0.2665244582626734,0.07616970188347394,False,
10225,166,293876.7363762812,0.11076494291262949,0.49433571547776667,31.9,0.24630644248904376,72,open,-1,,27,0.1963833043741479,0.08492120419984879,False,
10425,166,2317899.838608853,0.10790606638728434,0.6917463245867777,31.9,0.20057133105886504,55,open,-1,,21,0.17511337546534467,0.04588162974983336,False,
10935,166,2881347.9690384497,0.11325496497595776,0.3843854688844203,31.9,0.4654908458588263,121,open,-1,,21,0.263654673383804,0.07240623707700791,False,
11578,166,1447790.782728653,0.10567181751962898,0.5461927678730871,31.9,0.23288168819314303,67,open,-1,,27,0.16041039039880006,0.06549492905936466,False,
13173,166,1919718.5508702397,0.11569798065037867,0.6786947677408923,31.9,0.21815021202532714,61,open,-1,,23,0.3191372098245129,0.06929021725313042,False,
13335,166,380309.5951894734,0.11371784471299998,0.5441028017850499,31.9,0.39793286835422803,109,open,-1,,22,0.17727895028929333,0.06346396947397026,False,
13454,166,782921.1234309562,0.10468280610506529,0.6653030145111132,31.9,0.2232731611051586,63,open,-1,,27,0.2552856524332011,0.041831655227267825,False,
15534,166,592280.6512057544,0.1061629765450206,0.6041989133180554,31.9,0.2583751914861032,76,open,-1,,27,0.1631207934187252,0.06733897640444453,False,
15879,166,653382.4292750644,0.09881073877660562,0.3785142855604333,31.9,0.5621505941593457,139,open,-1,,13,0.051213851817782347,0.06762063166844683,True,
16486,166,743642.6414412012,0.09972802931917828,0.7426945991357834,31.9,0.20057133105886504,55,open,-1,,23,0.20856656053758643,0.055507722356512065,False,
17990,166,1133400.0480036621,0.10049671982928209,0.716377546007303,31.9,0.0777429885816383,28,open,-1,,30,0.13279405111147102,0.08509989635979602,False,
18457,166,245468.95443338662,0.1160274922041607,0.46247693639340937,31.9,0.5429364921897717,136,open,-1,,22,0.2580205379977221,0.06417523773143616,False,
21620,166,657125.0317268127,0.10132713594253849,0.6814469624037065,31.9,0.18320049390611426,50,open,-1,,27,0.30217424300830814,0.08598808208640552,False,
23216,166,901756.7128910541,0.12234539895139708,0.8418904554116741,31.9,0.14679798674579736,42,open,-1,,29,0.3518908034430556,0.05070010158410812,False,
23426,166,678685.9135249027,0.11245513246902894,0.5842580213520662,31.9,0.2681443117653448,79,open,-1,,22,0.14587840354011067,0.07286813740829995,False,
23784,166,774947.4375161804,0.10701667794901554,0.70728017174869,31.9,0.13072497935938188,39,open,-1,,15,0.02050129694267102,0.06948710265244139,True,
24617,166,1689641.1992804294,0.11971635908299814,0.6365099764652434,31.9,0.215448722519763,60,open,-1,,21,0.33340346669889404,0.051860336163623046,False,
27518,166,2787423.6219005156,0.12557042120692197,0.5292495400891651,31.9,0.02685657385129958,13,open,-1,,28,0.0885080820875029,0.0899592451656252,False,
29668,166,2666000.4751239903,0.11648137905679119,0.6469167644198548,31.9,0.18320049390611426,50,open,-1,,10,0.24532349241155624,0.08650349884493949,True,
499,167,404978.74768619746,0.11330151345697671,0.9723098937692656,31.9,0.049148638475907,21,open,-1,,22,0.19293870490196036,0.068186832757563,False,
1650,167,1893107.416005772,0.13034624551545262,0.9158072560714248,31.9,0.09779400953014994,33,open,-1,,20,0.15426001348912932,0.06970902984074855,False,
2812,167,1603913.9892440522,0.12955726746485696,0.8800564295301276,31.9,0.026189563952883077,13,open,-1,,12,0.27768179836500867,0.07344406507022297,True,
5862,167,469391.426984885,0.10729773204794459,0.403179422864588,31.9,0.2203612800774839,62,open,-1,,19,0.1258115546006873,0.06643592213238578,False,
7853,167,224242.8273866278,0.11175771701158208,0.7485847856367379,31.9,0.24296964256165676,71,open,-1,,18,0.27872251376086604,0.07212570598005019,False,
8060,167,1576747.9962911594,0.1045825820778748,0.9235530296671649,31.9,0.039746094300400436,18,open,-1,,30,0.1922384720753232,0.07554699767298445,False,
8626,167,1628033.684596754,0.11529205979912528,0.756707489732288,31.9,0.036853153219343016,17,open,-1,,29,0.16961970024144946,0.06505967870171352,False,
9221,167,1502791.3339379916,0.13013851250350006,0.6246654819006695,31.9,0.14887954316284668,43,open,-1,,24,0.2266899971741546,0.0651102560793661,False,
9276,167,3617340.125903928,0.10676153406090275,0.741171929658706,31.9,0.039746094300400436,18,open,-1,,29,0.15041030452519605,0.07286790099711132,False,
9781,167,774993.4692961636,0.11282058751209634,0.8696690848627177,31.9,0.12233758896181479,38,open,-1,,26,0.2951149711523771,0.053828635412621256,False,
10497,167,580192.1543608609,0.11112253305672905,0.4601334587586254,31.9,0.3948246280963308,109,open,-1,,23,0.33706111428679836,0.0780838189311177,False,
12680,167,1969927.4883563872,0.11784505912004029,0.8165308651176724,31.9,0.07129542032820302,27,open,-1,,23,0.25463175277907535,0.06313623818912412,False,
17420,167,1846450.0916533088,0.12470169978681456,0.8494580666844533,31.9,0.14887954316284668,43,open,-1,,23,0.2894133105794791,0.051594896497172915,False,
18816,167,1469250.2982095731,0.1073281988366983,0.585929172646458,31.9,0.21196527132633936,59,open,-1,,19,0.4404763214898555,0.0469108120773407,False,
19005,167,737191.1912319731,0.12388668010198797,0.7439229258458163,31.9,0.1853481246215598,51,open,-1,,27,0.1792229844765634,0.04149485770616395,False,
19148,167,461568.70344603906,0.1089971088626683,0.469765697689228,31.9,0.4302050772385744,115,open,-1,,28,0.2412454757484959,0.0447788768922244,False,
19676,167,784058.2554530987,0.11258715705865308,0.7113363443639595,31.9,0.18138564505519295,50,open,-1,,18,0.2473588739135672,0.05527456923098674,False,
21249,167,1108316.2936332808,0.10600779048070204,0.3098013166078726,31.9,0.5275434351736834,134,open,-1,,28,0.2704745581219684,0.06417186877567241,False,
23739,167,1127868.3315575966,0.13090459064880414,0.7661956887163629,31.9,0.17293777427614088,48,open,-1,,24,0.19439036238002252,0.08946294706641199,False,
23775,167,679335.8626991704,0.10781502091410008,0.8929568039609624,31.9,0.09779400953014994,33,open,-1,,19,0.24797490338134356,0.05972872364467954,False,
24372,167,1160086.4298116958,0.11698430620320883,0.7215777100545324,31.9,0.18913331315506077,52,open,-1,,19,0.34072808196564824,0.0780255630461072,False,
24396,167,615960.6233897514,0.10611083133164316,0.5410821475303077,31.9,0.35845646872567105,102,open,-1,,20,0.4022135303053316,0.0833532455067267,False,
24897,167,2044217.2819017535,0.11641318665002898,0.6792748941586908,31.9,0.2203612800774839,62,open,-1,,30,0.19449431541922854,0.07674451743072105,False,
27279,167,2408131.3195308605,0.10196125026320234,0.7416423204245955,31.9,0.16380832301215764,46,open,-1,,26,0.25956189770721344,0.08748824286096776,False,
27591,167,1178698.4722299064,0.11183109895364096,0.6038312722424661,31.9,0.34902062082471463,100,open,-1,,9,0.03785290292079475,0.05702382640990321,True,
27689,167,1945132.3474847875,0.11501968763477395,0.584540824116566,31.9,0.17293777427614088,48,open,-1,,15,0.13524436570524448,0.07012586583741516,True,
28205,167,699504.6306518926,0.106548512355657,0.5741026971792466,31.9,0.3143809997517475,92,open,-1,,30,0.1443063947560811,0.041768870587667185,False,
28365,167,1734804.7860763033,0.1276037062642826,0.7423161283867192,31.9,0.22549352783733978,64,open,-1,,11,0.0029080382251695544,0.07780028911433345,True,
28682,167,1052040.8341875933,0.11595884524688922,0.3823562936081603,31.9,0.5218292521600483,133,open,-1,,19,0.19351728673535615,0.07378604965834631,False,
